row_id,testament,book,chapter,verse,reference,term_id,occurrence_index,start,end,matched,before,after,verse_text,suggestion,risk,term_note,reviewer,decision,replacement,notes
200ca83beed3121d3688,OT,GEN,1,28,GEN 1:28,dijoles,1,22,29,díjoles,Y los bendijo Dios; y,"Dios: Fructifiquen y multipliquen, y hinchan la tierra, y sojúzguenla","Y los bendijo Dios; y díjoles Dios: Fructifiquen y multipliquen, y hinchan la tierra, y sojúzguenla, y señoreen en los peces de la mar, y en las aves de los cielos, y en todas las bestias que se mueven sobre la tierra.",les dijo,low,Forma enclitica arcaica.,Codex-assisted,replace,les dijo,Modernización de forma enclítica arcaica.
5b39fbeb031940666156,OT,GEN,2,5,GEN 2:5,fuese,1,34,39,fuese,Y toda planta del campo antes que,"en la tierra, y toda hierba del campo antes que naciese: porque aun n","Y toda planta del campo antes que fuese en la tierra, y toda hierba del campo antes que naciese: porque aun no había Jehová Dios hecho llover sobre la tierra, ni había hombre para que labrase la tierra;",se fue,medium,Puede requerir ajustar la frase completa.,,,,
50f6efb3fb9c4df97b38,OT,GEN,9,1,GEN 9:1,dijoles,2,38,45,díjoles,"Y bendijo Dios a Noé y a sus hijos, y",": Fructifiquen, y multipliquen, y hinchan la tierra:","Y bendijo Dios a Noé y a sus hijos, y díjoles: Fructifiquen, y multipliquen, y hinchan la tierra:",les dijo,low,Forma enclitica arcaica.,Codex-assisted,replace,les dijo,Modernización de forma enclítica arcaica.
4fbf08d48ca2c7a18685,OT,GEN,12,4,GEN 12:4,fuese,2,2,7,fuése,Y,"Abram, como Jehová le dijo; y fue con él Lot: y era Abram de edad de","Y fuése Abram, como Jehová le dijo; y fue con él Lot: y era Abram de edad de setenta y cinco años cuando salió de Harán.",se fue,medium,Puede requerir ajustar la frase completa.,,,,
fce881b4da1dc86a8757,OT,GEN,13,11,GEN 13:11,partiose,1,59,67,partióse,Entonces Lot escogió para sí toda la llanura del Jordán: y,"Lot de Oriente, y apartáronse el uno del otro.","Entonces Lot escogió para sí toda la llanura del Jordán: y partióse Lot de Oriente, y apartáronse el uno del otro.",se fue,medium,Puede significar partir/salir; revisar contexto.,,,,
1307a87efb3a31116f12,OT,GEN,18,33,GEN 18:33,fuese,3,2,7,fuése,Y,"Jehová, luego que acabó de hablar a Abraham: y Abraham se volvió a su","Y fuése Jehová, luego que acabó de hablar a Abraham: y Abraham se volvió a su lugar.",se fue,medium,Puede requerir ajustar la frase completa.,,,,
7b0942f78860d20b035f,OT,GEN,21,16,GEN 21:16,fuese,4,2,7,fuése,Y,"y sentóse enfrente, alejándose como un tiro de arco; porque decía: No","Y fuése y sentóse enfrente, alejándose como un tiro de arco; porque decía: No veré cuando el muchacho morirá: y sentóse enfrente, y alzó su voz y lloró.",se fue,medium,Puede requerir ajustar la frase completa.,,,,
4e8ab061f8bfb2a27d7a,OT,GEN,23,5,GEN 23:5,dijeronle,1,46,55,dijéronle,"Y respondieron los hijos de Heth a Abraham, y",:,"Y respondieron los hijos de Heth a Abraham, y dijéronle:",le dijeron,low,Forma enclitica arcaica.,Codex-assisted,replace,le dijeron,Modernización de forma enclítica arcaica.
767b2d1c04da4be573a3,OT,GEN,24,10,GEN 24:10,fuese,5,62,67,fuése,"Y el criado tomó diez camellos de los camellos de su señor, y",", pues tenía a su disposición todos los bienes de su señor: y puesto e","Y el criado tomó diez camellos de los camellos de su señor, y fuése, pues tenía a su disposición todos los bienes de su señor: y puesto en camino, llegó a Mesopotamia, a la ciudad de Nachôr.",se fue,medium,Puede requerir ajustar la frase completa.,,,,
347d172a218d53bd4029,OT,GEN,24,58,GEN 24:58,dijeronle,2,23,32,dijéronle,"Y llamaron a Rebeca, y",": ¿Irás tú con este varón? Y ella respondió: Sí, iré.","Y llamaron a Rebeca, y dijéronle: ¿Irás tú con este varón? Y ella respondió: Sí, iré.",le dijeron,low,Forma enclitica arcaica.,Codex-assisted,replace,le dijeron,Modernización de forma enclítica arcaica.
4f4a6837494f19a1dc93,OT,GEN,24,60,GEN 24:60,dijeronle,3,25,34,dijéronle,"Y bendijeron a Rebeca, y",": Nuestra hermana eres; seas en millares de millares, y tu generación","Y bendijeron a Rebeca, y dijéronle: Nuestra hermana eres; seas en millares de millares, y tu generación posea la puerta de sus enemigos.",le dijeron,low,Forma enclitica arcaica.,Codex-assisted,replace,le dijeron,Modernización de forma enclítica arcaica.
93187832b518df6133a1,OT,GEN,24,61,GEN 24:61,fuese,6,122,127,fuése,"bre los camellos, y siguieron al hombre; y el criado tomó a Rebeca, y",.,"Levantóse entonces Rebeca y sus mozas, y subieron sobre los camellos, y siguieron al hombre; y el criado tomó a Rebeca, y fuése.",se fue,medium,Puede requerir ajustar la frase completa.,,,,
a858755fba5eb29c62c2,OT,GEN,25,34,GEN 25:34,fuese,7,96,101,fuése,"pan y del guisado de las lentejas; y él comió y bebió, y levantóse, y",. Así menospreció Esaú la primogenitura.,"Entonces Jacob dio a Esaú pan y del guisado de las lentejas; y él comió y bebió, y levantóse, y fuése. Así menospreció Esaú la primogenitura.",se fue,medium,Puede requerir ajustar la frase completa.,,,,
3c099eef3d565f494699,OT,GEN,26,1,GEN 26:1,fuese,8,90,95,fuése,"tierra, además de la primera hambre que fue en los días de Abraham: y","Isaac a Abimelech rey de los Filisteos, en Gerar.","Y hubo hambre en la tierra, además de la primera hambre que fue en los días de Abraham: y fuése Isaac a Abimelech rey de los Filisteos, en Gerar.",se fue,medium,Puede requerir ajustar la frase completa.,,,,
da7abff733bbc9ed6804,OT,GEN,26,27,GEN 26:27,dijoles,3,2,9,díjoles,Y,"Isaac: ¿Por qué vienen a mí, pues que me han aborrecido, y me echaron","Y díjoles Isaac: ¿Por qué vienen a mí, pues que me han aborrecido, y me echaron de entre ustedes?",les dijo,low,Forma enclitica arcaica.,Codex-assisted,replace,les dijo,Modernización de forma enclítica arcaica.
98db3f528a703e563c44,OT,GEN,27,5,GEN 27:5,fuese,9,63,68,fuése,"Y Rebeca estaba oyendo, cuando hablaba Isaac a Esaú su hijo: y",Esaú al campo para coger la caza que había de traer.,"Y Rebeca estaba oyendo, cuando hablaba Isaac a Esaú su hijo: y fuése Esaú al campo para coger la caza que había de traer.",se fue,medium,Puede requerir ajustar la frase completa.,,,,
adb0d687c85a939c5622,OT,GEN,28,9,GEN 28:9,fuese,10,2,7,fuése,Y,"Esaú a Ismael, y tomó para sí por mujer a Mahaleth, hija de Ismael, h","Y fuése Esaú a Ismael, y tomó para sí por mujer a Mahaleth, hija de Ismael, hijo de Abraham, hermana de Nabaioth, además de sus otras mujeres.",se fue,medium,Puede requerir ajustar la frase completa.,,,,
aab70cf5eb21c3b835d9,OT,GEN,29,4,GEN 29:4,dijoles,4,2,9,díjoles,Y,"Jacob: Hermanos míos, ¿de dónde son? Y ellos respondieron: De Harán s","Y díjoles Jacob: Hermanos míos, ¿de dónde son? Y ellos respondieron: De Harán somos.",les dijo,low,Forma enclitica arcaica.,Codex-assisted,replace,les dijo,Modernización de forma enclítica arcaica.
659db765e24f9a179ea4,OT,GEN,30,34,GEN 30:34,fuese,11,26,31,fuese,"Y dijo Labán: Mira, ojalá",como tú dices.,"Y dijo Labán: Mira, ojalá fuese como tú dices.",se fue,medium,Puede requerir ajustar la frase completa.,,,,
ca9198cbdb13244bf5cd,OT,GEN,31,5,GEN 31:5,dijoles,5,2,9,díjoles,Y,: Veo que el semblante de su padre no es para conmigo como ayer y ante,Y díjoles: Veo que el semblante de su padre no es para conmigo como ayer y antes de ayer: pero el Dios de mi padre ha sido conmigo.,les dijo,low,Forma enclitica arcaica.,Codex-assisted,replace,les dijo,Modernización de forma enclítica arcaica.
116d94682d8870f6bdce,OT,GEN,31,14,GEN 31:14,dijeronle,4,28,37,dijéronle,"Y respondió Rachêl y Lea, y",: ¿Tenemos ya parte ni heredad en la casa de nuestro padre?,"Y respondió Rachêl y Lea, y dijéronle: ¿Tenemos ya parte ni heredad en la casa de nuestro padre?",le dijeron,low,Forma enclitica arcaica.,Codex-assisted,replace,le dijeron,Modernización de forma enclítica arcaica.
72bae7f14e699db47189,OT,GEN,34,14,GEN 34:14,dijeronles,1,2,12,dijéronles,Y,: No podemos hacer esto de dar nuestra hermana a hombre que tiene prep,Y dijéronles: No podemos hacer esto de dar nuestra hermana a hombre que tiene prepucio; porque entre nosotros es abominación.,les dijeron,low,Forma enclitica arcaica.,Codex-assisted,replace,les dijeron,Modernización de forma enclítica arcaica.
3ea8842322a81a5620c2,OT,GEN,35,13,GEN 35:13,fuese,12,2,7,fuése,Y,"de él Dios, del lugar donde con él había hablado.","Y fuése de él Dios, del lugar donde con él había hablado.",se fue,medium,Puede requerir ajustar la frase completa.,,,,
f8d0e68bf2faa2382810,OT,GEN,36,6,GEN 36:6,fuese,13,185,190,fuése,"ias, y toda su hacienda que había adquirido en la tierra de Canaán, y",a otra tierra de delante de Jacob su hermano:,"Y Esaú tomó sus mujeres, y sus hijos, y sus hijas, y todas las personas de su casa, y sus ganados, y todas sus bestias, y toda su hacienda que había adquirido en la tierra de Canaán, y fuése a otra tierra de delante de Jacob su hermano:",se fue,medium,Puede requerir ajustar la frase completa.,,,,
248e83f46a8ea12a2a5b,OT,GEN,37,22,GEN 37:22,dijoles,6,2,9,díjoles,Y,Rubén: No derramen sangre; échenlo en esta cisterna que está en el de,"Y díjoles Rubén: No derramen sangre; échenlo en esta cisterna que está en el desierto, y no pongan mano en él; por librarlo así de sus manos, para hacerlo volver a su padre.",les dijo,low,Forma enclitica arcaica.,Codex-assisted,replace,les dijo,Modernización de forma enclítica arcaica.
709f2e3d30a687fd1251,OT,GEN,38,1,GEN 38:1,fuese,14,71,76,fuése,"aconteció en aquel tiempo, que Judá descendió de con sus hermanos, y","a un varón Adullamita, que se llamaba Hira.","Y aconteció en aquel tiempo, que Judá descendió de con sus hermanos, y fuése a un varón Adullamita, que se llamaba Hira.",se fue,medium,Puede requerir ajustar la frase completa.,,,,
2918a835d6fc6d0700c3,OT,GEN,38,11,GEN 38:11,fuese,15,160,165,fuése,hijo; porque dijo: Que quizá no muera él también como sus hermanos. Y,"Thamar, y estúvose en casa de su padre.","Y Judá dijo a Thamar su nuera: Estáte viuda en casa de tu padre, hasta que crezca Sela mi hijo; porque dijo: Que quizá no muera él también como sus hermanos. Y fuése Thamar, y estúvose en casa de su padre.",se fue,medium,Puede requerir ajustar la frase completa.,,,,
c224fda4bbc67f43bc39,OT,GEN,38,19,GEN 38:19,fuese,16,15,20,fuése,"Y levantóse, y",": y quitóse el velo de sobre sí, y vistióse las ropas de su viudez.","Y levantóse, y fuése: y quitóse el velo de sobre sí, y vistióse las ropas de su viudez.",se fue,medium,Puede requerir ajustar la frase completa.,,,,
3628dabc78b963d935dd,OT,GEN,42,9,GEN 42:9,dijoles,7,67,74,díjoles,"Entonces se acordó José de los sueños que había tenido de ellos, y",: Espías son; por ver lo descubierto del país han venido.,"Entonces se acordó José de los sueños que había tenido de ellos, y díjoles: Espías son; por ver lo descubierto del país han venido.",les dijo,low,Forma enclitica arcaica.,Codex-assisted,replace,les dijo,Modernización de forma enclítica arcaica.
e0738ff004de782ddddd,OT,GEN,42,18,GEN 42:18,dijoles,8,16,23,díjoles,Y al tercer día,"José: Hagan esto, y vivan: Yo temo a Dios:","Y al tercer día díjoles José: Hagan esto, y vivan: Yo temo a Dios:",les dijo,low,Forma enclitica arcaica.,Codex-assisted,replace,les dijo,Modernización de forma enclítica arcaica.
1980bbcafeb338e200bb,OT,GEN,43,2,GEN 43:2,dijoles,9,72,79,díjoles,"aconteció que como acabaron de comer el trigo que trajeron de Egipto,","su padre: Vuelvan, y compren para nosotros un poco de alimento.","Y aconteció que como acabaron de comer el trigo que trajeron de Egipto, díjoles su padre: Vuelvan, y compren para nosotros un poco de alimento.",les dijo,low,Forma enclitica arcaica.,Codex-assisted,replace,les dijo,Modernización de forma enclítica arcaica.
76257d39e12b3a43912f,OT,GEN,44,6,GEN 44:6,dijoles,10,23,30,díjoles,"Y como él los alcanzó,",estas palabras.,"Y como él los alcanzó, díjoles estas palabras.",les dijo,low,Forma enclitica arcaica.,Codex-assisted,replace,les dijo,Modernización de forma enclítica arcaica.
3d7df30853e0f389d59b,OT,GEN,44,15,GEN 44:15,dijoles,11,2,9,díjoles,Y,José: ¿Qué obra es esta que han hecho? ¿no saben que un hombre como y,Y díjoles José: ¿Qué obra es esta que han hecho? ¿no saben que un hombre como yo sabe adivinar?,les dijo,low,Forma enclitica arcaica.,Codex-assisted,replace,les dijo,Modernización de forma enclítica arcaica.
9728d861a5532858cad8,OT,GEN,46,1,GEN 46:1,partiose,2,2,10,partióse,Y,"Israel con todo lo que tenía, y vino a Beer-seba, y ofreció sacrifici","Y partióse Israel con todo lo que tenía, y vino a Beer-seba, y ofreció sacrificios al Dios de su padre Isaac.",se fue,medium,Puede significar partir/salir; revisar contexto.,,,,
f69394e555e02b4bfc99,OT,GEN,49,29,GEN 49:29,dijoles,12,18,25,díjoles,"Mandóles luego, y",: Yo voy a ser reunido con mi pueblo: sepúltenme con mis padres en la,"Mandóles luego, y díjoles: Yo voy a ser reunido con mi pueblo: sepúltenme con mis padres en la cueva que está en el campo de Ephrón el Hetheo;",les dijo,low,Forma enclitica arcaica.,Codex-assisted,replace,les dijo,Modernización de forma enclítica arcaica.
51e6eb45a47015a644dc,OT,GEN,50,19,GEN 50:19,respondioles,1,2,14,respondióles,Y,José: No teman: ¿estoy yo en lugar de Dios?,Y respondióles José: No teman: ¿estoy yo en lugar de Dios?,les respondió,low,Forma enclitica arcaica.,Codex-assisted,replace,les respondió,Modernización de forma enclítica arcaica.
ceafc3206d50a07a8aaa,OT,EXO,1,15,EXO 1:15,dijoles,13,108,115,díjoles,"s de las Hebreas, una de las cuales se llamaba Siphra, y otra Phúa, y",:,"Y habló el rey de Egipto a las parteras de las Hebreas, una de las cuales se llamaba Siphra, y otra Phúa, y díjoles:",les dijo,low,Forma enclitica arcaica.,Codex-assisted,replace,les dijo,Modernización de forma enclítica arcaica.
7545012b4af0dfc2d866,OT,EXO,1,18,EXO 1:18,dijoles,14,49,56,díjoles,"Y el rey de Egipto hizo llamar a las parteras, y",": Por qué han hecho esto, que han reservado la vida a los niños?","Y el rey de Egipto hizo llamar a las parteras, y díjoles: Por qué han hecho esto, que han reservado la vida a los niños?",les dijo,low,Forma enclitica arcaica.,Codex-assisted,replace,les dijo,Modernización de forma enclítica arcaica.
38d38861003c66fb0eb0,OT,EXO,2,18,EXO 2:18,dijoles,15,37,44,díjoles,"Y volviendo ellas a Ragüel su padre,",él: ¿Por qué han hoy venido tan presto?,"Y volviendo ellas a Ragüel su padre, díjoles él: ¿Por qué han hoy venido tan presto?",les dijo,low,Forma enclitica arcaica.,Codex-assisted,replace,les dijo,Modernización de forma enclítica arcaica.
51ce786462d76fd4c346,OT,EXO,5,21,EXO 5:21,dijeronles,2,0,10,Dijéronles,,": Mire Jehová sobre ustedes, y juzgue; pues han hecho heder nuestro ol","Dijéronles: Mire Jehová sobre ustedes, y juzgue; pues han hecho heder nuestro olor delante de Faraón y de sus siervos, dándoles el cuchillo en las manos para que nos maten.",les dijeron,low,Forma enclitica arcaica.,Codex-assisted,replace,Les dijeron,Modernización de forma enclítica arcaica.
4ea52312dc0711195104,OT,EXO,8,8,EXO 8:8,dijoles,16,44,51,díjoles,"Entonces Faraón llamó a Moisés y a Aarón, y",: Oren a Jehová que quite las ranas de mí y de mi pueblo; y dejaré ir,"Entonces Faraón llamó a Moisés y a Aarón, y díjoles: Oren a Jehová que quite las ranas de mí y de mi pueblo; y dejaré ir al pueblo, para que sacrifique a Jehová.",les dijo,low,Forma enclitica arcaica.,Codex-assisted,replace,les dijo,Modernización de forma enclítica arcaica.
40f001aae9b4762d9a3d,OT,EXO,8,25,EXO 8:25,dijoles,17,44,51,díjoles,"Entonces Faraón llamó a Moisés y a Aarón, y",": Anden, sacrifiquen a su Dios en la tierra.","Entonces Faraón llamó a Moisés y a Aarón, y díjoles: Anden, sacrifiquen a su Dios en la tierra.",les dijo,low,Forma enclitica arcaica.,Codex-assisted,replace,les dijo,Modernización de forma enclítica arcaica.
82d181d802a89e3446b3,OT,EXO,12,21,EXO 12:21,dijoles,18,51,58,díjoles,"Y Moisés convocó a todos los ancianos de Israel, y",": Saquen, y tómense corderos por sus familias, y sacrifiquen la pascua","Y Moisés convocó a todos los ancianos de Israel, y díjoles: Saquen, y tómense corderos por sus familias, y sacrifiquen la pascua.",les dijo,low,Forma enclitica arcaica.,Codex-assisted,replace,les dijo,Modernización de forma enclítica arcaica.
fab740eaf2d246bd6024,OT,EXO,12,31,EXO 12:31,dijoles,19,45,52,díjoles,"E hizo llamar a Moisés y a Aarón de noche, y",": Salgan de en medio de mi pueblo ustedes, y los hijos de Israel; e va","E hizo llamar a Moisés y a Aarón de noche, y díjoles: Salgan de en medio de mi pueblo ustedes, y los hijos de Israel; e vayan, sirvan a Jehová, como han dicho.",les dijo,low,Forma enclitica arcaica.,Codex-assisted,replace,les dijo,Modernización de forma enclítica arcaica.
4d73d37168d5c5e78a74,OT,EXO,16,19,EXO 16:19,dijoles,20,2,9,díjoles,Y,Moisés: Ninguno deje nada de ello para mañana.,Y díjoles Moisés: Ninguno deje nada de ello para mañana.,les dijo,low,Forma enclitica arcaica.,Codex-assisted,replace,les dijo,Modernización de forma enclítica arcaica.
828624e55066344c213b,OT,EXO,18,27,EXO 18:27,fuese,17,33,38,fuése,"Y despidió Moisés a su suegro, y",a su tierra.,"Y despidió Moisés a su suegro, y fuése a su tierra.",se fue,medium,Puede requerir ajustar la frase completa.,,,,
41531106ba462af717cb,OT,EXO,32,1,EXO 32:1,dijeronle,5,94,103,dijéronle,"e Moisés tardaba en descender del monte, allegóse entonces a Aarón, y",": Levántate, haznos dioses que vayan delante de nosotros; porque a est","Pero viendo el pueblo que Moisés tardaba en descender del monte, allegóse entonces a Aarón, y dijéronle: Levántate, haznos dioses que vayan delante de nosotros; porque a este Moisés, aquel varón que nos sacó de la tierra de Egipto, no sabemos qué le haya acontecido.",le dijeron,low,Forma enclitica arcaica.,Codex-assisted,replace,le dijeron,Modernización de forma enclítica arcaica.
7f689b14ef6d3b809658,OT,EXO,35,1,EXO 35:1,dijoles,21,68,75,díjoles,"Y Moisés hizo juntar toda la congregación de los hijos de Israel, y",: Estas son las cosas que Jehová ha mandado que hagan.,"Y Moisés hizo juntar toda la congregación de los hijos de Israel, y díjoles: Estas son las cosas que Jehová ha mandado que hagan.",les dijo,low,Forma enclitica arcaica.,Codex-assisted,replace,les dijo,Modernización de forma enclítica arcaica.
831fe6a08438c90bdd56,OT,EXO,36,18,EXO 36:18,fuese,18,77,82,fuese,"mbién cincuenta corchetes de metal para juntar la tienda, de modo que",una.,"Hizo también cincuenta corchetes de metal para juntar la tienda, de modo que fuese una.",se fue,medium,Puede requerir ajustar la frase completa.,,,,
53f9e0f1d44bd1ee1c0f,OT,LEV,10,4,LEV 10:4,dijoles,22,72,79,díjoles,"llamó Moisés a Misael, y a Elzaphán, hijos de Uzziel, tío de Aarón, y",: Lléguense y saquen a sus hermanos de delante del santuario fuera del,"Y llamó Moisés a Misael, y a Elzaphán, hijos de Uzziel, tío de Aarón, y díjoles: Lléguense y saquen a sus hermanos de delante del santuario fuera del campo.",les dijo,low,Forma enclitica arcaica.,Codex-assisted,replace,les dijo,Modernización de forma enclítica arcaica.
62a44129888025ffa60f,OT,LEV,24,12,LEV 24:12,fuese,19,41,46,fuese,"Y pusiéronlo en la cárcel, hasta que les",declarado por palabra de Jehová.,"Y pusiéronlo en la cárcel, hasta que les fuese declarado por palabra de Jehová.",se fue,medium,Puede requerir ajustar la frase completa.,,,,
b71d83aa430e19366f5d,OT,NUM,9,7,NUM 9:7,dijeronle,6,2,11,dijéronle,Y,aquellos hombres: Nosotros somos inmundos por causa de muerto; ¿por q,Y dijéronle aquellos hombres: Nosotros somos inmundos por causa de muerto; ¿por qué seremos impedidos de ofrecer ofrenda a Jehová a su tiempo entre los hijos de Israel?,le dijeron,low,Forma enclitica arcaica.,Codex-assisted,replace,le dijeron,Modernización de forma enclítica arcaica.
7523faae383cd199d23e,OT,NUM,11,33,NUM 11:33,fuese,20,58,63,fuese,"Aun estaba la carne entre los dientes de ellos, antes que","mascada, cuando el furor de Jehová se encendió en el pueblo, e hirió","Aun estaba la carne entre los dientes de ellos, antes que fuese mascada, cuando el furor de Jehová se encendió en el pueblo, e hirió Jehová al pueblo con una muy grande plaga.",se fue,medium,Puede requerir ajustar la frase completa.,,,,
b0d1a64569b528a877ac,OT,NUM,12,9,NUM 12:9,fuese,21,52,57,fuése,Entonces el furor de Jehová se encendió en ellos; y,.,Entonces el furor de Jehová se encendió en ellos; y fuése.,se fue,medium,Puede requerir ajustar la frase completa.,,,,
30b519fd1a9321d4f8e4,OT,NUM,14,2,NUM 14:2,dijoles,23,71,78,díjoles,quejáronse contra Moisés y contra Aarón todos los hijos de Israel; y,toda la multitud: ¡Ojalá muriéramos en la tierra de Egipto; o en este,Y quejáronse contra Moisés y contra Aarón todos los hijos de Israel; y díjoles toda la multitud: ¡Ojalá muriéramos en la tierra de Egipto; o en este desierto ojalá muriéramos!,les dijo,low,Forma enclitica arcaica.,Codex-assisted,replace,les dijo,Modernización de forma enclítica arcaica.
44751c7bf7d01b648a0b,OT,NUM,20,10,NUM 20:10,dijoles,24,64,71,díjoles,"Y juntaron Moisés y Aarón la congregación delante de la peña, y",": Oigan ahora, rebeldes: ¿les hemos de hacer salir aguas de esta peña?","Y juntaron Moisés y Aarón la congregación delante de la peña, y díjoles: Oigan ahora, rebeldes: ¿les hemos de hacer salir aguas de esta peña?",les dijo,low,Forma enclitica arcaica.,Codex-assisted,replace,les dijo,Modernización de forma enclítica arcaica.
561c81aff62b3838c13f,OT,NUM,22,16,NUM 22:16,dijeronle,7,32,41,dijéronle,"Los cuales vinieron a Balaam, y",": Así dice Balac, hijo de Zippor: Ruégote que no dejes de venir a mí:","Los cuales vinieron a Balaam, y dijéronle: Así dice Balac, hijo de Zippor: Ruégote que no dejes de venir a mí:",le dijeron,low,Forma enclitica arcaica.,Codex-assisted,replace,le dijeron,Modernización de forma enclítica arcaica.
7823955570baf80428a8,OT,NUM,31,15,NUM 31:15,dijoles,25,2,9,díjoles,Y,Moisés: ¿Todas las mujeres han reservado?,Y díjoles Moisés: ¿Todas las mujeres han reservado?,les dijo,low,Forma enclitica arcaica.,Codex-assisted,replace,les dijo,Modernización de forma enclítica arcaica.
4872d68f794e15044459,OT,NUM,32,29,NUM 32:29,dijoles,26,2,9,díjoles,Y,"Moisés: Si los hijos de Gad y los hijos de Rubén, pasan con ustedes e","Y díjoles Moisés: Si los hijos de Gad y los hijos de Rubén, pasan con ustedes el Jordán, armados todos de guerra delante de Jehová, luego que el país sea sojuzgado delante de ustedes, les darán la tierra de Galaad en posesión:",les dijo,low,Forma enclitica arcaica.,Codex-assisted,replace,les dijo,Modernización de forma enclítica arcaica.
a3ad2eb9e3e2b2c80d1e,OT,DEU,5,1,DEU 5:1,dijoles,27,32,39,díjoles,"Y llamó Moisés a todo Israel, y",": Oye, Israel, los estatutos y derechos que yo pronuncio hoy en sus oí","Y llamó Moisés a todo Israel, y díjoles: Oye, Israel, los estatutos y derechos que yo pronuncio hoy en sus oídos: y apréndanlos, y guárdenlos, para ponerlos por obra.",les dijo,low,Forma enclitica arcaica.,Codex-assisted,replace,les dijo,Modernización de forma enclítica arcaica.
3e8badaf6780b6b37915,OT,DEU,5,29,DEU 5:29,fuese,22,142,147,fuese,"s los días todos mis mandamientos, para que a ellos y a sus hijos les",bien para siempre!,"¡Quién diera que tuviesen tal corazón, que me temiesen, y guardasen todos los días todos mis mandamientos, para que a ellos y a sus hijos les fuese bien para siempre!",se fue,medium,Puede requerir ajustar la frase completa.,,,,
5e3dbbbed7fd4d29afb5,OT,DEU,28,67,DEU 28:67,fuese,23,34,39,fuese,Por la mañana dirás: ¡Quién diera,la tarde! y a la tarde dirás: ¡Quién diera fuese la mañana! por el mi,"Por la mañana dirás: ¡Quién diera fuese la tarde! y a la tarde dirás: ¡Quién diera fuese la mañana! por el miedo de tu corazón con que estarás amedrentado, y por lo que verán tus ojos.",se fue,medium,Puede requerir ajustar la frase completa.,,,,
e548f2f297132be18173,OT,DEU,28,67,DEU 28:67,fuese,24,83,88,fuese,dirás: ¡Quién diera fuese la tarde! y a la tarde dirás: ¡Quién diera,"la mañana! por el miedo de tu corazón con que estarás amedrentado, y","Por la mañana dirás: ¡Quién diera fuese la tarde! y a la tarde dirás: ¡Quién diera fuese la mañana! por el miedo de tu corazón con que estarás amedrentado, y por lo que verán tus ojos.",se fue,medium,Puede requerir ajustar la frase completa.,,,,
1103d69e30d81e9e31dc,OT,DEU,29,2,DEU 29:2,dijoles,28,35,42,díjoles,"Moisés pues llamó a todo Israel, y",: Ustedes han visto todo lo que Jehová ha hecho delante de sus ojos en,"Moisés pues llamó a todo Israel, y díjoles: Ustedes han visto todo lo que Jehová ha hecho delante de sus ojos en la tierra de Egipto a Faraón y a todos sus siervos, y a toda su tierra:",les dijo,low,Forma enclitica arcaica.,Codex-assisted,replace,les dijo,Modernización de forma enclítica arcaica.
300c503333aac2702e73,OT,DEU,31,2,DEU 31:2,dijoles,29,2,9,díjoles,Y,: De edad de ciento y veinte años soy hoy día; no puedo más salir ni e,Y díjoles: De edad de ciento y veinte años soy hoy día; no puedo más salir ni entrar: a más de esto Jehová me ha dicho: No pasarás este Jordán.,les dijo,low,Forma enclitica arcaica.,Codex-assisted,replace,les dijo,Modernización de forma enclítica arcaica.
fb66f650ab61863ddd46,OT,DEU,32,46,DEU 32:46,dijoles,30,2,9,díjoles,Y,": Pongan su corazón a todas las palabras que yo les protesto hoy, para","Y díjoles: Pongan su corazón a todas las palabras que yo les protesto hoy, para que las manden a sus hijos, y cuiden de poner por obra todas las palabras de esta ley.",les dijo,low,Forma enclitica arcaica.,Codex-assisted,replace,les dijo,Modernización de forma enclítica arcaica.
b0141fa43f9056c2ed46,OT,JOS,2,8,JOS 2:8,dijoles,31,65,72,díjoles,"Pero antes que ellos durmiesen, ella subió a ellos al terrado, y",:,"Pero antes que ellos durmiesen, ella subió a ellos al terrado, y díjoles:",les dijo,low,Forma enclitica arcaica.,Codex-assisted,replace,les dijo,Modernización de forma enclítica arcaica.
56f1d7fafb5180007ce8,OT,JOS,2,16,JOS 2:16,dijoles,32,2,9,díjoles,Y,": Márchense al monte, porque los que fueron tras ustedes no les encuen","Y díjoles: Márchense al monte, porque los que fueron tras ustedes no les encuentren; y estén escondidos allí tres días, hasta que los que les siguen hayan vuelto; y después se irán su camino.",les dijo,low,Forma enclitica arcaica.,Codex-assisted,replace,les dijo,Modernización de forma enclítica arcaica.
453b91acc01ac4261e76,OT,JOS,4,5,JOS 4:5,dijoles,33,2,9,díjoles,Y,Josué: Pasen delante del arca de Jehová su Dios al medio del Jordán;,"Y díjoles Josué: Pasen delante del arca de Jehová su Dios al medio del Jordán; y cada uno de ustedes tome una piedra sobre su hombro, conforme al número de las tribus de los hijos de Israel;",les dijo,low,Forma enclitica arcaica.,Codex-assisted,replace,les dijo,Modernización de forma enclítica arcaica.
bc596f2203db0a109ba0,OT,JOS,7,3,JOS 7:3,dijeronle,8,21,30,dijéronle,"Y volviendo a Josué,",": No suba todo el pueblo, sino que suban como dos mil o como tres mil","Y volviendo a Josué, dijéronle: No suba todo el pueblo, sino que suban como dos mil o como tres mil hombres, y tomarán a Hai: no fatigues a todo el pueblo allí, porque son pocos.",le dijeron,low,Forma enclitica arcaica.,Codex-assisted,replace,le dijeron,Modernización de forma enclítica arcaica.
1d20a8301be098580765,OT,JOS,9,6,JOS 9:6,dijeronle,9,43,52,dijéronle,"Así vinieron a Josué al campo en Gilgal, y",a él y a los de Israel: Nosotros venimos de tierra muy lejana: hagan,"Así vinieron a Josué al campo en Gilgal, y dijéronle a él y a los de Israel: Nosotros venimos de tierra muy lejana: hagan pues ahora con nosotros alianza.",le dijeron,low,Forma enclitica arcaica.,Codex-assisted,replace,le dijeron,Modernización de forma enclítica arcaica.
58b518b46d4a129d0ed6,OT,JOS,11,20,JOS 11:20,fuese,25,135,140,fuese,"a que resistiesen con guerra a Israel, para destruirlos, y que no les","hecha misericordia, antes fuesen desarraigados, como Jehová lo había","Porque esto vino de Jehová, que endurecía el corazón de ellos para que resistiesen con guerra a Israel, para destruirlos, y que no les fuese hecha misericordia, antes fuesen desarraigados, como Jehová lo había mandado a Moisés.",se fue,medium,Puede requerir ajustar la frase completa.,,,,
937a8ccc97003eabc167,OT,JOS,22,2,JOS 22:2,dijoles,34,2,9,díjoles,Y,": Ustedes han guardado todo lo que Moisés siervo de Jehová les mandó,","Y díjoles: Ustedes han guardado todo lo que Moisés siervo de Jehová les mandó, y han obedecido a mi voz en todo lo que les he mandado.",les dijo,low,Forma enclitica arcaica.,Codex-assisted,replace,les dijo,Modernización de forma enclítica arcaica.
b6ff3982b94cb0204442,OT,JOS,22,28,JOS 22:28,fuese,26,249,254,fuese,"ron nuestros padres, no para holocaustos o sacrificios, sino para que",testimonio entre nosotros y ustedes.,"Nosotros, pues, dijimos: Si acontece que tal digan a nosotros, o a nuestras generaciones en lo por venir, entonces responderemos: Miren el símil del altar de Jehová, el cual hicieron nuestros padres, no para holocaustos o sacrificios, sino para que fuese testimonio entre nosotros y ustedes.",se fue,medium,Puede requerir ajustar la frase completa.,,,,
1e9dc3775b9a1b3780c0,OT,JOS,23,2,JOS 23:2,dijoles,35,88,95,díjoles,"l, a sus ancianos, a sus príncipes, a sus jueces y a sus oficiales, y",: Yo soy ya viejo y entrado en días:,"Llamó a todo Israel, a sus ancianos, a sus príncipes, a sus jueces y a sus oficiales, y díjoles: Yo soy ya viejo y entrado en días:",les dijo,low,Forma enclitica arcaica.,Codex-assisted,replace,les dijo,Modernización de forma enclítica arcaica.
92df1880131fe086ba05,OT,JDG,1,24,JDG 1:24,dijeronle,10,62,71,dijéronle,"Y los que espiaban vieron un hombre que salía de la ciudad, y",": Muéstranos ahora la entrada de la ciudad, y haremos contigo miserico","Y los que espiaban vieron un hombre que salía de la ciudad, y dijéronle: Muéstranos ahora la entrada de la ciudad, y haremos contigo misericordia.",le dijeron,low,Forma enclitica arcaica.,Codex-assisted,replace,le dijeron,Modernización de forma enclítica arcaica.
6447bc5520a886200546,OT,JDG,1,26,JDG 1:26,fuese,27,2,7,fuese,Y,"el hombre a la tierra de los Hetheos, y edificó una ciudad, a la cual","Y fuese el hombre a la tierra de los Hetheos, y edificó una ciudad, a la cual llamó Luz: y este es su nombre hasta hoy.",se fue,medium,Puede requerir ajustar la frase completa.,,,,
db44d3cd53629e125cdb,OT,JDG,3,2,JDG 3:2,fuese,28,101,106,fuese,"los hijos de Israel conociese, para enseñarlos en la guerra, siquiera",a los que antes no la habían conocido:,"Para que al menos el linaje de los hijos de Israel conociese, para enseñarlos en la guerra, siquiera fuese a los que antes no la habían conocido:",se fue,medium,Puede requerir ajustar la frase completa.,,,,
757a4725ad4c1830c9ac,OT,JDG,6,29,JDG 6:29,dijeronles,3,73,83,dijéronles,"ecíanse unos a otros: ¿Quién ha hecho esto? Y buscando e inquiriendo,",: Gedeón hijo de Joas lo ha hecho. Entonces los hombres de la ciudad d,"Y decíanse unos a otros: ¿Quién ha hecho esto? Y buscando e inquiriendo, dijéronles: Gedeón hijo de Joas lo ha hecho. Entonces los hombres de la ciudad dijeron a Joas:",les dijeron,low,Forma enclitica arcaica.,Codex-assisted,replace,les dijeron,Modernización de forma enclítica arcaica.
7d08562f1c1f64481292,OT,JDG,7,17,JDG 7:17,dijoles,36,2,9,díjoles,Y,": Mírenme a mí, y hagan como yo haga; he aquí que cuando yo llegue al","Y díjoles: Mírenme a mí, y hagan como yo haga; he aquí que cuando yo llegue al principio del campo, como yo haga, así harán ustedes.",les dijo,low,Forma enclitica arcaica.,Codex-assisted,replace,les dijo,Modernización de forma enclítica arcaica.
d0271be8ec9b9f7d56a4,OT,JDG,8,24,JDG 8:24,dijoles,37,2,9,díjoles,Y,"Gedeón: Deseo hacerles una petición, que cada uno me dé los zarcillos","Y díjoles Gedeón: Deseo hacerles una petición, que cada uno me dé los zarcillos de su despojo. (Porque traían zarcillos de oro, que eran Ismaelitas.)",les dijo,low,Forma enclitica arcaica.,Codex-assisted,replace,les dijo,Modernización de forma enclítica arcaica.
308cad22903b9ef23497,OT,JDG,9,1,JDG 9:1,fuese,29,2,7,fuése,Y,"Abimelech hijo de Jerobaal a Sichêm, a los hermanos de su madre, y ha","Y fuése Abimelech hijo de Jerobaal a Sichêm, a los hermanos de su madre, y habló con ellos, y con toda la familia de la casa del padre de su madre, diciendo:",se fue,medium,Puede requerir ajustar la frase completa.,,,,
8a95e4ec150fc7839ed5,OT,JDG,9,7,JDG 9:7,dijoles,38,105,112,díjoles,"y púsose en la cumbre del monte de Gerizim, y alzando su voz clamó, y",": Óiganme, varones de Sichêm; que Dios les oiga.","Y como se lo dijesen a Jotham, fue y púsose en la cumbre del monte de Gerizim, y alzando su voz clamó, y díjoles: Óiganme, varones de Sichêm; que Dios les oiga.",les dijo,low,Forma enclitica arcaica.,Codex-assisted,replace,les dijo,Modernización de forma enclítica arcaica.
cf88b7f832f26beb06e6,OT,JDG,9,21,JDG 9:21,fuese,30,28,33,fuése,"Y huyó Jotham, y se fugó, y","a Beer, y allí se estuvo por causa de Abimelech su hermano.","Y huyó Jotham, y se fugó, y fuése a Beer, y allí se estuvo por causa de Abimelech su hermano.",se fue,medium,Puede requerir ajustar la frase completa.,,,,
3de1295c4f7dca4b3008,OT,JDG,13,16,JDG 13:16,fuese,31,165,170,fuese,"es hacer holocausto, sacrifícalo a Jehová. Y no sabía Manoa que aquél",ángel de Jehová.,"Y el ángel de Jehová respondió a Manoa: Aunque me detengas no comeré de tu pan: pero si quisieres hacer holocausto, sacrifícalo a Jehová. Y no sabía Manoa que aquél fuese ángel de Jehová.",se fue,medium,Puede requerir ajustar la frase completa.,,,,
0b173bbf73a586970e71,OT,JDG,14,9,JDG 14:9,fuese,32,26,31,fuése,"Y tomándolo en sus manos,","comiéndolo por el camino: y llegado que hubo a su padre y a su madre,","Y tomándolo en sus manos, fuése comiéndolo por el camino: y llegado que hubo a su padre y a su madre, dióles también a ellos que comiesen; pero no les descubrió que había tomado aquella miel del cuerpo del león.",se fue,medium,Puede requerir ajustar la frase completa.,,,,
a27ea4ae53b8d757ea92,OT,JDG,14,20,JDG 14:20,fuese,33,205,210,fuése,e vestidos a los que habían explicado el enigma: y encendido en enojo,"a casa de su padre. Y la mujer de Samsón fue dada a su compañero, con","Y el espíritu de Jehová cayó sobre él, y descendió a Ascalón, e hirió treinta hombres de ellos; y tomando sus despojos, dio las mudas de vestidos a los que habían explicado el enigma: y encendido en enojo fuése a casa de su padre. Y la mujer de Samsón fue dada a su compañero, con el cual él antes se acompañaba.",se fue,medium,Puede requerir ajustar la frase completa.,,,,
191d3409b2e7eb3851a3,OT,JDG,16,3,JDG 16:3,fuese,34,164,169,fuése,"de la ciudad con sus dos pilares y su cerrojo, echóselas al hombro, y",", y subióse con ellas a la cumbre del monte que está delante de Hebrón","Pero Samsón durmió hasta la media noche; y a la media noche se levantó, y tomando las puertas de la ciudad con sus dos pilares y su cerrojo, echóselas al hombro, y fuése, y subióse con ellas a la cumbre del monte que está delante de Hebrón.",se fue,medium,Puede requerir ajustar la frase completa.,,,,
a3d5b86303ae1ec35e97,OT,JDG,16,5,JDG 16:5,dijeronle,11,52,61,dijéronle,"Y vinieron a ella los príncipes de los Filisteos, y",": Engáñale y sabe en qué consiste su grande fuerza, y cómo lo podríamo","Y vinieron a ella los príncipes de los Filisteos, y dijéronle: Engáñale y sabe en qué consiste su grande fuerza, y cómo lo podríamos vencer, para que lo atemos y lo atormentemos; y cada uno de nosotros te dará mil y cien siclos de plata.",le dijeron,low,Forma enclitica arcaica.,Codex-assisted,replace,le dijeron,Modernización de forma enclítica arcaica.
cd7358f39a9f1a510baa,OT,JDG,18,2,JDG 18:2,dijeronles,4,162,172,dijéronles,"Sora y Esthaol, para que reconociesen y explorasen bien la tierra; y",": Vayan y reconozcan la tierra. Estos vinieron al monte de Ephraim, ha","Y los hijos de Dan enviaron de su tribu cinco hombres de sus términos, hombres valientes, de Sora y Esthaol, para que reconociesen y explorasen bien la tierra; y dijéronles: Vayan y reconozcan la tierra. Estos vinieron al monte de Ephraim, hasta la casa de Michâs, y allí posaron.",les dijeron,low,Forma enclitica arcaica.,Codex-assisted,replace,les dijeron,Modernización de forma enclítica arcaica.
62c431cf6d576eedc15f,OT,JDG,18,3,JDG 18:3,dijeronle,12,100,109,dijéronle,"a de Michâs, reconocieron la voz del joven Levita; y llegándose allá,",: ¿Quién te ha traído por acá? ¿y qué haces aquí? ¿y qué tienes tú por,"Y como estaban cerca de la casa de Michâs, reconocieron la voz del joven Levita; y llegándose allá, dijéronle: ¿Quién te ha traído por acá? ¿y qué haces aquí? ¿y qué tienes tú por aquí?",le dijeron,low,Forma enclitica arcaica.,Codex-assisted,replace,le dijeron,Modernización de forma enclítica arcaica.
c3bbbdbeedca1607948c,OT,JDG,18,15,JDG 18:15,preguntaronle,1,76,89,preguntáronle,"ándose allá, vinieron a la casa del joven Levita en casa de Michâs, y",cómo estaba.,"Y llegándose allá, vinieron a la casa del joven Levita en casa de Michâs, y preguntáronle cómo estaba.",le preguntaron,low,Forma enclitica arcaica.,Codex-assisted,replace,le preguntaron,Modernización de forma enclítica arcaica.
8fd443c64829b038e2e1,OT,JDG,19,2,JDG 19:2,fuese,35,37,42,fuese,"Y su concubina adulteró contra él, y","de él a casa de su padre, a Beth-lehem de Judá, y estuvo allá por tie","Y su concubina adulteró contra él, y fuese de él a casa de su padre, a Beth-lehem de Judá, y estuvo allá por tiempo de cuatro meses.",se fue,medium,Puede requerir ajustar la frase completa.,,,,
ac5ecc20290326a6d62e,OT,JDG,19,23,JDG 19:23,dijoles,39,48,55,díjoles,"Y saliendo a ellos aquel varón, amo de la casa,",": No, hermanos míos, les ruego que no cometan este mal, pues que este","Y saliendo a ellos aquel varón, amo de la casa, díjoles: No, hermanos míos, les ruego que no cometan este mal, pues que este hombre ha entrado en mi casa, no hagan esta maldad.",les dijo,low,Forma enclitica arcaica.,Codex-assisted,replace,les dijo,Modernización de forma enclítica arcaica.
b23e048f9e4798cb34a5,OT,JDG,19,28,JDG 19:28,fuese,36,129,134,fuése,"Entonces la levantó el varón, y echándola sobre su asno, levantóse y",a su lugar.,"Y él le dijo: Levántate, y vámonos. Pero ella no respondió. Entonces la levantó el varón, y echándola sobre su asno, levantóse y fuése a su lugar.",se fue,medium,Puede requerir ajustar la frase completa.,,,,
4a9b2b27c48ec72d689e,OT,RUT,1,10,RUT 1:10,dijeronle,13,2,11,dijéronle,Y,: Ciertamente nosotras volveremos contigo a tu pueblo.,Y dijéronle: Ciertamente nosotras volveremos contigo a tu pueblo.,le dijeron,low,Forma enclitica arcaica.,Codex-assisted,replace,le dijeron,Modernización de forma enclítica arcaica.
176cbc04439b1d6dded5,OT,RUT,1,12,RUT 1:12,fuese,37,122,127,fuese,a para ser para varón. Y aunque dijese: Esperanza tengo; y esta noche,"con varón, y aun pariese hijos;","Vuélvanse, hijas mías, e váyanse; que yo ya soy vieja para ser para varón. Y aunque dijese: Esperanza tengo; y esta noche fuese con varón, y aun pariese hijos;",se fue,medium,Puede requerir ajustar la frase completa.,,,,
618a62994a1aad9fe622,OT,1SA,1,18,1SA 1:18,fuese,38,59,64,fuése,Y ella dijo: Halle tu sierva gracia delante de tus ojos. Y,"la mujer su camino, y comió, y no estuvo más triste.","Y ella dijo: Halle tu sierva gracia delante de tus ojos. Y fuése la mujer su camino, y comió, y no estuvo más triste.",se fue,medium,Puede requerir ajustar la frase completa.,,,,
d0451a548bfba092fbcd,OT,1SA,2,23,1SA 2:23,dijoles,40,2,9,díjoles,Y,: ¿Por qué hacen cosas semejantes? Porque yo oigo de todo este pueblo,Y díjoles: ¿Por qué hacen cosas semejantes? Porque yo oigo de todo este pueblo sus malos procederes.,les dijo,low,Forma enclitica arcaica.,Codex-assisted,replace,les dijo,Modernización de forma enclítica arcaica.
96bc64c409c1ada4d22b,OT,1SA,3,3,1SA 3:3,fuese,39,109,114,fuese,"Jehová, donde el arca de Dios estaba: y antes que la lámpara de Dios","apagada,","Samuel estaba durmiendo en el templo de Jehová, donde el arca de Dios estaba: y antes que la lámpara de Dios fuese apagada,",se fue,medium,Puede requerir ajustar la frase completa.,,,,
6f7cbc6a4967db2d29a2,OT,1SA,8,5,1SA 8:5,dijeronle,14,2,11,dijéronle,Y,": He aquí tú has envejecido, y tus hijos no van por tus caminos: por t","Y dijéronle: He aquí tú has envejecido, y tus hijos no van por tus caminos: por tanto, constitúyenos ahora un rey que nos juzgue, como todas las gentes.",le dijeron,low,Forma enclitica arcaica.,Codex-assisted,replace,le dijeron,Modernización de forma enclítica arcaica.
0a08af75cdcfb1e28dcd,OT,1SA,14,33,1SA 14:33,dijeronle,15,32,41,dijéronle,"Y dándole de ello aviso a Saúl,",: El pueblo peca contra Jehová comiendo con sangre. Y él dijo: Ustedes,"Y dándole de ello aviso a Saúl, dijéronle: El pueblo peca contra Jehová comiendo con sangre. Y él dijo: Ustedes han prevaricado; ruédenme ahora acá una grande piedra.",le dijeron,low,Forma enclitica arcaica.,Codex-assisted,replace,le dijeron,Modernización de forma enclítica arcaica.
f114dcb2938e1dc340ef,OT,1SA,15,34,1SA 15:34,fuese,40,0,5,Fuése,,"luego Samuel a Rama, y Saúl subió a su casa en Gabaa de Saúl.","Fuése luego Samuel a Rama, y Saúl subió a su casa en Gabaa de Saúl.",se fue,medium,Puede requerir ajustar la frase completa.,,,,
4f468a9373bbe526177c,OT,1SA,17,20,1SA 17:20,fuese,41,78,83,fuése,"e pues David de mañana, y dejando las ovejas al cuidado de un guarda,","con su carga, como Isaí le había mandado; y llegó al atrincheramiento","Levantóse pues David de mañana, y dejando las ovejas al cuidado de un guarda, fuése con su carga, como Isaí le había mandado; y llegó al atrincheramiento del ejército, el cual había salido en ordenanza, y tocaba alarma para la pelea.",se fue,medium,Puede requerir ajustar la frase completa.,,,,
e036ee62cf9e98a3e59c,OT,1SA,17,36,1SA 17:36,fuese,42,0,5,Fuese,,"león, fuese oso, tu siervo lo mataba; pues este Filisteo incircunciso","Fuese león, fuese oso, tu siervo lo mataba; pues este Filisteo incircunciso será como uno de ellos, porque ha provocado al ejército del Dios viviente.",se fue,medium,Puede requerir ajustar la frase completa.,,,,
3050dae414d7133f91bd,OT,1SA,17,36,1SA 17:36,fuese,43,12,17,fuese,"Fuese león,","oso, tu siervo lo mataba; pues este Filisteo incircunciso será como u","Fuese león, fuese oso, tu siervo lo mataba; pues este Filisteo incircunciso será como uno de ellos, porque ha provocado al ejército del Dios viviente.",se fue,medium,Puede requerir ajustar la frase completa.,,,,
c1eaaabcebbda849d1dd,OT,1SA,18,27,1SA 18:27,fuese,44,167,172,fuese,"vid los prepucios de ellos, y entregáronlos todos al rey, para que él",hecho yerno del rey. Y Saúl le dio a su hija Michâl por mujer.,"Levantóse David, y partióse con su gente, e hirió doscientos hombres de los Filisteos; y trajo David los prepucios de ellos, y entregáronlos todos al rey, para que él fuese hecho yerno del rey. Y Saúl le dio a su hija Michâl por mujer.",se fue,medium,Puede requerir ajustar la frase completa.,,,,
a05c341b4b17bcd7ef28,OT,1SA,18,27,1SA 18:27,partiose,3,19,27,partióse,"Levantóse David, y","con su gente, e hirió doscientos hombres de los Filisteos; y trajo Da","Levantóse David, y partióse con su gente, e hirió doscientos hombres de los Filisteos; y trajo David los prepucios de ellos, y entregáronlos todos al rey, para que él fuese hecho yerno del rey. Y Saúl le dio a su hija Michâl por mujer.",se fue,medium,Puede significar partir/salir; revisar contexto.,,,,
77f729c518297c220807,OT,1SA,20,42,1SA 20:42,fuese,45,192,197,fuése,"entre mi simiente y la simiente tuya, para siempre. Y él se levantó y",: y Jonathán se entró en la ciudad.,"Y Jonathán dijo a David: Vete en paz, que ambos hemos jurado por el nombre de Jehová, diciendo: Jehová sea entre mí y ti, entre mi simiente y la simiente tuya, para siempre. Y él se levantó y fuése: y Jonathán se entró en la ciudad.",se fue,medium,Puede requerir ajustar la frase completa.,,,,
1b93bf800e3b4aaad3e6,OT,1SA,22,3,1SA 22:3,fuese,46,2,7,fuése,Y,"David de allí a Mizpa de Moab, y dijo al rey de Moab: Yo te ruego que","Y fuése David de allí a Mizpa de Moab, y dijo al rey de Moab: Yo te ruego que mi padre y mi madre estén con ustedes, hasta que sepa lo que Dios hará de mí.",se fue,medium,Puede requerir ajustar la frase completa.,,,,
a12394cd3fe661e6c31f,OT,1SA,23,5,1SA 23:5,partiose,4,0,8,Partióse,,"pues David con sus hombres a Keila, y peleó contra los Filisteos, y t","Partióse pues David con sus hombres a Keila, y peleó contra los Filisteos, y trajo antecogidos sus ganados, e hiriólos con grande estrago: y libró David a los de Keila.",se fue,medium,Puede significar partir/salir; revisar contexto.,,,,
04f34f682d7cd3ba41da,OT,1SA,23,25,1SA 23:25,partiose,5,2,10,partióse,Y,"Saúl con su gente a buscarlo; pero fue dado aviso a David, y descendi","Y partióse Saúl con su gente a buscarlo; pero fue dado aviso a David, y descendió a la peña, y quedóse en el desierto de Maón. Lo cual como Saúl oyó, siguió a David al desierto de Maón.",se fue,medium,Puede significar partir/salir; revisar contexto.,,,,
6a6565ad6a18104741d2,OT,1SA,24,8,1SA 24:8,fuese,47,125,130,fuése,"permitió que se levantasen contra Saúl. Y Saúl, saliendo de la cueva,",su camino.,"Así quebrantó David a los suyos con palabras, y no les permitió que se levantasen contra Saúl. Y Saúl, saliendo de la cueva, fuése su camino.",se fue,medium,Puede requerir ajustar la frase completa.,,,,
5cd11b3fa88cffa7d48c,OT,1SA,24,22,1SA 24:22,fuese,48,147,152,fuése,aerás mi nombre de la casa de mi padre. Entonces David juró a Saúl. Y,"Saúl a su casa, y David y los suyos se subieron al sitio fuerte.","Júrame pues ahora por Jehová, que no cortarás mi simiente después de mí, ni raerás mi nombre de la casa de mi padre. Entonces David juró a Saúl. Y fuése Saúl a su casa, y David y los suyos se subieron al sitio fuerte.",se fue,medium,Puede requerir ajustar la frase completa.,,,,
4462b84c01bd2ab9b49b,OT,1SA,25,5,1SA 25:5,dijoles,41,37,44,díjoles,"Entonces envió David diez criados, y",": Suban al Carmelo, e vayan a Nabal, y salúdenle en mi nombre,","Entonces envió David diez criados, y díjoles: Suban al Carmelo, e vayan a Nabal, y salúdenle en mi nombre,",les dijo,low,Forma enclitica arcaica.,Codex-assisted,replace,les dijo,Modernización de forma enclítica arcaica.
793a77ddc0e79168d4ec,OT,1SA,28,8,1SA 28:8,fuese,49,46,51,fuése,"Y disfrazóse Saúl, y púsose otros vestidos, y","con dos hombres, y vinieron a aquella mujer de noche; y él dijo: Yo t","Y disfrazóse Saúl, y púsose otros vestidos, y fuése con dos hombres, y vinieron a aquella mujer de noche; y él dijo: Yo te ruego que me adivines por el espíritu de pythón, y me hagas subir a quien yo te diga.",se fue,medium,Puede requerir ajustar la frase completa.,,,,
568960b6a6a7c006dc64,OT,1SA,29,4,1SA 29:4,dijeronle,16,65,74,dijéronle,"Entonces los príncipes de los Filisteos se enojaron contra él, y",": Envía a este hombre, que se vuelva al lugar que le señalaste, y no v","Entonces los príncipes de los Filisteos se enojaron contra él, y dijéronle: Envía a este hombre, que se vuelva al lugar que le señalaste, y no venga con nosotros a la batalla, no sea que en la batalla se nos vuelva enemigo: porque ¿con qué cosa volvería mejor a la gracia de su señor que con las cabezas de estos hombres?",le dijeron,low,Forma enclitica arcaica.,Codex-assisted,replace,le dijeron,Modernización de forma enclítica arcaica.
facf56d1cfd59dd18a2d,OT,1SA,30,9,1SA 30:9,partiose,6,0,8,Partióse,,"pues David, él y los seiscientos hombres que con él estaban, y vinier","Partióse pues David, él y los seiscientos hombres que con él estaban, y vinieron hasta el torrente de Besor, donde se quedaron algunos.",se fue,medium,Puede significar partir/salir; revisar contexto.,,,,
f0f40d955510729fed90,OT,2SA,3,17,2SA 3:17,fuese,50,86,91,fuese,"n los ancianos de Israel, diciendo: Ayer y antes procuraban que David",rey sobre ustedes;,"Y habló Abner con los ancianos de Israel, diciendo: Ayer y antes procuraban que David fuese rey sobre ustedes;",se fue,medium,Puede requerir ajustar la frase completa.,,,,
c69db2428058d8be25eb,OT,2SA,3,24,2SA 3:24,fuese,51,121,126,fuése,o? He aquí habíase venido Abner a ti: ¿por qué pues lo dejaste que se,?,"Entonces Joab vino al rey, y le dijo: ¿Qué has hecho? He aquí habíase venido Abner a ti: ¿por qué pues lo dejaste que se fuése?",se fue,medium,Puede requerir ajustar la frase completa.,,,,
4c3ce2fd8cbd1ac06ad4,OT,2SA,4,9,2SA 4:9,dijoles,42,79,86,díjoles,"espondió a Rechâb y a su hermano Baana, hijos de Rimmón Beerothita, y",": Vive Jehová que ha redimido mi alma de toda angustia,","Y David respondió a Rechâb y a su hermano Baana, hijos de Rimmón Beerothita, y díjoles: Vive Jehová que ha redimido mi alma de toda angustia,",les dijo,low,Forma enclitica arcaica.,Codex-assisted,replace,les dijo,Modernización de forma enclítica arcaica.
d44acd0d3c0338de6f06,OT,2SA,6,19,2SA 6:19,fuese,52,165,170,fuése,"da uno una torta de pan, y un pedazo de carne, y un frasco de vino. Y","todo el pueblo, cada uno a su casa.","Y repartió a todo el pueblo, y a toda la multitud de Israel, así a hombres como a mujeres, a cada uno una torta de pan, y un pedazo de carne, y un frasco de vino. Y fuése todo el pueblo, cada uno a su casa.",se fue,medium,Puede requerir ajustar la frase completa.,,,,
c60adf5a73f1952a6ec6,OT,2SA,6,21,2SA 6:21,fuese,53,125,130,fuese,"ue me eligió más bien que a tu padre y a toda su casa, mandándome que","príncipe sobre el pueblo de Jehová, sobre Israel, danzaré delante de","Entonces David respondió a Michâl: Delante de Jehová, que me eligió más bien que a tu padre y a toda su casa, mandándome que fuese príncipe sobre el pueblo de Jehová, sobre Israel, danzaré delante de Jehová.",se fue,medium,Puede requerir ajustar la frase completa.,,,,
78f6795e4ddc63300273,OT,2SA,7,23,2SA 7:23,fuese,54,87,92,fuese,"pueblo, como Israel, en la tierra? una gente por amor de la cual Dios","a redimírsela por pueblo, y le pusiese nombre, e hiciese por ustedes,","¿y quién como tu pueblo, como Israel, en la tierra? una gente por amor de la cual Dios fuese a redimírsela por pueblo, y le pusiese nombre, e hiciese por ustedes, oh Israel, grandes y espantosas obras en tu tierra, por amor de tu pueblo, oh Dios, que tú redimiste de Egipto, de las gentes y de sus dioses?",se fue,medium,Puede requerir ajustar la frase completa.,,,,
ab0cf7781b6f0b4a7385,OT,2SA,11,3,2SA 11:3,dijeronle,17,47,56,dijéronle,"Y envió David a preguntar por aquella mujer, y",": Aquella es Bath-sheba hija de Eliam, mujer de Uría Hetheo.","Y envió David a preguntar por aquella mujer, y dijéronle: Aquella es Bath-sheba hija de Eliam, mujer de Uría Hetheo.",le dijeron,low,Forma enclitica arcaica.,Codex-assisted,replace,le dijeron,Modernización de forma enclítica arcaica.
691817ed191d068eeeb2,OT,2SA,12,10,2SA 12:10,fuese,55,134,139,fuese,"cuanto me menospreciaste, y tomaste la mujer de Uría Hetheo para que",tu mujer.,"Por lo cual ahora no se apartará jamás de tu casa la espada; por cuanto me menospreciaste, y tomaste la mujer de Uría Hetheo para que fuese tu mujer.",se fue,medium,Puede requerir ajustar la frase completa.,,,,
f3cf6e80ece9b4a55d26,OT,2SA,12,21,2SA 12:21,dijeronle,18,2,11,dijéronle,Y,"sus siervos: ¿Qué es esto que has hecho? Por el niño, viviendo aún, a","Y dijéronle sus siervos: ¿Qué es esto que has hecho? Por el niño, viviendo aún, ayunabas y llorabas; y él muerto, levantástete y comiste pan.",le dijeron,low,Forma enclitica arcaica.,Codex-assisted,replace,le dijeron,Modernización de forma enclítica arcaica.
f0ba00957495b0ba5305,OT,2SA,13,19,2SA 13:19,fuese,56,146,151,fuése,"e colores de que estaba vestida, y puestas sus manos sobre su cabeza,",gritando.,"Entonces Thamar tomó ceniza, y esparcióla sobre su cabeza, y rasgó la ropa de colores de que estaba vestida, y puestas sus manos sobre su cabeza, fuése gritando.",se fue,medium,Puede requerir ajustar la frase completa.,,,,
23ba3562e1f7c3bff5f2,OT,2SA,13,20,2SA 13:20,dijole,1,2,8,díjole,Y,su hermano Absalom: ¿Ha estado contigo tu hermano Amnón? Pues calla a,"Y díjole su hermano Absalom: ¿Ha estado contigo tu hermano Amnón? Pues calla ahora, hermana mía: tu hermano es; no pongas tu corazón en este negocio. Y quedóse Thamar desconsolada en casa de Absalom su hermano.",le dijo,low,Forma enclitica arcaica.,Codex-assisted,replace,le dijo,Modernización de forma enclítica arcaica.
17823419c3c174c08889,OT,2SA,13,24,2SA 13:24,dijole,2,25,31,díjole,"Y vino Absalom al rey, y",": He aquí, tu siervo tiene ahora esquiladores: yo ruego que venga el r","Y vino Absalom al rey, y díjole: He aquí, tu siervo tiene ahora esquiladores: yo ruego que venga el rey y sus siervos con tu siervo.",le dijo,low,Forma enclitica arcaica.,Codex-assisted,replace,le dijo,Modernización de forma enclítica arcaica.
53e09ac7bdc47ad4758d,OT,2SA,13,37,2SA 13:37,fuese,57,21,26,fuése,"Pero Absalom huyó, y","a Talmai hijo de Amiud, rey de Gessur. Y David lloraba por su hijo to","Pero Absalom huyó, y fuése a Talmai hijo de Amiud, rey de Gessur. Y David lloraba por su hijo todos los días.",se fue,medium,Puede requerir ajustar la frase completa.,,,,
03006c352e4eff3aed62,OT,2SA,14,2,2SA 14:2,dijole,3,55,61,díjole,"Envió Joab a Tecoa, y tomó de allá una mujer astuta, y",": Yo te ruego que te enlutes, y te vistas de ropas de luto, y no te un","Envió Joab a Tecoa, y tomó de allá una mujer astuta, y díjole: Yo te ruego que te enlutes, y te vistas de ropas de luto, y no te unjas con óleo, antes sé como mujer que ha mucho tiempo que trae luto por algún muerto;",le dijo,low,Forma enclitica arcaica.,Codex-assisted,replace,le dijo,Modernización de forma enclítica arcaica.
2b2f1bff1d1b04df9c29,OT,2SA,14,31,2SA 14:31,dijole,4,56,62,díjole,"Levantóse por tanto Joab, y vino a Absalom a su casa, y",: ¿Por qué han puesto fuego tus siervos a mis tierras?,"Levantóse por tanto Joab, y vino a Absalom a su casa, y díjole: ¿Por qué han puesto fuego tus siervos a mis tierras?",le dijo,low,Forma enclitica arcaica.,Codex-assisted,replace,le dijo,Modernización de forma enclítica arcaica.
81c973301563dd668143,OT,2SA,15,33,2SA 15:33,dijole,5,2,8,díjole,Y,"David: Si pasares conmigo, serme has de carga;","Y díjole David: Si pasares conmigo, serme has de carga;",le dijo,low,Forma enclitica arcaica.,Codex-assisted,replace,le dijo,Modernización de forma enclítica arcaica.
360e5963beb7af35c119,OT,2SA,16,16,2SA 16:16,dijole,6,80,86,díjole,"luego, que como Husai Arachîta amigo de David hubo llegado a Absalom,","Husai: Viva el rey, viva el rey.","Y acaeció luego, que como Husai Arachîta amigo de David hubo llegado a Absalom, díjole Husai: Viva el rey, viva el rey.",le dijo,low,Forma enclitica arcaica.,Codex-assisted,replace,le dijo,Modernización de forma enclítica arcaica.
10d0d8392c1e244cce6c,OT,2SA,17,20,2SA 17:20,dijeronle,19,60,69,dijéronle,"Llegando luego los criados de Absalom a la casa a la mujer,",: ¿Dónde están Ahimaas y Jonathán? Y la mujer les respondió: Ya han pa,"Llegando luego los criados de Absalom a la casa a la mujer, dijéronle: ¿Dónde están Ahimaas y Jonathán? Y la mujer les respondió: Ya han pasado el vado de las aguas. Y como ellos los buscaron y no los hallaron, volviéronse a Jerusalem.",le dijeron,low,Forma enclitica arcaica.,Codex-assisted,replace,le dijeron,Modernización de forma enclítica arcaica.
9837609d695446dc2f1b,OT,2SA,17,21,2SA 17:21,dijeronle,20,108,117,dijéronle,"stotros salieron del pozo, y fuéronse, y dieron aviso al rey David; y",": Levántense y dense priesa a pasar las aguas, porque Achitophel ha da","Y después que ellos se hubieron ido, estotros salieron del pozo, y fuéronse, y dieron aviso al rey David; y dijéronle: Levántense y dense priesa a pasar las aguas, porque Achitophel ha dado tal consejo contra ustedes.",le dijeron,low,Forma enclitica arcaica.,Codex-assisted,replace,le dijeron,Modernización de forma enclítica arcaica.
77c9f815cc467ff845dd,OT,2SA,17,23,2SA 17:23,fuese,58,99,104,fuése,"e había puesto por obra su consejo, enalbardó su asno, y levantóse, y","a su casa en su ciudad; y después de disponer acerca de su casa, ahor","Y Achitophel, viendo que no se había puesto por obra su consejo, enalbardó su asno, y levantóse, y fuése a su casa en su ciudad; y después de disponer acerca de su casa, ahorcóse y murió, y fue sepultado en el sepulcro de su padre.",se fue,medium,Puede requerir ajustar la frase completa.,,,,
44b724db93c1710462ab,OT,2SA,19,5,2SA 19:5,dijole,7,32,38,díjole,"Y entrando Joab en casa al rey,",": Hoy has avergonzado el rostro de todos tus siervos, que han hoy libr","Y entrando Joab en casa al rey, díjole: Hoy has avergonzado el rostro de todos tus siervos, que han hoy librado tu vida, y la vida de tus hijos y de tus hijas, y la vida de tus mujeres, y la vida de tus concubinas,",le dijo,low,Forma enclitica arcaica.,Codex-assisted,replace,le dijo,Modernización de forma enclítica arcaica.
22aec371ecb4a581a6fd,OT,2SA,22,44,2SA 22:44,fuese,59,66,71,fuese,Tú me libraste de contiendas de pueblos: tú me guardaste para que,"cabeza de gentes: pueblos que no conocía, me sirvieron.","Tú me libraste de contiendas de pueblos: tú me guardaste para que fuese cabeza de gentes: pueblos que no conocía, me sirvieron.",se fue,medium,Puede requerir ajustar la frase completa.,,,,
a9e6fba72b3f5c044cab,OT,2SA,24,13,2SA 24:13,dijole,8,37,43,díjole,"Vino pues Gad a David, e intimóle, y",: ¿Quieres que te vengan siete años de hambre en tu tierra? ¿o que huy,"Vino pues Gad a David, e intimóle, y díjole: ¿Quieres que te vengan siete años de hambre en tu tierra? ¿o que huyas tres meses delante de tus enemigos, y que ellos te persigan? ¿o que tres días haya pestilencia en tu tierra? Piensa ahora, y mira qué responderé al que me ha enviado.",le dijo,low,Forma enclitica arcaica.,Codex-assisted,replace,le dijo,Modernización de forma enclítica arcaica.
017bb32aabd6b9655e10,OT,2SA,24,18,2SA 24:18,dijole,9,32,38,díjole,"Y Gad vino a David aquel día, y",": Sube, y haz un altar a Jehová en la era de Arauna Jebuseo.","Y Gad vino a David aquel día, y díjole: Sube, y haz un altar a Jehová en la era de Arauna Jebuseo.",le dijo,low,Forma enclitica arcaica.,Codex-assisted,replace,le dijo,Modernización de forma enclítica arcaica.
c8d53adbec4249f3c985,OT,1KI,1,2,1KI 1:2,dijeronle,21,0,9,Dijéronle,,"por tanto sus siervos: Busquen a mi señor el rey una moza virgen, par","Dijéronle por tanto sus siervos: Busquen a mi señor el rey una moza virgen, para que esté delante del rey, y lo abrigue, y duerma a su lado, y calentará a mi señor el rey.",le dijeron,low,Forma enclitica arcaica.,Codex-assisted,replace,Le dijeron,Modernización de forma enclítica arcaica.
a0f3a4286f6c192a0397,OT,1KI,1,49,1KI 1:49,fuese,60,95,100,fuése,"cieron, y levantáronse todos los convidados que estaban con Adonía, y",cada uno por su camino.,"Ellos entonces se estremecieron, y levantáronse todos los convidados que estaban con Adonía, y fuése cada uno por su camino.",se fue,medium,Puede requerir ajustar la frase completa.,,,,
e50787124f79cd228ac7,OT,1KI,1,50,1KI 1:50,fuese,61,62,67,fuése,"Pero Adonía, temiendo de la presencia de Salomón, levantóse y",", y cogió los cornijales del altar.","Pero Adonía, temiendo de la presencia de Salomón, levantóse y fuése, y cogió los cornijales del altar.",se fue,medium,Puede requerir ajustar la frase completa.,,,,
805593bc04f394c61f66,OT,1KI,2,30,1KI 2:30,dijole,10,43,49,díjole,"Y entró Benaía al tabernáculo de Jehová, y",": El rey ha dicho que salgas. Y él dijo: No, sino aquí moriré. Y Benaí","Y entró Benaía al tabernáculo de Jehová, y díjole: El rey ha dicho que salgas. Y él dijo: No, sino aquí moriré. Y Benaía volvió con esta respuesta al rey, diciendo: Así habló Joab, y así me respondió.",le dijo,low,Forma enclitica arcaica.,Codex-assisted,replace,le dijo,Modernización de forma enclítica arcaica.
1010c3607e930e6e98a2,OT,1KI,2,36,1KI 2:36,dijole,11,46,52,díjole,"Después envió el rey, e hizo venir a Semei, y",": Edifícate una casa en Jerusalem, y mora ahí, y no salgas de allá a u","Después envió el rey, e hizo venir a Semei, y díjole: Edifícate una casa en Jerusalem, y mora ahí, y no salgas de allá a una parte ni a otra;",le dijo,low,Forma enclitica arcaica.,Codex-assisted,replace,le dijo,Modernización de forma enclítica arcaica.
83b7a99a005e99d0797d,OT,1KI,2,42,1KI 2:42,dijole,12,47,53,díjole,"Entonces el rey envió, e hizo venir a Semei, y",": ¿No te conjuré yo por Jehová, y te protesté, diciendo: El día que sa","Entonces el rey envió, e hizo venir a Semei, y díjole: ¿No te conjuré yo por Jehová, y te protesté, diciendo: El día que salieres, y fueres acá o acullá, sabe de cierto que has de morir? Y tú me dijiste: La palabra es buena, yo la obedezco.",le dijo,low,Forma enclitica arcaica.,Codex-assisted,replace,le dijo,Modernización de forma enclítica arcaica.
09e6f50ebdabc99c6f71,OT,1KI,3,5,1KI 3:5,dijole,13,63,69,díjole,"Y aparecióse Jehová a Salomón en Gabaón una noche en sueños, y",Dios: Pide lo que quisieres que yo te dé.,"Y aparecióse Jehová a Salomón en Gabaón una noche en sueños, y díjole Dios: Pide lo que quisieres que yo te dé.",le dijo,low,Forma enclitica arcaica.,Codex-assisted,replace,le dijo,Modernización de forma enclítica arcaica.
e43a98f71a93b4776e3e,OT,1KI,3,11,1KI 3:11,dijole,14,2,8,díjole,Y,"Dios: Porque has demandado esto, y no pediste para ti muchos días, ni","Y díjole Dios: Porque has demandado esto, y no pediste para ti muchos días, ni pediste para ti riquezas, ni pediste la vida de tus enemigos, pero demandaste para ti inteligencia para oir juicio;",le dijo,low,Forma enclitica arcaica.,Codex-assisted,replace,le dijo,Modernización de forma enclítica arcaica.
791e65e52d500d96ad56,OT,1KI,9,3,1KI 9:3,dijole,15,2,8,díjole,Y,"Jehová: Yo he oído tu oración y tu ruego, que has hecho en mi presenc","Y díjole Jehová: Yo he oído tu oración y tu ruego, que has hecho en mi presencia. Yo he santificado esta casa que tú has edificado, para poner mi nombre en ella para siempre; y en ella estarán mis ojos y mi corazón todos los días.",le dijo,low,Forma enclitica arcaica.,Codex-assisted,replace,le dijo,Modernización de forma enclítica arcaica.
25a570e09cfa86f5c39f,OT,1KI,11,17,1KI 11:17,fuese,62,83,88,fuése,"Adad, y con él algunos varones Idumeos de los siervos de su padre, y",a Egipto; era entonces Adad muchacho pequeño.,"Entonces huyó Adad, y con él algunos varones Idumeos de los siervos de su padre, y fuése a Egipto; era entonces Adad muchacho pequeño.",se fue,medium,Puede requerir ajustar la frase completa.,,,,
a12494ae842084efabdc,OT,1KI,12,9,1KI 12:9,dijoles,43,2,9,díjoles,Y,": ¿Cómo aconsejan ustedes que respondamos a este pueblo, que me ha hab","Y díjoles: ¿Cómo aconsejan ustedes que respondamos a este pueblo, que me ha hablado, diciendo: Disminuye algo del yugo que tu padre puso sobre nosotros?",les dijo,low,Forma enclitica arcaica.,Codex-assisted,replace,les dijo,Modernización de forma enclítica arcaica.
302456a99ee4a7e3815f,OT,1KI,13,10,1KI 13:10,fuese,63,0,5,Fuése,,"pues por otro camino, y no volvió por el camino por donde había venid","Fuése pues por otro camino, y no volvió por el camino por donde había venido a Beth-el.",se fue,medium,Puede requerir ajustar la frase completa.,,,,
93f0e44779d41349e73e,OT,1KI,13,14,1KI 13:14,dijole,16,85,91,díjole,"varón de Dios, hallóle que estaba sentado debajo de un alcornoque: y",: ¿Eres tú el varón de Dios que viniste de Judá? Y él dijo: Yo soy.,"Y yendo tras el varón de Dios, hallóle que estaba sentado debajo de un alcornoque: y díjole: ¿Eres tú el varón de Dios que viniste de Judá? Y él dijo: Yo soy.",le dijo,low,Forma enclitica arcaica.,Codex-assisted,replace,le dijo,Modernización de forma enclítica arcaica.
6f25014ffb12e9c34945,OT,1KI,13,15,1KI 13:15,dijole,17,0,6,Díjole,,"entonces: Ven conmigo a casa, y come del pan.","Díjole entonces: Ven conmigo a casa, y come del pan.",le dijo,low,Forma enclitica arcaica.,Codex-assisted,replace,Le dijo,Modernización de forma enclítica arcaica.
93f6ba9add402313666d,OT,1KI,13,27,1KI 13:27,dijoles,44,23,30,díjoles,"Y habló a sus hijos, y",: Enalbárdenme un asno. Y ellos se lo enalbardaron.,"Y habló a sus hijos, y díjoles: Enalbárdenme un asno. Y ellos se lo enalbardaron.",les dijo,low,Forma enclitica arcaica.,Codex-assisted,replace,les dijo,Modernización de forma enclítica arcaica.
bed9a9645f7b7f33b026,OT,1KI,16,7,1KI 16:7,fuese,64,232,237,fuese,"os de Jehová, provocándole a ira con las obras de sus manos, para que",hecha como la casa de Jeroboam; y porque lo había herido.,"Pero la palabra de Jehová por mano de Jehú profeta, hijo de Hanani, había sido contra Baasa y también contra su casa, con motivo de todo lo malo que hizo a los ojos de Jehová, provocándole a ira con las obras de sus manos, para que fuese hecha como la casa de Jeroboam; y porque lo había herido.",se fue,medium,Puede requerir ajustar la frase completa.,,,,
331e00804d461ad8b5d9,OT,1KI,17,10,1KI 17:10,dijole,18,158,164,díjole,"uí una mujer viuda que estaba allí cogiendo serojas; y él la llamó, y",": Ruégote que me traigas una poca de agua en un vaso, para que beba.","Entonces él se levantó, y se fue a Sarepta. Y como llegó a la puerta de la ciudad, he aquí una mujer viuda que estaba allí cogiendo serojas; y él la llamó, y díjole: Ruégote que me traigas una poca de agua en un vaso, para que beba.",le dijo,low,Forma enclitica arcaica.,Codex-assisted,replace,le dijo,Modernización de forma enclítica arcaica.
2e9406b58ecc44b32164,OT,1KI,17,11,1KI 17:11,dijole,19,54,60,díjole,"Y yendo ella para traérsela, él la volvió a llamar, y",: Ruégote que me traigas también un bocado de pan en tu mano.,"Y yendo ella para traérsela, él la volvió a llamar, y díjole: Ruégote que me traigas también un bocado de pan en tu mano.",le dijo,low,Forma enclitica arcaica.,Codex-assisted,replace,le dijo,Modernización de forma enclítica arcaica.
059093315e91f51fc066,OT,1KI,17,23,1KI 17:23,dijole,20,83,89,díjole,"Elías al niño, trájolo de la cámara a la casa, y diólo a su madre, y","Elías: Mira, tu hijo vive.","Tomando luego Elías al niño, trájolo de la cámara a la casa, y diólo a su madre, y díjole Elías: Mira, tu hijo vive.",le dijo,low,Forma enclitica arcaica.,Codex-assisted,replace,le dijo,Modernización de forma enclítica arcaica.
d68cb18404b87d8b1c5c,OT,1KI,18,15,1KI 18:15,dijole,21,2,8,díjole,Y,"Elías: Vive Jehová de los ejércitos, delante del cual estoy, que hoy","Y díjole Elías: Vive Jehová de los ejércitos, delante del cual estoy, que hoy me mostraré a él.",le dijo,low,Forma enclitica arcaica.,Codex-assisted,replace,le dijo,Modernización de forma enclítica arcaica.
04fc9bce122014013c64,OT,1KI,18,17,1KI 18:17,dijole,22,26,32,díjole,"Y como Achâb vio a Elías,",Achâb: ¿Eres tú el que alborotas a Israel?,"Y como Achâb vio a Elías, díjole Achâb: ¿Eres tú el que alborotas a Israel?",le dijo,low,Forma enclitica arcaica.,Codex-assisted,replace,le dijo,Modernización de forma enclítica arcaica.
8de66d0b6987189853d5,OT,1KI,18,40,1KI 18:40,dijoles,45,2,9,díjoles,Y,"Elías: Prendan a los profetas de Baal, que no escape ninguno. Y ellos","Y díjoles Elías: Prendan a los profetas de Baal, que no escape ninguno. Y ellos los prendieron; y llevólos Elías al arroyo de Cisón, y allí los degolló.",les dijo,low,Forma enclitica arcaica.,Codex-assisted,replace,les dijo,Modernización de forma enclítica arcaica.
d44b1921c0ade3953ab2,OT,1KI,19,3,1KI 19:3,fuese,65,36,41,fuése,"Viendo pues el peligro, levantóse y","por salvar su vida, y vino a Beer-seba, que es en Judá, y dejó allí s","Viendo pues el peligro, levantóse y fuése por salvar su vida, y vino a Beer-seba, que es en Judá, y dejó allí su criado.",se fue,medium,Puede requerir ajustar la frase completa.,,,,
1ac2e6158a0e0914ffb1,OT,1KI,19,15,1KI 19:15,dijole,23,2,8,díjole,Y,"Jehová: Ve, vuélvete por tu camino, por el desierto de Damasco: y lle","Y díjole Jehová: Ve, vuélvete por tu camino, por el desierto de Damasco: y llegarás, y ungirás a Hazael por rey de Siria;",le dijo,low,Forma enclitica arcaica.,Codex-assisted,replace,le dijo,Modernización de forma enclítica arcaica.
c3212e58d97c2253b443,OT,1KI,20,7,1KI 20:7,dijoles,46,69,76,díjoles,"Entonces el rey de Israel llamó a todos los ancianos de la tierra, y",": Entiendan, y vean ahora cómo éste no busca sino mal: pues que ha env","Entonces el rey de Israel llamó a todos los ancianos de la tierra, y díjoles: Entiendan, y vean ahora cómo éste no busca sino mal: pues que ha enviado a mí por mis mujeres y mis hijos, y por mi plata y por mi oro; y yo no se lo he negado.",les dijo,low,Forma enclitica arcaica.,Codex-assisted,replace,les dijo,Modernización de forma enclítica arcaica.
1d7de725ee21e874105c,OT,1KI,20,32,1KI 20:32,dijeronle,22,87,96,dijéronle,"lomos de sacos, y sogas a sus cabezas, y vinieron al rey de Israel, y",: Tu siervo Ben-adad dice: Ruégote que viva mi alma. Y él respondió: S,"Ciñeron pues sus lomos de sacos, y sogas a sus cabezas, y vinieron al rey de Israel, y dijéronle: Tu siervo Ben-adad dice: Ruégote que viva mi alma. Y él respondió: Si él vive aún, mi hermano es.",le dijeron,low,Forma enclitica arcaica.,Codex-assisted,replace,le dijeron,Modernización de forma enclítica arcaica.
2702b8c251b4e550e85b,OT,1KI,20,34,1KI 20:34,dijole,24,2,8,díjole,Y,"Ben-adad: Las ciudades que mi padre tomó al tuyo, yo las restituiré;","Y díjole Ben-adad: Las ciudades que mi padre tomó al tuyo, yo las restituiré; y haz plazas en Damasco para ti, como mi padre las hizo en Samaria. Y yo, dijo Achâb, te dejaré partir con esta alianza. Hizo pues con él alianza, y dejóle ir.",le dijo,low,Forma enclitica arcaica.,Codex-assisted,replace,le dijo,Modernización de forma enclítica arcaica.
915866028601611cb722,OT,1KI,20,37,1KI 20:37,dijole,25,36,42,díjole,"Encontróse luego con otro hombre, y",": Hiéreme ahora. Y el hombre le dio un golpe, e hízole una herida.","Encontróse luego con otro hombre, y díjole: Hiéreme ahora. Y el hombre le dio un golpe, e hízole una herida.",le dijo,low,Forma enclitica arcaica.,Codex-assisted,replace,le dijo,Modernización de forma enclítica arcaica.
6e424a30640d4a7bc639,OT,1KI,21,5,1KI 21:5,dijole,26,32,38,díjole,"Y vino a él su mujer Jezabel, y",": ¿Por qué está tan triste tu espíritu, y no comes pan?","Y vino a él su mujer Jezabel, y díjole: ¿Por qué está tan triste tu espíritu, y no comes pan?",le dijo,low,Forma enclitica arcaica.,Codex-assisted,replace,le dijo,Modernización de forma enclítica arcaica.
58c3625b4dba80c472cd,OT,1KI,22,9,1KI 22:9,dijole,27,47,53,díjole,"Entonces el rey de Israel llamó a un eunuco, y",: trae presto a Michêas hijo de Imla.,"Entonces el rey de Israel llamó a un eunuco, y díjole: trae presto a Michêas hijo de Imla.",le dijo,low,Forma enclitica arcaica.,Codex-assisted,replace,le dijo,Modernización de forma enclítica arcaica.
e3bdfbf0d0624923f3f4,OT,2KI,1,2,2KI 1:2,dijoles,47,116,123,díjoles,"e la casa que tenía en Samaria; y estando enfermo envió mensajeros, y",": Vayan, y consulten a Baal-zebub dios de Ecrón, si tengo de sanar de","Y Ochôzías cayó por las celosías de una sala de la casa que tenía en Samaria; y estando enfermo envió mensajeros, y díjoles: Vayan, y consulten a Baal-zebub dios de Ecrón, si tengo de sanar de esta mi enfermedad.",les dijo,low,Forma enclitica arcaica.,Codex-assisted,replace,les dijo,Modernización de forma enclítica arcaica.
7feaf1455700dbdec3d6,OT,2KI,1,16,2KI 1:16,dijole,28,2,8,díjole,Y,: Así ha dicho Jehová: Pues que enviaste mensajeros a consultar a Baal,"Y díjole: Así ha dicho Jehová: Pues que enviaste mensajeros a consultar a Baal-zebub dios de Ecrón, ¿no hay Dios en Israel para consultar en su palabra? No descenderás, por tanto, del lecho en que subiste, antes morirás de cierto.",le dijo,low,Forma enclitica arcaica.,Codex-assisted,replace,le dijo,Modernización de forma enclítica arcaica.
b9784dfdf594e837d2da,OT,2KI,2,3,2KI 2:3,dijeronle,23,70,79,dijéronle,"Y saliendo a Eliseo los hijos de los profetas que estaban en Beth-el,",: ¿Sabes como Jehová quitará hoy a tu señor de tu cabeza? Y él dijo: S,"Y saliendo a Eliseo los hijos de los profetas que estaban en Beth-el, dijéronle: ¿Sabes como Jehová quitará hoy a tu señor de tu cabeza? Y él dijo: Sí, yo lo sé; callen.",le dijeron,low,Forma enclitica arcaica.,Codex-assisted,replace,le dijeron,Modernización de forma enclítica arcaica.
454e7342bbe174e7e4e3,OT,2KI,2,5,2KI 2:5,dijeronle,24,73,82,dijéronle,"legáronse a Eliseo los hijos de los profetas que estaban en Jericó, y",: ¿Sabes cómo Jehová quitará hoy a tu señor de tu cabeza? Y él respond,"Y llegáronse a Eliseo los hijos de los profetas que estaban en Jericó, y dijéronle: ¿Sabes cómo Jehová quitará hoy a tu señor de tu cabeza? Y él respondió: Sí, yo lo sé; callen.",le dijeron,low,Forma enclitica arcaica.,Codex-assisted,replace,le dijeron,Modernización de forma enclítica arcaica.
ef7ea02a0eded9590735,OT,2KI,2,16,2KI 2:16,dijeronle,25,2,11,dijéronle,Y,: He aquí hay con tus siervos cincuenta varones fuertes: vayan ahora y,"Y dijéronle: He aquí hay con tus siervos cincuenta varones fuertes: vayan ahora y busquen a tu señor; quizá lo ha levantado el espíritu de Jehová, y lo ha echado en algún monte o en algún valle. Y él les dijo: No envíen.",le dijeron,low,Forma enclitica arcaica.,Codex-assisted,replace,le dijeron,Modernización de forma enclítica arcaica.
31298adaa077d6af73cc,OT,2KI,4,5,2KI 4:5,partiose,7,2,10,partióse,Y,"la mujer de él, y cerró la puerta tras sí y tras sus hijos; y ellos l","Y partióse la mujer de él, y cerró la puerta tras sí y tras sus hijos; y ellos le llegaban los vasos, y ella echaba del aceite.",se fue,medium,Puede significar partir/salir; revisar contexto.,,,,
8e7a2a98f26bfac96913,OT,2KI,4,22,2KI 4:22,dijole,29,28,34,díjole,"Llamando luego a su marido,",: Ruégote que envíes conmigo a alguno de los criados y una de las asna,"Llamando luego a su marido, díjole: Ruégote que envíes conmigo a alguno de los criados y una de las asnas, para que yo vaya corriendo al varón de Dios, y vuelva.",le dijo,low,Forma enclitica arcaica.,Codex-assisted,replace,le dijo,Modernización de forma enclítica arcaica.
1e853a68ea3c2768a146,OT,2KI,4,25,2KI 4:25,partiose,8,0,8,Partióse,,"pues, y vino al varón de Dios al monte del Carmelo. Y cuando el varón","Partióse pues, y vino al varón de Dios al monte del Carmelo. Y cuando el varón de Dios la vio de lejos, dijo a su criado Giezi: He aquí la Sunamita:",se fue,medium,Puede significar partir/salir; revisar contexto.,,,,
7137ff2a4d81e295cc17,OT,2KI,4,36,2KI 4:36,dijole,30,29,35,díjole,"Entonces llamó él a Giezi, y",": Llama a esta Sunamita. Y él la llamó. Y entrando ella, él le dijo: T","Entonces llamó él a Giezi, y díjole: Llama a esta Sunamita. Y él la llamó. Y entrando ella, él le dijo: Toma tu hijo.",le dijo,low,Forma enclitica arcaica.,Codex-assisted,replace,le dijo,Modernización de forma enclítica arcaica.
191f259a04c700f64a16,OT,2KI,5,5,2KI 5:5,dijole,31,2,8,díjole,Y,"el rey de Siria: Anda, ve, y yo enviaré letras al rey de Israel. Part","Y díjole el rey de Siria: Anda, ve, y yo enviaré letras al rey de Israel. Partió pues él, llevando consigo diez talentos de plata, y seis mil piezas de oro, y diez mudas de vestidos.",le dijo,low,Forma enclitica arcaica.,Codex-assisted,replace,le dijo,Modernización de forma enclítica arcaica.
6bd616417e5d791d63a8,OT,2KI,5,12,2KI 5:12,fuese,66,142,147,fuése,"e Israel? Si me lavo en ellos, ¿no seré también limpio? Y volvióse, y",enojado.,"Abana y Pharphar, ríos de Damasco, ¿no son mejores que todas las aguas de Israel? Si me lavo en ellos, ¿no seré también limpio? Y volvióse, y fuése enojado.",se fue,medium,Puede requerir ajustar la frase completa.,,,,
c309fa1d102897e37a71,OT,2KI,5,19,2KI 5:19,partiose,9,27,35,Partióse,Y él le dijo: Vete en paz.,"pues de él, y caminó como el espacio de una milla.","Y él le dijo: Vete en paz. Partióse pues de él, y caminó como el espacio de una milla.",se fue,medium,Puede significar partir/salir; revisar contexto.,,,,
6d4e44f228effb2bf3fc,OT,2KI,6,4,2KI 6:4,fuese,67,0,5,Fuése,,"pues con ellos; y como llegaron al Jordán, cortaron la madera.","Fuése pues con ellos; y como llegaron al Jordán, cortaron la madera.",se fue,medium,Puede requerir ajustar la frase completa.,,,,
2cb644a77687528f454e,OT,2KI,6,11,2KI 6:11,dijoles,48,77,84,díjoles,"razón del rey de Siria fue turbado de esto; y llamando a sus siervos,",: ¿No me declararán ustedes quién de los nuestros es del rey de Israel,"Y el corazón del rey de Siria fue turbado de esto; y llamando a sus siervos, díjoles: ¿No me declararán ustedes quién de los nuestros es del rey de Israel?",les dijo,low,Forma enclitica arcaica.,Codex-assisted,replace,les dijo,Modernización de forma enclítica arcaica.
a9463ea80271e6a780a5,OT,2KI,6,28,2KI 6:28,dijole,32,2,8,díjole,Y,el rey: ¿Qué tienes? Y ella respondió: Esta mujer me dijo: Da acá tu,"Y díjole el rey: ¿Qué tienes? Y ella respondió: Esta mujer me dijo: Da acá tu hijo, y comámoslo hoy, y mañana comeremos el mío.",le dijo,low,Forma enclitica arcaica.,Codex-assisted,replace,le dijo,Modernización de forma enclítica arcaica.
ba5fad33981f6e530d04,OT,2KI,8,2,2KI 8:2,partiose,10,70,78,partióse,"Entonces la mujer se levantó, e hizo como el varón de Dios le dijo: y","ella con su familia, y vivió en tierra de los Filisteos siete años.","Entonces la mujer se levantó, e hizo como el varón de Dios le dijo: y partióse ella con su familia, y vivió en tierra de los Filisteos siete años.",se fue,medium,Puede significar partir/salir; revisar contexto.,,,,
9afc354c73342355390c,OT,2KI,8,12,2KI 8:12,dijole,33,9,15,díjole,Entonces,Hazael: ¿Por qué llora mi señor? Y él respondió: Porque sé el mal que,"Entonces díjole Hazael: ¿Por qué llora mi señor? Y él respondió: Porque sé el mal que has de hacer a los hijos de Israel: a sus fortalezas pegarás fuego, y a sus mancebos matarás a cuchillo, y estrellarás a sus niños, y abrirás a sus preñadas.",le dijo,low,Forma enclitica arcaica.,Codex-assisted,replace,le dijo,Modernización de forma enclítica arcaica.
1ec5f6135d587213c17a,OT,2KI,9,1,2KI 9:1,dijole,34,71,77,díjole,"ntonces el profeta Eliseo llamó a uno de los hijos de los profetas, y",": Ciñe tus lomos, y toma esta alcuza de aceite en tu mano, y ve a Ramo","Entonces el profeta Eliseo llamó a uno de los hijos de los profetas, y díjole: Ciñe tus lomos, y toma esta alcuza de aceite en tu mano, y ve a Ramoth de Galaad.",le dijo,low,Forma enclitica arcaica.,Codex-assisted,replace,le dijo,Modernización de forma enclítica arcaica.
14a335cdb6a3a382ce18,OT,2KI,9,6,2KI 9:6,dijole,35,83,89,díjole,"tó, y entróse en casa; y el otro derramó el aceite sobre su cabeza, y",: Así dijo Jehová Dios de Israel: Yo te he ungido por rey sobre el pue,"Y él se levantó, y entróse en casa; y el otro derramó el aceite sobre su cabeza, y díjole: Así dijo Jehová Dios de Israel: Yo te he ungido por rey sobre el pueblo de Jehová, sobre Israel.",le dijo,low,Forma enclitica arcaica.,Codex-assisted,replace,le dijo,Modernización de forma enclítica arcaica.
c68a07098ab6e7e57bb7,OT,2KI,9,11,2KI 9:11,dijeronle,26,48,57,dijéronle,"Después salió Jehú a los siervos de su señor, y",: ¿Hay paz? ¿para qué entró a ti aquel loco? Y él les dijo: Ustedes co,"Después salió Jehú a los siervos de su señor, y dijéronle: ¿Hay paz? ¿para qué entró a ti aquel loco? Y él les dijo: Ustedes conocen al hombre y sus palabras.",le dijeron,low,Forma enclitica arcaica.,Codex-assisted,replace,le dijeron,Modernización de forma enclítica arcaica.
f5c210be3b5195d2b72c,OT,2KI,9,16,2KI 9:16,fuese,68,25,30,fuése,"Entonces Jehú cabalgó, y","a Jezreel, porque Joram estaba allí enfermo. También Ochôzías rey de","Entonces Jehú cabalgó, y fuése a Jezreel, porque Joram estaba allí enfermo. También Ochôzías rey de Judá había descendido a visitar a Joram.",se fue,medium,Puede requerir ajustar la frase completa.,,,,
22f161a6a5f988c9e0e3,OT,2KI,10,13,2KI 10:13,dijoles,49,53,60,díjoles,"Halló allí a los hermanos de Ochôzías rey de Judá, y",": ¿Quién son ustedes? Y ellos dijeron: Somos hermanos de Ochôzías, y h","Halló allí a los hermanos de Ochôzías rey de Judá, y díjoles: ¿Quién son ustedes? Y ellos dijeron: Somos hermanos de Ochôzías, y hemos venido a saludar a los hijos del rey, y a los hijos de la reina.",les dijo,low,Forma enclitica arcaica.,Codex-assisted,replace,les dijo,Modernización de forma enclítica arcaica.
d75ff89e43e01ed951ea,OT,2KI,10,15,2KI 10:15,dijole,36,97,103,díjole,"ncontróse con Jonadab hijo de Rechâb; y después que lo hubo saludado,",": ¿Es recto tu corazón, como el mío es recto con el tuyo? Y Jonadab di","Partiéndose luego de allí encontróse con Jonadab hijo de Rechâb; y después que lo hubo saludado, díjole: ¿Es recto tu corazón, como el mío es recto con el tuyo? Y Jonadab dijo: Lo es. Pues que lo es, dame la mano. Y él le dio su mano. Hízolo luego subir consigo en el carro.",le dijo,low,Forma enclitica arcaica.,Codex-assisted,replace,le dijo,Modernización de forma enclítica arcaica.
57ab70e64a717d41972c,OT,2KI,10,16,2KI 10:16,dijole,37,2,8,díjole,Y,": Ven conmigo, y verás mi celo por Jehová. Pusiéronlo pues en su carro","Y díjole: Ven conmigo, y verás mi celo por Jehová. Pusiéronlo pues en su carro.",le dijo,low,Forma enclitica arcaica.,Codex-assisted,replace,le dijo,Modernización de forma enclítica arcaica.
08276a33644cb18d5ab9,OT,2KI,10,18,2KI 10:18,dijoles,50,31,38,díjoles,"Y juntó Jehú todo el pueblo, y",: Achâb sirvió poco a Baal; pero Jehú lo servirá mucho.,"Y juntó Jehú todo el pueblo, y díjoles: Achâb sirvió poco a Baal; pero Jehú lo servirá mucho.",les dijo,low,Forma enclitica arcaica.,Codex-assisted,replace,les dijo,Modernización de forma enclítica arcaica.
bc343429076e6eca6b56,OT,2KI,10,24,2KI 10:24,dijoles,51,95,102,díjoles,"a hacer sacrificios y holocaustos, Jehú puso fuera ochenta hombres, y",: Cualquiera que deje vivo alguno de aquellos hombres que yo he puesto,"Y como ellos entraron para hacer sacrificios y holocaustos, Jehú puso fuera ochenta hombres, y díjoles: Cualquiera que deje vivo alguno de aquellos hombres que yo he puesto en sus manos, su vida será por la del otro.",les dijo,low,Forma enclitica arcaica.,Codex-assisted,replace,les dijo,Modernización de forma enclítica arcaica.
da6b4c49ba51e200de82,OT,2KI,11,15,2KI 11:15,dijoles,52,79,86,díjoles,"acerdote Joiada mandó a los centuriones que gobernaban el ejército, y",": Sáquenla fuera del recinto del templo, y al que la siga, mátenlo a c","Pero el sacerdote Joiada mandó a los centuriones que gobernaban el ejército, y díjoles: Sáquenla fuera del recinto del templo, y al que la siga, mátenlo a cuchillo. (Porque el sacerdote dijo que no la matasen en el templo de Jehová.)",les dijo,low,Forma enclitica arcaica.,Codex-assisted,replace,les dijo,Modernización de forma enclítica arcaica.
66ff98b6997280635195,OT,2KI,12,7,2KI 12:7,dijoles,53,70,77,díjoles,"Llamando entonces el rey Joas al pontífice Joiada y a los sacerdotes,",": ¿Por qué no reparan las aberturas del templo? Ahora pues, no tomen m","Llamando entonces el rey Joas al pontífice Joiada y a los sacerdotes, díjoles: ¿Por qué no reparan las aberturas del templo? Ahora pues, no tomen más el dinero de sus familiares, sino denlo para reparar las roturas del templo.",les dijo,low,Forma enclitica arcaica.,Codex-assisted,replace,les dijo,Modernización de forma enclítica arcaica.
bb6c88e1d29241c0fa2c,OT,2KI,13,15,2KI 13:15,dijole,38,2,8,díjole,Y,Eliseo: Toma un arco y unas saetas. Tomóse él entonces un arco y unas,Y díjole Eliseo: Toma un arco y unas saetas. Tomóse él entonces un arco y unas saetas.,le dijo,low,Forma enclitica arcaica.,Codex-assisted,replace,le dijo,Modernización de forma enclítica arcaica.
b01b35a93084a7fa6890,OT,2KI,13,18,2KI 13:18,dijole,39,82,88,díjole,"decir: Toma las saetas. Y luego que el rey de Israel las hubo tomado,",": Hiere la tierra. Y él hirió tres veces, y cesó.","Y tornóle a decir: Toma las saetas. Y luego que el rey de Israel las hubo tomado, díjole: Hiere la tierra. Y él hirió tres veces, y cesó.",le dijo,low,Forma enclitica arcaica.,Codex-assisted,replace,le dijo,Modernización de forma enclítica arcaica.
9e27dd3460ed87d1fc9e,OT,2KI,18,19,2KI 18:19,dijoles,54,2,9,díjoles,Y,Rabsaces: Digan ahora a Ezechîas: Así dice el gran rey de Asiria: ¿Qu,Y díjoles Rabsaces: Digan ahora a Ezechîas: Así dice el gran rey de Asiria: ¿Qué confianza es esta en que tú estás?,les dijo,low,Forma enclitica arcaica.,Codex-assisted,replace,les dijo,Modernización de forma enclítica arcaica.
a0ee2be7943469dfcec9,OT,2KI,20,1,2KI 20:1,dijole,40,93,99,díjole,"zechîas enfermo de muerte, y vino a él Isaías profeta hijo de Amós, y",": Jehová dice así: Dispón de tu casa, porque has de morir, y no vivirá","En aquellos días cayó Ezechîas enfermo de muerte, y vino a él Isaías profeta hijo de Amós, y díjole: Jehová dice así: Dispón de tu casa, porque has de morir, y no vivirás.",le dijo,low,Forma enclitica arcaica.,Codex-assisted,replace,le dijo,Modernización de forma enclítica arcaica.
0c3aa3f7e21cf7b7b391,OT,2KI,20,14,2KI 20:14,dijole,41,51,57,díjole,"Entonces el profeta Isaías vino al rey Ezechîas, y",": ¿Qué dijeron aquellos varones, y de dónde vinieron a ti? Y Ezechîas","Entonces el profeta Isaías vino al rey Ezechîas, y díjole: ¿Qué dijeron aquellos varones, y de dónde vinieron a ti? Y Ezechîas le respondió: De lejanas tierras han venido, de Babilonia.",le dijo,low,Forma enclitica arcaica.,Codex-assisted,replace,le dijo,Modernización de forma enclítica arcaica.
60abd21da8cc4606ab61,OT,2KI,25,24,2KI 25:24,dijoles,55,63,70,díjoles,"Entonces Gedalías les hizo juramento, a ellos y a los suyos, y",": No teman de ser siervos de los Caldeos; habiten en la tierra, y sirv","Entonces Gedalías les hizo juramento, a ellos y a los suyos, y díjoles: No teman de ser siervos de los Caldeos; habiten en la tierra, y sirvan al rey de Babilonia, y les irá bien.",les dijo,low,Forma enclitica arcaica.,Codex-assisted,replace,les dijo,Modernización de forma enclítica arcaica.
cd5bf26ef745d408a139,OT,1CH,10,9,1CH 10:9,fuese,69,140,145,fuese,"viáronlo todo a la tierra de los Filisteos por todas partes, para que",denunciado a sus ídolos y al pueblo.,"Y luego que le hubieron desnudado, tomaron su cabeza y sus armas, y enviáronlo todo a la tierra de los Filisteos por todas partes, para que fuese denunciado a sus ídolos y al pueblo.",se fue,medium,Puede requerir ajustar la frase completa.,,,,
87c8181ecbd6ae5a5cca,OT,1CH,15,12,1CH 15:12,dijoles,56,2,9,díjoles,Y,": Ustedes que son los principales de padres entre los Levitas, santifí","Y díjoles: Ustedes que son los principales de padres entre los Levitas, santifíquense, ustedes y sus hermanos, y pasen el arca de Jehová Dios de Israel al lugar que le he preparado;",les dijo,low,Forma enclitica arcaica.,Codex-assisted,replace,les dijo,Modernización de forma enclítica arcaica.
470fc140686f4c8c1156,OT,1CH,17,21,1CH 17:21,fuese,70,63,68,fuese,"¿y qué gente hay en la tierra como tu pueblo Israel, cuyo Dios","y se redimiera un pueblo, para hacerte nombre con grandezas y maravil","¿y qué gente hay en la tierra como tu pueblo Israel, cuyo Dios fuese y se redimiera un pueblo, para hacerte nombre con grandezas y maravillas, echando las gentes de delante de tu pueblo, que tú rescataste de Egipto?",se fue,medium,Puede requerir ajustar la frase completa.,,,,
cd2e34591c6cd3447367,OT,1CH,21,11,1CH 21:11,dijole,42,24,30,díjole,"Y viniendo Gad a David,",: Así ha dicho Jehová:,"Y viniendo Gad a David, díjole: Así ha dicho Jehová:",le dijo,low,Forma enclitica arcaica.,Codex-assisted,replace,le dijo,Modernización de forma enclítica arcaica.
3b5abbf404ee632fa303,OT,1CH,26,10,1CH 26:10,fuese,71,119,124,fuese,"al, (aunque no era el primogénito, sino que su padre lo puso para que",cabeza;),"De Hosa, de los hijos de Merari: Simri el principal, (aunque no era el primogénito, sino que su padre lo puso para que fuese cabeza;)",se fue,medium,Puede requerir ajustar la frase completa.,,,,
ec2a9094654f4401c20f,OT,1CH,28,4,1CH 28:4,fuese,72,92,97,fuese,"Israel me eligió de toda la casa de mi padre, para que perpetuamente","rey sobre Israel: porque a Judá escogió por caudillo, y de la casa de","Pero Jehová el Dios de Israel me eligió de toda la casa de mi padre, para que perpetuamente fuese rey sobre Israel: porque a Judá escogió por caudillo, y de la casa de Judá la familia de mi padre; y de entre los hijos de mi padre agradóse de mí para ponerme por rey sobre todo Israel;",se fue,medium,Puede requerir ajustar la frase completa.,,,,
6eb3f71829bbd17fccca,OT,2CH,1,7,2CH 1:7,dijole,43,43,49,díjole,"Y aquella noche apareció Dios a Salomón, y",: Demanda lo que quisieres que yo te dé.,"Y aquella noche apareció Dios a Salomón, y díjole: Demanda lo que quisieres que yo te dé.",le dijo,low,Forma enclitica arcaica.,Codex-assisted,replace,le dijo,Modernización de forma enclítica arcaica.
0479d929e8a02d0dae90,OT,2CH,6,5,2CH 6:5,fuese,73,184,189,fuese,"ara edificar casa donde estuviese mi nombre, ni he escogido varón que",príncipe sobre mi pueblo Israel.,"Desde el día que saqué mi pueblo de la tierra de Egipto, ninguna ciudad he elegido de todas las tribus de Israel para edificar casa donde estuviese mi nombre, ni he escogido varón que fuese príncipe sobre mi pueblo Israel.",se fue,medium,Puede requerir ajustar la frase completa.,,,,
f170dd8aaab5a690418f,OT,2CH,6,6,2CH 6:6,fuese,74,91,96,fuese,"legido para que en ella esté mi nombre, y a David he elegido para que",sobre mi pueblo Israel.,"Pero a Jerusalem he elegido para que en ella esté mi nombre, y a David he elegido para que fuese sobre mi pueblo Israel.",se fue,medium,Puede requerir ajustar la frase completa.,,,,
2b9916b39fed48288e8d,OT,2CH,7,12,2CH 7:12,dijole,44,40,46,díjole,"Y apareció Jehová a Salomón de noche, y",": Yo he oído tu oración, y he elegido para mí este lugar por casa de s","Y apareció Jehová a Salomón de noche, y díjole: Yo he oído tu oración, y he elegido para mí este lugar por casa de sacrificio.",le dijo,low,Forma enclitica arcaica.,Codex-assisted,replace,le dijo,Modernización de forma enclítica arcaica.
56462e734220ad732783,OT,2CH,9,12,2CH 9:12,fuese,75,130,135,fuése,"so y le pidió, más de lo que había traído al rey. Después se volvió y",a su tierra con sus siervos.,"Y el rey Salomón dio a la reina de Seba todo lo que ella quiso y le pidió, más de lo que había traído al rey. Después se volvió y fuése a su tierra con sus siervos.",se fue,medium,Puede requerir ajustar la frase completa.,,,,
7746780128d7bd2a43ee,OT,2CH,10,6,2CH 10:6,dijoles,57,114,121,díjoles,"viejos, que habían estado delante de Salomón su padre cuando vivía, y",: ¿Cómo aconsejan ustedes que responda a este pueblo?,"Entonces el rey Roboam tomó consejo con los viejos, que habían estado delante de Salomón su padre cuando vivía, y díjoles: ¿Cómo aconsejan ustedes que responda a este pueblo?",les dijo,low,Forma enclitica arcaica.,Codex-assisted,replace,les dijo,Modernización de forma enclítica arcaica.
fd6bf8a6c8e52514a25e,OT,2CH,10,9,2CH 10:9,dijoles,58,2,9,díjoles,Y,": ¿Qué aconsejan ustedes que respondamos a este pueblo, que me ha habl","Y díjoles: ¿Qué aconsejan ustedes que respondamos a este pueblo, que me ha hablado, diciendo: Alivia algo del yugo que tu padre puso sobre nosotros?",les dijo,low,Forma enclitica arcaica.,Codex-assisted,replace,les dijo,Modernización de forma enclítica arcaica.
ddde487432acc1e9a9a7,OT,2CH,10,13,2CH 10:13,respondioles,2,2,14,respondióles,Y,"el rey ásperamente; pues dejó el rey Roboam el consejo de los viejos,","Y respondióles el rey ásperamente; pues dejó el rey Roboam el consejo de los viejos,",les respondió,low,Forma enclitica arcaica.,Codex-assisted,replace,les respondió,Modernización de forma enclítica arcaica.
38bbd7b95af5ddbcf599,OT,2CH,12,5,2CH 12:5,dijoles,59,122,129,díjoles,"ipes de Judá, que estaban reunidos en Jerusalem por causa de Sisac, y",": Así ha dicho Jehová: Ustedes me han dejado, y yo también les he deja","Entonces vino Semeías profeta a Roboam y a los príncipes de Judá, que estaban reunidos en Jerusalem por causa de Sisac, y díjoles: Así ha dicho Jehová: Ustedes me han dejado, y yo también les he dejado en manos de Sisac.",les dijo,low,Forma enclitica arcaica.,Codex-assisted,replace,les dijo,Modernización de forma enclítica arcaica.
a9ef9d4af28a4656ae61,OT,2CH,15,2,2CH 15:2,dijole,45,30,36,díjole,"Y salió al encuentro a Asa, y",": Óiganme, Asa, y todo Judá y Benjamín: Jehová es con ustedes, si uste","Y salió al encuentro a Asa, y díjole: Óiganme, Asa, y todo Judá y Benjamín: Jehová es con ustedes, si ustedes están con él: y si le buscan, será hallado de ustedes; pero si le dejan, él también les dejará.",le dijo,low,Forma enclitica arcaica.,Codex-assisted,replace,le dijo,Modernización de forma enclítica arcaica.
4fbbc21f9db4d839d2da,OT,2CH,16,7,2CH 16:7,dijole,46,57,63,díjole,"En aquel tiempo vino Hanani vidente a Asa rey de Judá, y",": Por cuanto te has apoyado en el rey de Siria, y no te apoyaste en Je","En aquel tiempo vino Hanani vidente a Asa rey de Judá, y díjole: Por cuanto te has apoyado en el rey de Siria, y no te apoyaste en Jehová tu Dios, por eso el ejército del rey de Siria ha escapado de tus manos.",le dijo,low,Forma enclitica arcaica.,Codex-assisted,replace,le dijo,Modernización de forma enclítica arcaica.
6856c8c360f2297d1a19,OT,2CH,18,2,2CH 18:2,fuese,76,161,166,fuese,"y bueyes para él, y para la gente que con él venía: y persuadióle que",con él a Ramoth de Galaad.,"Y después de algunos años descendió a Achâb a Samaria; por lo que mató Achâb muchas ovejas y bueyes para él, y para la gente que con él venía: y persuadióle que fuese con él a Ramoth de Galaad.",se fue,medium,Puede requerir ajustar la frase completa.,,,,
218d6f0d6329bab35333,OT,2CH,18,5,2CH 18:5,dijoles,60,58,65,díjoles,"Entonces el rey de Israel juntó cuatrocientos profetas, y",": ¿Iremos a la guerra contra Ramoth de Galaad, o estaréme yo quieto? Y","Entonces el rey de Israel juntó cuatrocientos profetas, y díjoles: ¿Iremos a la guerra contra Ramoth de Galaad, o estaréme yo quieto? Y ellos dijeron: Sube, que Dios los entregará en mano del rey.",les dijo,low,Forma enclitica arcaica.,Codex-assisted,replace,les dijo,Modernización de forma enclítica arcaica.
80b28fac27e615a14010,OT,2CH,18,8,2CH 18:8,dijole,47,45,51,díjole,"Entonces el rey de Israel llamó un eunuco, y",: Haz venir luego a Michêas hijo de Imla.,"Entonces el rey de Israel llamó un eunuco, y díjole: Haz venir luego a Michêas hijo de Imla.",le dijo,low,Forma enclitica arcaica.,Codex-assisted,replace,le dijo,Modernización de forma enclítica arcaica.
94ca8939cfced1acd55a,OT,2CH,21,20,2CH 21:20,fuese,77,85,90,fuése,"a reinar era de treinta y dos años, y reinó en Jerusalem ocho años; y","sin ser deseado. Y sepultáronlo en la ciudad de David, pero no en los","Cuando comenzó a reinar era de treinta y dos años, y reinó en Jerusalem ocho años; y fuése sin ser deseado. Y sepultáronlo en la ciudad de David, pero no en los sepulcros de los reyes.",se fue,medium,Puede requerir ajustar la frase completa.,,,,
184ae9a9cccb42536639,OT,2CH,22,7,2CH 22:7,fuese,78,43,48,fuese,"Esto pero venía de Dios, para que Ochôzías","hollado viniendo a Joram: porque siendo venido, salió con Joram contr","Esto pero venía de Dios, para que Ochôzías fuese hollado viniendo a Joram: porque siendo venido, salió con Joram contra Jehú hijo de Nimsi, al cual Jehová había ungido para que talase la casa de Achâb.",se fue,medium,Puede requerir ajustar la frase completa.,,,,
bd97710a4a863c397dc5,OT,2CH,23,14,2CH 23:14,dijoles,61,72,79,díjoles,"sacando el pontífice Joiada los centuriones y capitanes del ejército,",": Sáquenla fuera del recinto; y el que la siga, muera a cuchillo: porq","Y sacando el pontífice Joiada los centuriones y capitanes del ejército, díjoles: Sáquenla fuera del recinto; y el que la siga, muera a cuchillo: porque el sacerdote había mandado que no la matasen en la casa de Jehová.",les dijo,low,Forma enclitica arcaica.,Codex-assisted,replace,les dijo,Modernización de forma enclítica arcaica.
4b9301bcb718d24dd169,OT,2CH,24,5,2CH 24:5,dijoles,62,40,47,díjoles,"Y juntó los sacerdotes y los Levitas, y",": Salgan por las ciudades de Judá, y junten dinero de todo Israel, par","Y juntó los sacerdotes y los Levitas, y díjoles: Salgan por las ciudades de Judá, y junten dinero de todo Israel, para que cada año sea reparada la casa de su Dios; y ustedes pongan diligencia en el negocio. Pero los Levitas no pusieron diligencia.",les dijo,low,Forma enclitica arcaica.,Codex-assisted,replace,les dijo,Modernización de forma enclítica arcaica.
a6ef881ce81d32ba0f74,OT,2CH,24,6,2CH 24:6,dijole,48,50,56,díjole,"Por lo cual el rey llamó a Joiada el principal, y",: ¿Por qué no has procurado que los Levitas traigan de Judá y de Jerus,"Por lo cual el rey llamó a Joiada el principal, y díjole: ¿Por qué no has procurado que los Levitas traigan de Judá y de Jerusalem al tabernáculo del testimonio, la ofrenda que impuso Moisés siervo de Jehová, y de la congregación de Israel?",le dijo,low,Forma enclitica arcaica.,Codex-assisted,replace,le dijo,Modernización de forma enclítica arcaica.
111ba529521aef59a2d2,OT,2CH,26,18,2CH 26:18,dijeronle,27,37,46,dijéronle,"Y pusiéronse contra el rey Uzzías, y",": No a ti, oh Uzzías, el quemar perfume a Jehová, sino a los sacerdote","Y pusiéronse contra el rey Uzzías, y dijéronle: No a ti, oh Uzzías, el quemar perfume a Jehová, sino a los sacerdotes hijos de Aarón, que son consagrados para quemarlo: sal del santuario, por que has prevaricado, y no te será para gloria delante del Dios Jehová.",le dijeron,low,Forma enclitica arcaica.,Codex-assisted,replace,le dijeron,Modernización de forma enclítica arcaica.
1505829c7ca6a126f334,OT,2CH,28,9,2CH 28:9,dijoles,63,127,134,díjoles,"Obed, el cual salió delante del ejército cuando entraba en Samaria, y",": He aquí Jehová el Dios de sus padres, por el enojo contra Judá, los","Había entonces allí un profeta de Jehová, que se llamaba Obed, el cual salió delante del ejército cuando entraba en Samaria, y díjoles: He aquí Jehová el Dios de sus padres, por el enojo contra Judá, los ha entregado en sus manos; y ustedes los han muerto con ira, que hasta el cielo ha llegado.",les dijo,low,Forma enclitica arcaica.,Codex-assisted,replace,les dijo,Modernización de forma enclítica arcaica.
951bcf2bc42cdb540b3e,OT,2CH,28,13,2CH 28:13,dijeronles,5,2,12,dijéronles,Y,: No metan acá la cautividad; porque el pecado contra Jehová será sobr,"Y dijéronles: No metan acá la cautividad; porque el pecado contra Jehová será sobre nosotros. Ustedes tratan de añadir sobre nuestros pecados y sobre nuestras culpas, siendo asaz grande nuestro delito, y la ira del furor sobre Israel.",les dijeron,low,Forma enclitica arcaica.,Codex-assisted,replace,les dijeron,Modernización de forma enclítica arcaica.
793570bd2e2c1cff0bdd,OT,2CH,29,5,2CH 29:5,dijoles,64,2,9,díjoles,Y,": Óiganme, Levitas, y santifíquense ahora, y santificarán la casa de J","Y díjoles: Óiganme, Levitas, y santifíquense ahora, y santificarán la casa de Jehová el Dios de sus padres, y sacarán del santuario la inmundicia.",les dijo,low,Forma enclitica arcaica.,Codex-assisted,replace,les dijo,Modernización de forma enclítica arcaica.
3f4323dce6abd93fd571,OT,2CH,29,18,2CH 29:18,dijeronle,28,33,42,dijéronle,"Luego pasaron al rey Ezechîas, y",": Ya hemos limpiado toda la casa de Jehová, el altar del holocausto, y","Luego pasaron al rey Ezechîas, y dijéronle: Ya hemos limpiado toda la casa de Jehová, el altar del holocausto, y todos sus instrumentos, y la mesa de la proposición con todos sus utensilios.",le dijeron,low,Forma enclitica arcaica.,Codex-assisted,replace,le dijeron,Modernización de forma enclítica arcaica.
c9c8ab605ff70e3681f6,OT,2CH,34,22,2CH 34:22,dijeronle,29,190,199,dijéronle,"vestimentas, la cual moraba en Jerusalem en la casa de la doctrina; y",las palabras dichas.,"Entonces Hilcías y los del rey fueron a Hulda profetisa, mujer de Sallum, hijo de Tikvath, hijo de Hasra, guarda de las vestimentas, la cual moraba en Jerusalem en la casa de la doctrina; y dijéronle las palabras dichas.",le dijeron,low,Forma enclitica arcaica.,Codex-assisted,replace,le dijeron,Modernización de forma enclítica arcaica.
8f043c949e06537545a7,OT,EZR,4,2,EZR 4:2,dijeronles,6,57,67,dijéronles,"Llegáronse a Zorobabel, y a los cabezas de los padres, y",": Edificaremos con ustedes, porque como ustedes buscaremos a su Dios,","Llegáronse a Zorobabel, y a los cabezas de los padres, y dijéronles: Edificaremos con ustedes, porque como ustedes buscaremos a su Dios, y a él sacrificamos desde los días de Esar-haddón rey de Asiria, que nos hizo subir aquí.",les dijeron,low,Forma enclitica arcaica.,Codex-assisted,replace,les dijeron,Modernización de forma enclítica arcaica.
dcd9f39aba9792b3b2be,OT,EZR,4,3,EZR 4:3,dijoles,65,2,9,díjoles,Y,"Zorobabel, y Jesuá, y los demás cabezas de los padres de Israel: No n","Y díjoles Zorobabel, y Jesuá, y los demás cabezas de los padres de Israel: No nos conviene edificar con ustedes casa a nuestro Dios, sino que nosotros solos la edificaremos a Jehová Dios de Israel, como nos mandó el rey Ciro, rey de Persia.",les dijo,low,Forma enclitica arcaica.,Codex-assisted,replace,les dijo,Modernización de forma enclítica arcaica.
375a39bf343ded9bbe83,OT,EZR,5,3,EZR 5:3,dijeronles,7,107,117,dijéronles,"capitán de la parte allá del río, y Sethar-boznai y sus compañeros, y","así: ¿Quién les dio mandamiento para edificar esta casa, y restablece","En aquel tiempo vino a ellos Tatnai, capitán de la parte allá del río, y Sethar-boznai y sus compañeros, y dijéronles así: ¿Quién les dio mandamiento para edificar esta casa, y restablecer estos muros?",les dijeron,low,Forma enclitica arcaica.,Codex-assisted,replace,les dijeron,Modernización de forma enclítica arcaica.
25162778055285e31324,OT,EZR,5,13,EZR 5:13,fuese,79,106,111,fuese,"bilonia, el mismo rey Ciro dio mandamiento para que esta casa de Dios",edificada.,"Pero el primer año de Ciro rey de Babilonia, el mismo rey Ciro dio mandamiento para que esta casa de Dios fuese edificada.",se fue,medium,Puede requerir ajustar la frase completa.,,,,
67337736b81bfc04ada0,OT,EZR,6,3,EZR 6:3,fuese,80,121,126,fuese,"io mandamiento acerca de la casa de Dios que estaba en Jerusalem, que","la casa edificada para lugar en que sacrifiquen sacrificios, y que su","En el año primero del rey Ciro, el mismo rey Ciro dio mandamiento acerca de la casa de Dios que estaba en Jerusalem, que fuese la casa edificada para lugar en que sacrifiquen sacrificios, y que sus paredes fuesen cubiertas; su altura de sesenta codos, y de sesenta codos su anchura;",se fue,medium,Puede requerir ajustar la frase completa.,,,,
9a1079e2bbf27ff5c47b,OT,EZR,10,6,EZR 10:6,fuese,81,53,58,fuése,"Levantóse luego Esdras de delante la casa de Dios, y","a la cámara de Johanán hijo de Eliasib: e ido allá, no comió pan ni b","Levantóse luego Esdras de delante la casa de Dios, y fuése a la cámara de Johanán hijo de Eliasib: e ido allá, no comió pan ni bebió agua, porque se entristeció sobre la prevaricación de los de la transmigración.",se fue,medium,Puede requerir ajustar la frase completa.,,,,
b43a5ba01d58f21422c6,OT,EZR,10,8,EZR 10:8,fuese,82,133,138,fuese,"o de los príncipes y de los ancianos, perdiese toda su hacienda, y él",apartado de la compañía de los de la transmigración.,"Y que el que no viniera dentro de tres días, conforme al acuerdo de los príncipes y de los ancianos, perdiese toda su hacienda, y él fuese apartado de la compañía de los de la transmigración.",se fue,medium,Puede requerir ajustar la frase completa.,,,,
660c083e9a7de613d138,OT,EZR,10,10,EZR 10:10,dijoles,66,35,42,díjoles,"Y levantóse Esdras el sacerdote, y",": Ustedes han prevaricado, por cuanto tomaron mujeres extrañas, añadie","Y levantóse Esdras el sacerdote, y díjoles: Ustedes han prevaricado, por cuanto tomaron mujeres extrañas, añadiendo así sobre el pecado de Israel.",les dijo,low,Forma enclitica arcaica.,Codex-assisted,replace,les dijo,Modernización de forma enclítica arcaica.
2087a9b509cc00e46415,OT,NEH,5,14,NEH 5:14,fuese,83,45,50,fuese,También desde el día que me mandó el rey que,"gobernador de ellos en la tierra de Judá, desde el año veinte del rey","También desde el día que me mandó el rey que fuese gobernador de ellos en la tierra de Judá, desde el año veinte del rey Artajerjes hasta el año treinta y dos, doce años, ni yo ni mis hermanos comimos el pan del gobernador.",se fue,medium,Puede requerir ajustar la frase completa.,,,,
acf89a7ca31b12cc67ef,OT,NEH,7,65,NEH 7:65,dijoles,67,2,9,díjoles,Y,"el Tirsatha que no comiesen de las cosas más santas, hasta que hubies","Y díjoles el Tirsatha que no comiesen de las cosas más santas, hasta que hubiese sacerdote con Urim y Thummim.",les dijo,low,Forma enclitica arcaica.,Codex-assisted,replace,les dijo,Modernización de forma enclítica arcaica.
3033d33535d87b454d82,OT,NEH,8,10,NEH 8:10,dijoles,68,0,7,Díjoles,,"luego: Vayan, coman grosuras, y beban vino dulce, y envíen porciones","Díjoles luego: Vayan, coman grosuras, y beban vino dulce, y envíen porciones a los que no tienen prevenido; porque día santo es a nuestro Señor: y no se entristezcan, porque el gozo de Jehová es su fortaleza.",les dijo,low,Forma enclitica arcaica.,Codex-assisted,replace,Les dijo,Modernización de forma enclítica arcaica.
0118f1ea73a244f626ac,OT,EST,1,22,EST 1:22,fuese,84,156,161,fuese,"bir, y a cada pueblo conforme a su lenguaje, diciendo que todo hombre",señor en su casa; y háblese esto según la lengua de su pueblo.,"Pues envió letras a todas las provincias del rey, a cada provincia conforme a su escribir, y a cada pueblo conforme a su lenguaje, diciendo que todo hombre fuese señor en su casa; y háblese esto según la lengua de su pueblo.",se fue,medium,Puede requerir ajustar la frase completa.,,,,
b20080c7e48d9f34763c,OT,EST,3,11,EST 3:11,dijole,49,2,8,díjole,Y,": La plata propuesta sea para ti, y asimismo el pueblo, para que hagas","Y díjole: La plata propuesta sea para ti, y asimismo el pueblo, para que hagas de él lo que bien te parezca.",le dijo,low,Forma enclitica arcaica.,Codex-assisted,replace,le dijo,Modernización de forma enclítica arcaica.
ea7fb3a8dabfe7e9b393,OT,EST,4,1,EST 4:1,fuese,85,107,112,fuése,"se había hecho, rasgó sus vestidos, y vistióse de saco y de ceniza, y",por medio de la ciudad clamando con grande y amargo clamor.,"Luego que supo Mardochêo todo lo que se había hecho, rasgó sus vestidos, y vistióse de saco y de ceniza, y fuése por medio de la ciudad clamando con grande y amargo clamor.",se fue,medium,Puede requerir ajustar la frase completa.,,,,
f71dd39371c63bcddbdf,OT,EST,4,8,EST 4:8,fuese,86,180,185,fuese,"fin de que la mostrara a Esther y se lo declarase, y le encargara que","al rey a suplicarle, y a pedir delante de él por su pueblo.","Dióle también la copia de la escritura del decreto que había sido dado en Susán para que fuesen destruídos, a fin de que la mostrara a Esther y se lo declarase, y le encargara que fuese al rey a suplicarle, y a pedir delante de él por su pueblo.",se fue,medium,Puede requerir ajustar la frase completa.,,,,
f9e1a147f4ff11a682f1,OT,EST,5,14,EST 5:14,dijole,50,2,8,díjole,Y,"Zeres su mujer, y todos sus amigos: Hagan una horca alta de cincuenta","Y díjole Zeres su mujer, y todos sus amigos: Hagan una horca alta de cincuenta codos, y mañana di al rey que cuelguen a Mardochêo en ella; y entra con el rey al banquete alegre. Y plugo la cosa en los ojos de Amán, e hizo preparar la horca.",le dijo,low,Forma enclitica arcaica.,Codex-assisted,replace,le dijo,Modernización de forma enclítica arcaica.
fa12cf7f95fc4a180067,OT,EST,6,13,EST 6:13,dijeronle,30,92,101,dijéronle,"es su mujer, y a todos sus amigos, todo lo que le había acontecido: y","sus sabios, y Zeres su mujer: Si de la simiente de los Judíos es el M","Contó luego Amán a Zeres su mujer, y a todos sus amigos, todo lo que le había acontecido: y dijéronle sus sabios, y Zeres su mujer: Si de la simiente de los Judíos es el Mardochêo, delante de quien has comenzado a caer, no lo vencerás; antes caerás por cierto delante de él.",le dijeron,low,Forma enclitica arcaica.,Codex-assisted,replace,le dijeron,Modernización de forma enclítica arcaica.
208e1bcc8b93e3514f7e,OT,EST,8,13,EST 8:13,fuese,87,86,91,fuese,"scritura que había de darse por ordenanza en cada provincia, para que","manifiesta a todos los pueblos, decía que los Judíos estuviesen aperc","La copia de la escritura que había de darse por ordenanza en cada provincia, para que fuese manifiesta a todos los pueblos, decía que los Judíos estuviesen apercibidos para aquel día, para vengarse de sus enemigos.",se fue,medium,Puede requerir ajustar la frase completa.,,,,
fdf468e9418bb1b3e718,OT,JOB,2,9,JOB 2:9,dijole,51,0,6,Díjole,,"entonces su mujer: ¿Aun retienes tú tu simplicidad? Bendice a Dios, y","Díjole entonces su mujer: ¿Aun retienes tú tu simplicidad? Bendice a Dios, y muérete.",le dijo,low,Forma enclitica arcaica.,Codex-assisted,replace,Le dijo,Modernización de forma enclítica arcaica.
40210dddd005cde4d01e,OT,JOB,9,15,JOB 9:15,fuese,88,11,16,fuese,Que aunque,"yo justo, no responderé; antes habré de rogar a mi juez.","Que aunque fuese yo justo, no responderé; antes habré de rogar a mi juez.",se fue,medium,Puede requerir ajustar la frase completa.,,,,
958edaf164e78bc9d618,OT,JOB,9,21,JOB 9:21,fuese,89,12,17,fuese,Bien que yo,"íntegro, no conozco mi alma: reprocharé mi vida.","Bien que yo fuese íntegro, no conozco mi alma: reprocharé mi vida.",se fue,medium,Puede requerir ajustar la frase completa.,,,,
a657b7db51a16345d8fd,OT,JOB,18,15,JOB 18:15,fuese,90,31,36,fuese,En su tienda morará como si no,suya: piedra azufre será esparcida sobre su morada.,En su tienda morará como si no fuese suya: piedra azufre será esparcida sobre su morada.,se fue,medium,Puede requerir ajustar la frase completa.,,,,
5e1e80682e67945294a8,OT,PRO,7,13,PRO 7:13,dijole,52,50,56,díjole,"Y traba de él, y bésalo; desvergonzó su rostro, y",:,"Y traba de él, y bésalo; desvergonzó su rostro, y díjole:",le dijo,low,Forma enclitica arcaica.,Codex-assisted,replace,le dijo,Modernización de forma enclítica arcaica.
5e70beb68037f9b52f3d,OT,ECC,2,3,ECC 2:3,fuese,91,135,140,fuese,"mi corazón en sabiduría, con retención de la necedad, hasta ver cuál","el bien de los hijos de los hombres, en el cual se ocuparan debajo de","Propuse en mi corazón agasajar mi carne con vino, y que anduviese mi corazón en sabiduría, con retención de la necedad, hasta ver cuál fuese el bien de los hijos de los hombres, en el cual se ocuparan debajo del cielo todos los días de su vida.",se fue,medium,Puede requerir ajustar la frase completa.,,,,
90df8c9636c41ffc15b1,OT,ISA,37,6,ISA 37:6,dijoles,69,2,9,díjoles,Y,Isaías: Dirán así a su señor: Así dice Jehová: No temas por las palab,"Y díjoles Isaías: Dirán así a su señor: Así dice Jehová: No temas por las palabras que has oído, con las cuales me han blasfemado los siervos del rey de Asiria.",les dijo,low,Forma enclitica arcaica.,Codex-assisted,replace,les dijo,Modernización de forma enclítica arcaica.
ea6197be76d517fbb16d,OT,ISA,38,1,ISA 38:1,dijole,53,95,101,díjole,"chîas enfermo para morir. Y vino a él Isaías profeta, hijo de Amoz, y",": Jehová dice así: Ordena tu casa, porque tú morirás, y no vivirás.","En aquellos días cayó Ezechîas enfermo para morir. Y vino a él Isaías profeta, hijo de Amoz, y díjole: Jehová dice así: Ordena tu casa, porque tú morirás, y no vivirás.",le dijo,low,Forma enclitica arcaica.,Codex-assisted,replace,le dijo,Modernización de forma enclítica arcaica.
c685677f15cd03e73ae7,OT,ISA,39,3,ISA 39:3,dijole,54,48,54,díjole,"Entonces Isaías profeta vino al rey Ezechîas, y",": ¿Qué dicen estos hombres, y de dónde han venido a ti? Y Ezechîas res","Entonces Isaías profeta vino al rey Ezechîas, y díjole: ¿Qué dicen estos hombres, y de dónde han venido a ti? Y Ezechîas respondió: De tierra muy lejos han venido a mí, de Babilonia.",le dijo,low,Forma enclitica arcaica.,Codex-assisted,replace,le dijo,Modernización de forma enclítica arcaica.
e040ea999dad8d6026f7,OT,ISA,45,18,ISA 45:18,fuese,92,139,144,fuese,"la tierra, el que la hizo y la compuso; no la creó en vano, para que","habitada la creó: Yo Jehová, y ninguno más que yo.","Porque así dijo Jehová, que creó los cielos; él es Dios, el que formó la tierra, el que la hizo y la compuso; no la creó en vano, para que fuese habitada la creó: Yo Jehová, y ninguno más que yo.",se fue,medium,Puede requerir ajustar la frase completa.,,,,
1d42d473bd101d965a69,OT,JER,20,3,JER 20:3,dijole,55,52,58,Díjole,Y el día siguiente Pashur sacó a Jeremías del cepo.,"entonces Jeremías: Jehová no ha llamado tu nombre Pashur, sino Magor-","Y el día siguiente Pashur sacó a Jeremías del cepo. Díjole entonces Jeremías: Jehová no ha llamado tu nombre Pashur, sino Magor-missabib.",le dijo,low,Forma enclitica arcaica.,Codex-assisted,replace,Le dijo,Modernización de forma enclítica arcaica.
0aacb5cbac188190c8c1,OT,JER,22,24,JER 22:24,fuese,93,63,68,fuese,"Vivo yo, dice Jehová, que si Conías hijo de Joacím rey de Judá","anillo en mi mano diestra, aun de allí te arrancaré;","Vivo yo, dice Jehová, que si Conías hijo de Joacím rey de Judá fuese anillo en mi mano diestra, aun de allí te arrancaré;",se fue,medium,Puede requerir ajustar la frase completa.,,,,
f5bd9e6b7ed082656987,OT,JER,28,11,JER 28:11,fuese,94,209,214,fuése,"bilonia, del cuello de todas las gentes dentro de dos años de días. Y",Jeremías su camino.,"Y habló Hananías en presencia de todo el pueblo, diciendo: Así ha dicho Jehová: De esta manera quebraré el yugo de Nabucodonosor, rey de Babilonia, del cuello de todas las gentes dentro de dos años de días. Y fuése Jeremías su camino.",se fue,medium,Puede requerir ajustar la frase completa.,,,,
56854083638b149a9920,OT,JER,36,15,JER 36:15,dijeronle,31,2,11,dijéronle,Y,": Siéntate ahora, y léelo en nuestros oídos. Y leyó Baruch en sus oído","Y dijéronle: Siéntate ahora, y léelo en nuestros oídos. Y leyó Baruch en sus oídos.",le dijeron,low,Forma enclitica arcaica.,Codex-assisted,replace,le dijeron,Modernización de forma enclítica arcaica.
81ee7fa2a7386e7ff13b,OT,JER,38,27,JER 38:27,preguntaronle,2,51,64,preguntáronle,"Y vinieron luego todos los príncipes a Jeremías, y",: y él les respondió conforme a todo lo que el rey le había mandado. C,"Y vinieron luego todos los príncipes a Jeremías, y preguntáronle: y él les respondió conforme a todo lo que el rey le había mandado. Con esto se dejaron de él, porque el negocio no se había oído.",le preguntaron,low,Forma enclitica arcaica.,Codex-assisted,replace,le preguntaron,Modernización de forma enclítica arcaica.
f5883bc291b7216952be,OT,JER,40,2,JER 40:2,dijole,56,49,55,díjole,"Tomó pues el capitán de la guardia a Jeremías, y",: Jehová tu Dios habló este mal contra este lugar;,"Tomó pues el capitán de la guardia a Jeremías, y díjole: Jehová tu Dios habló este mal contra este lugar;",le dijo,low,Forma enclitica arcaica.,Codex-assisted,replace,le dijo,Modernización de forma enclítica arcaica.
f6cb2bcd82093efc1324,OT,JER,40,6,JER 40:6,fuese,95,0,5,Fuése,,"entonces Jeremías a Gedalías hijo de Ahicam, a Mizpa, y moró con él e","Fuése entonces Jeremías a Gedalías hijo de Ahicam, a Mizpa, y moró con él en medio del pueblo que había quedado en la tierra.",se fue,medium,Puede requerir ajustar la frase completa.,,,,
5d76b9b1c612426ab2ea,OT,JER,40,14,JER 40:14,dijeronle,32,2,11,dijéronle,Y,": ¿No sabes de cierto como Baalis, rey de los hijos de Ammón, ha envia","Y dijéronle: ¿No sabes de cierto como Baalis, rey de los hijos de Ammón, ha enviado a Ismael hijo de Nethanías, para matarte? Pero Gedalías hijo de Ahicam no los creyó.",le dijeron,low,Forma enclitica arcaica.,Codex-assisted,replace,le dijeron,Modernización de forma enclítica arcaica.
34c9efbca32bbabf5c28,OT,JER,41,6,JER 41:6,dijoles,70,105,112,díjoles,"lorando, Ismael hijo de Nethanías: y aconteció que como los encontró,",": Vengan a Gedalías, hijo de Ahicam.","Y de Mizpa salióles al encuentro, llorando, Ismael hijo de Nethanías: y aconteció que como los encontró, díjoles: Vengan a Gedalías, hijo de Ahicam.",les dijo,low,Forma enclitica arcaica.,Codex-assisted,replace,les dijo,Modernización de forma enclítica arcaica.
bb6488da7e2965389437,OT,JER,42,9,JER 42:9,dijoles,71,2,9,díjoles,Y,": Así ha dicho Jehová Dios de Israel, al cual me enviaron para que hic","Y díjoles: Así ha dicho Jehová Dios de Israel, al cual me enviaron para que hiciese caer sus ruegos en su presencia:",les dijo,low,Forma enclitica arcaica.,Codex-assisted,replace,les dijo,Modernización de forma enclítica arcaica.
2fce3332c8d17ffca597,OT,LAM,1,3,LAM 1:3,fuese,96,0,5,Fuése,,"Judá, a causa de la aflicción, y de la grandeza de servidumbre; ella","Fuése Judá, a causa de la aflicción, y de la grandeza de servidumbre; ella moró entre las gentes, y no halló descanso: todos sus perseguidores la alcanzaron entre estrechuras.",se fue,medium,Puede requerir ajustar la frase completa.,,,,
8838a4f5714ce96d8e0e,OT,LAM,1,6,LAM 1:6,fuese,97,0,5,Fuése,,de la hija de Sión toda su hermosura: sus príncipes fueron como cierv,"Fuése de la hija de Sión toda su hermosura: sus príncipes fueron como ciervos que no hallan pasto, y anduvieron sin fortaleza delante del perseguidor.",se fue,medium,Puede requerir ajustar la frase completa.,,,,
f64ab26835fe3169ec2e,OT,EZK,9,4,EZK 9:4,dijole,57,2,8,díjole,Y,"Jehová: Pasa por medio de la ciudad, por medio de Jerusalem, y pon un","Y díjole Jehová: Pasa por medio de la ciudad, por medio de Jerusalem, y pon una señal en la frente a los hombres que gimen y que claman a causa de todas las abominaciones que se hacen en medio de ella.",le dijo,low,Forma enclitica arcaica.,Codex-assisted,replace,le dijo,Modernización de forma enclítica arcaica.
db0b7976970ea7037b80,OT,EZK,9,7,EZK 9:7,dijoles,72,2,9,díjoles,Y,": Contaminen la casa, y hinchan los atrios de muertos: salgan. Y salie","Y díjoles: Contaminen la casa, y hinchan los atrios de muertos: salgan. Y salieron, e hirieron en la ciudad.",les dijo,low,Forma enclitica arcaica.,Codex-assisted,replace,les dijo,Modernización de forma enclítica arcaica.
4845b431dccd00382379,OT,EZK,10,2,EZK 10:2,dijole,58,39,45,díjole,"Y habló al varón vestido de lienzos, y",": Entra en medio de las ruedas debajo de los querubines, e hinche tus","Y habló al varón vestido de lienzos, y díjole: Entra en medio de las ruedas debajo de los querubines, e hinche tus manos de carbones encendidos de entre los querubines, y derrama sobre la ciudad. Y entró a vista mía.",le dijo,low,Forma enclitica arcaica.,Codex-assisted,replace,le dijo,Modernización de forma enclítica arcaica.
e5ff91f5fc91de8e44bc,OT,EZK,11,24,EZK 11:24,partiose,11,131,139,partióse,"el espíritu de Dios a la tierra de los Caldeos, a los trasportados. Y",de mí la visión que había visto.,"Luego me levantó el espíritu, y volvióme a llevar en visión del espíritu de Dios a la tierra de los Caldeos, a los trasportados. Y partióse de mí la visión que había visto.",se fue,medium,Puede significar partir/salir; revisar contexto.,,,,
aea56f3a96c91d8c6952,OT,EZK,17,8,EZK 17:8,fuese,98,104,109,fuese,"guas fue plantada, para que hiciese ramos y llevase fruto, y para que",vid robusta.,"En un buen campo, junto a muchas aguas fue plantada, para que hiciese ramos y llevase fruto, y para que fuese vid robusta.",se fue,medium,Puede requerir ajustar la frase completa.,,,,
e108b5f07b0161d4a4df,OT,EZK,17,14,EZK 17:14,fuese,99,18,23,fuese,Para que el reino,"abatido y no se levantase, sino que guardase su alianza y estuviese e","Para que el reino fuese abatido y no se levantase, sino que guardase su alianza y estuviese en ella.",se fue,medium,Puede requerir ajustar la frase completa.,,,,
fae9a060a8776d19b635,OT,EZK,24,7,EZK 24:7,fuese,100,112,117,fuese,re una piedra alisada la puso; no la derramó sobre la tierra para que,cubierta con polvo.,Porque su sangre fue en medio de ella: sobre una piedra alisada la puso; no la derramó sobre la tierra para que fuese cubierta con polvo.,se fue,medium,Puede requerir ajustar la frase completa.,,,,
889985239aa1266cbb35,OT,DAN,2,17,DAN 2:17,fuese,101,0,5,Fuése,,"luego Daniel a su casa, y declaró el negocio a Ananías, Misael, y Aza","Fuése luego Daniel a su casa, y declaró el negocio a Ananías, Misael, y Azarías, sus compañeros,",se fue,medium,Puede requerir ajustar la frase completa.,,,,
0002b45694c12e9a2ca6,OT,DAN,2,24,DAN 2:24,dijole,59,112,118,díjole,"cual el rey había puesto para matar a los sabios de Babilonia; fue, y","así: No mates a los sabios de Babilonia: llévame delante del rey, que","Después de esto Daniel entró a Arioch, al cual el rey había puesto para matar a los sabios de Babilonia; fue, y díjole así: No mates a los sabios de Babilonia: llévame delante del rey, que yo mostraré al rey la declaración.",le dijo,low,Forma enclitica arcaica.,Codex-assisted,replace,le dijo,Modernización de forma enclítica arcaica.
99927954aeda729ae9af,OT,DAN,2,25,DAN 2:25,dijole,60,62,68,díjole,"Entonces Arioch llevó prestamente a Daniel delante del rey, y","así: Un varón de los trasportados de Judá he hallado, el cual declara","Entonces Arioch llevó prestamente a Daniel delante del rey, y díjole así: Un varón de los trasportados de Judá he hallado, el cual declarará al rey la interpretación.",le dijo,low,Forma enclitica arcaica.,Codex-assisted,replace,le dijo,Modernización de forma enclítica arcaica.
ad4326c700c132160fbd,OT,DAN,3,11,DAN 3:11,fuese,102,35,40,fuese,"Y el que no se postrase y adorase,",echado dentro de un horno de fuego ardiendo.,"Y el que no se postrase y adorase, fuese echado dentro de un horno de fuego ardiendo.",se fue,medium,Puede requerir ajustar la frase completa.,,,,
69b52c20ba4204e06b80,OT,DAN,3,14,DAN 3:14,dijoles,73,23,30,díjoles,"Habló Nabucodonosor, y",": ¿Es verdad Sadrach, Mesach, y Abed-nego, que ustedes no honran a mi","Habló Nabucodonosor, y díjoles: ¿Es verdad Sadrach, Mesach, y Abed-nego, que ustedes no honran a mi dios, ni adoran la estatua de oro que he levantado?",les dijo,low,Forma enclitica arcaica.,Codex-assisted,replace,les dijo,Modernización de forma enclítica arcaica.
c7e02b12f071859c1240,OT,DAN,5,29,DAN 5:29,fuese,103,129,134,fuese,"a, y en su cuello fue puesto un collar de oro, y pregonaron de él que",el tercer señor en el reino.,"Entonces, mandándolo Belsasar, vistieron a Daniel de púrpura, y en su cuello fue puesto un collar de oro, y pregonaron de él que fuese el tercer señor en el reino.",se fue,medium,Puede requerir ajustar la frase completa.,,,,
0ee88f2c0c0b0960d03e,OT,DAN,6,12,DAN 6:12,fuese,104,198,203,fuese,"er dios ú hombre en el espacio de treinta días, excepto a ti, oh rey,","echado en el foso de los leones? Respondió el rey y dijo: Verdad es,","Llegáronse luego, y hablaron delante del rey acerca del edicto real: ¿No has confirmado edicto que cualquiera que pida a cualquier dios ú hombre en el espacio de treinta días, excepto a ti, oh rey, fuese echado en el foso de los leones? Respondió el rey y dijo: Verdad es, conforme a la ley de Media y de Persia, la cual no se abroga.",se fue,medium,Puede requerir ajustar la frase completa.,,,,
f8762d15d3b3f47da0bd,OT,DAN,6,18,DAN 6:18,fuese,105,0,5,Fuése,,"luego el rey a su palacio, y acostóse ayuno; ni instrumentos de músic","Fuése luego el rey a su palacio, y acostóse ayuno; ni instrumentos de música fueron traídos delante de él, y se le fue el sueño.",se fue,medium,Puede requerir ajustar la frase completa.,,,,
e7d25d4f592aa666b1c1,OT,HOS,1,4,HOS 1:4,dijole,61,2,8,díjole,Y,Jehová: Ponle por nombre Jezreel; porque de aquí a poco yo visitaré l,"Y díjole Jehová: Ponle por nombre Jezreel; porque de aquí a poco yo visitaré las sangres de Jezreel sobre la casa de Jehú, y haré cesar el reino de la casa de Israel.",le dijo,low,Forma enclitica arcaica.,Codex-assisted,replace,le dijo,Modernización de forma enclítica arcaica.
c274964adde0c7850c1c,OT,HOS,1,6,HOS 1:6,dijole,62,36,42,díjole,"Y concibió aún, y parió una hija. Y",Dios: Ponle por nombre Lo-ruhama: porque no más tendré misericordia d,"Y concibió aún, y parió una hija. Y díjole Dios: Ponle por nombre Lo-ruhama: porque no más tendré misericordia de la casa de Israel, sino que los quitaré del todo.",le dijo,low,Forma enclitica arcaica.,Codex-assisted,replace,le dijo,Modernización de forma enclítica arcaica.
91c9764f4483a3c0e4fb,OT,JON,1,10,JON 1:10,dijeronle,33,43,52,dijéronle,"Y aquellos hombres temieron sobremanera, y",: ¿Por qué has hecho esto? Porque ellos entendieron que huía de delant,"Y aquellos hombres temieron sobremanera, y dijéronle: ¿Por qué has hecho esto? Porque ellos entendieron que huía de delante de Jehová, porque se lo había declarado.",le dijeron,low,Forma enclitica arcaica.,Codex-assisted,replace,le dijeron,Modernización de forma enclítica arcaica.
cc95b0c59c46309e5bec,OT,JON,1,11,JON 1:11,dijeronle,34,2,11,dijéronle,Y,": ¿Qué te haremos, para que la mar se nos quiete? porque la mar iba a","Y dijéronle: ¿Qué te haremos, para que la mar se nos quiete? porque la mar iba a más, y se embravecía.",le dijeron,low,Forma enclitica arcaica.,Codex-assisted,replace,le dijeron,Modernización de forma enclítica arcaica.
a05544233d0161993900,OT,ZEC,2,4,ZEC 2:4,dijole,63,2,8,díjole,Y,": Corre, habla a este mozo, diciendo: Sin muros será habitada Jerusale","Y díjole: Corre, habla a este mozo, diciendo: Sin muros será habitada Jerusalem a causa de la multitud de los hombres, y de las bestias en medio de ella.",le dijo,low,Forma enclitica arcaica.,Codex-assisted,replace,le dijo,Modernización de forma enclítica arcaica.
7ea7912f60cf2555a5b8,OT,ZEC,7,14,ZEC 7:14,fuese,106,134,139,fuese,"no conocían, y la tierra fue desolada tras de ellos, sin quedar quien",ni viniese; pues tornaron en asolamiento el país deseable.,"Antes los esparcí con torbellino por todas las gentes que ellos no conocían, y la tierra fue desolada tras de ellos, sin quedar quien fuese ni viniese; pues tornaron en asolamiento el país deseable.",se fue,medium,Puede requerir ajustar la frase completa.,,,,
dae3488c638f710978d4,OT,MAL,2,4,MAL 2:4,fuese,107,53,58,fuese,"Y sabrán que yo les envié este mandamiento, para que","mi pacto con Leví, ha dicho Jehová de los ejércitos.","Y sabrán que yo les envié este mandamiento, para que fuese mi pacto con Leví, ha dicho Jehová de los ejércitos.",se fue,medium,Puede requerir ajustar la frase completa.,,,,
f8091f94774759a905a5,NT,MAT,26,44,MAT 26:44,fuese,108,13,18,fuése,Y dejándolos,"de nuevo, y oró tercera vez, diciendo las mismas palabras.","Y dejándolos fuése de nuevo, y oró tercera vez, diciendo las mismas palabras.",se fue,medium,Puede requerir ajustar la frase completa.,,,,
e9e82f329c601a7ee745,NT,MAT,27,5,MAT 27:5,partiose,12,46,54,partióse,"Y arrojando las piezas de plata en el templo,","; y fue, y se ahorcó.","Y arrojando las piezas de plata en el templo, partióse; y fue, y se ahorcó.",se fue,medium,Puede significar partir/salir; revisar contexto.,,,,
33716649a7e05863e329,NT,MRK,5,17,MRK 5:17,fuese,109,30,35,fuese,Y comenzaron a rogarle que se,de los términos de ellos.,Y comenzaron a rogarle que se fuese de los términos de ellos.,se fue,medium,Puede requerir ajustar la frase completa.,,,,
17993a924dc522abaada,NT,MRK,6,27,MRK 6:27,fuese,110,54,59,fuese,"Y luego el rey, enviando uno de la guardia, mandó que",traída su cabeza;,"Y luego el rey, enviando uno de la guardia, mandó que fuese traída su cabeza;",se fue,medium,Puede requerir ajustar la frase completa.,,,,
62e63c22d647e5d83710,NT,MRK,6,35,MRK 6:35,fuese,111,10,15,fuese,Y como ya,"el día muy entrado, sus discípulos llegaron a él, diciendo: El lugar","Y como ya fuese el día muy entrado, sus discípulos llegaron a él, diciendo: El lugar es desierto, y el día ya muy entrado;",se fue,medium,Puede requerir ajustar la frase completa.,,,,
292ba2d39a715e0d61de,NT,MRK,7,18,MRK 7:18,dijoles,74,2,9,díjoles,Y,: ¿También ustedes están así sin entendimiento? ¿No entienden que todo,"Y díjoles: ¿También ustedes están así sin entendimiento? ¿No entienden que todo lo de fuera que entra en el hombre, no le puede contaminar;",les dijo,low,Forma enclitica arcaica.,Codex-assisted,replace,les dijo,Modernización de forma enclítica arcaica.
faf175f2d30e61f7f293,NT,MRK,14,35,MRK 14:35,fuese,112,62,67,fuese,"Y yéndose un poco adelante, se postró en tierra, y oró que si","posible, pasase de él aquella hora.","Y yéndose un poco adelante, se postró en tierra, y oró que si fuese posible, pasase de él aquella hora.",se fue,medium,Puede requerir ajustar la frase completa.,,,,
49ba66eeed835d984631,NT,MRK,15,15,MRK 15:15,fuese,113,113,118,fuese,"es soltó a Barrabás, y entregó a Jesús, después de azotarle, para que",crucificado.,"Y Pilato, queriendo satisfacer al pueblo, les soltó a Barrabás, y entregó a Jesús, después de azotarle, para que fuese crucificado.",se fue,medium,Puede requerir ajustar la frase completa.,,,,
0eee1d55228fec6f0168,NT,MRK,15,44,MRK 15:44,fuese,114,29,34,fuese,Y Pilato se maravilló que ya,"muerto; y haciendo venir al centurión, preguntóle si era ya muerto.","Y Pilato se maravilló que ya fuese muerto; y haciendo venir al centurión, preguntóle si era ya muerto.",se fue,medium,Puede requerir ajustar la frase completa.,,,,
5ae3ad8237960b6dd94f,NT,LUK,1,29,LUK 1:29,fuese,115,77,82,fuese,"la, cuando le vio, se turbó de sus palabras, y pensaba qué salutación",ésta.,"Pero ella, cuando le vio, se turbó de sus palabras, y pensaba qué salutación fuese ésta.",se fue,medium,Puede requerir ajustar la frase completa.,,,,
9a16f0b1592d81269f28,NT,LUK,2,1,LUK 2:1,fuese,116,92,97,fuese,"s días que salió edicto de parte de Augusto César, que toda la tierra",empadronada.,"Y aconteció en aquellos días que salió edicto de parte de Augusto César, que toda la tierra fuese empadronada.",se fue,medium,Puede requerir ajustar la frase completa.,,,,
7dcf3c16755cc8fc1cdc,NT,LUK,2,21,LUK 2:21,fuese,117,124,129,fuese,aron su nombre JESÚS; el cual le fue puesto por el ángel antes que él,concebido en el vientre.,"Y pasados los ocho días para circuncidar al niño, llamaron su nombre JESÚS; el cual le fue puesto por el ángel antes que él fuese concebido en el vientre.",se fue,medium,Puede requerir ajustar la frase completa.,,,,
d8ae1c6a8dc929b97ffd,NT,LUK,3,15,LUK 3:15,fuese,118,80,85,fuese,"el pueblo esperando, y pensando todos de Juan en sus corazones, si él","el Cristo,","Y estando el pueblo esperando, y pensando todos de Juan en sus corazones, si él fuese el Cristo,",se fue,medium,Puede requerir ajustar la frase completa.,,,,
5a8835ace40162905115,NT,LUK,8,37,LUK 8:37,fuese,119,85,90,fuese,"a multitud de la tierra de los Gadarenos alrededor, le rogaron que se","de ellos; porque tenían gran temor. Y él, subiendo en el barco, volvi","Entonces toda la multitud de la tierra de los Gadarenos alrededor, le rogaron que se fuese de ellos; porque tenían gran temor. Y él, subiendo en el barco, volvióse.",se fue,medium,Puede requerir ajustar la frase completa.,,,,
30d4fb24dfdc2a9495fc,NT,LUK,11,5,LUK 11:5,dijoles,75,0,7,Díjoles,,"también: ¿Quién de ustedes tendrá un amigo, e irá a él a media noche,","Díjoles también: ¿Quién de ustedes tendrá un amigo, e irá a él a media noche, y le dirá: Amigo, préstame tres panes,",les dijo,low,Forma enclitica arcaica.,Codex-assisted,replace,Les dijo,Modernización de forma enclítica arcaica.
e0ada840dd0a81a21507,NT,LUK,12,15,LUK 12:15,dijoles,76,2,9,díjoles,Y,": Miren, y cuídense de toda avaricia; porque la vida del hombre no con","Y díjoles: Miren, y cuídense de toda avaricia; porque la vida del hombre no consiste en la abundancia de los bienes que posee.",les dijo,low,Forma enclitica arcaica.,Codex-assisted,replace,les dijo,Modernización de forma enclítica arcaica.
650b644441d8f5b8c722,NT,LUK,16,15,LUK 16:15,dijoles,77,2,9,díjoles,Y,: Ustedes son los que se justifican a ustedes mismos delante de los ho,"Y díjoles: Ustedes son los que se justifican a ustedes mismos delante de los hombres; pero Dios conoce sus corazones; porque lo que los hombres tienen por sublime, delante de Dios es abominación.",les dijo,low,Forma enclitica arcaica.,Codex-assisted,replace,les dijo,Modernización de forma enclítica arcaica.
77443c8601e393213324,NT,LUK,18,37,LUK 18:37,dijeronle,35,2,11,dijéronle,Y,que pasaba Jesús Nazareno.,Y dijéronle que pasaba Jesús Nazareno.,le dijeron,low,Forma enclitica arcaica.,Codex-assisted,replace,le dijeron,Modernización de forma enclítica arcaica.
6bb403b74af5925394e3,NT,LUK,19,3,LUK 19:3,fuese,120,30,35,fuese,Y procuraba ver a Jesús quién,"; pero no podía a causa de la multitud, porque era pequeño de estatura","Y procuraba ver a Jesús quién fuese; pero no podía a causa de la multitud, porque era pequeño de estatura.",se fue,medium,Puede requerir ajustar la frase completa.,,,,
609320905e5bd1e4e4a3,NT,LUK,19,13,LUK 19:13,dijoles,78,56,63,díjoles,"Pero llamados diez siervos suyos, les dio diez minas, y",: Negocien entre tanto que vengo.,"Pero llamados diez siervos suyos, les dio diez minas, y díjoles: Negocien entre tanto que vengo.",les dijo,low,Forma enclitica arcaica.,Codex-assisted,replace,les dijo,Modernización de forma enclítica arcaica.
059597c4666d07450c60,NT,LUK,21,29,LUK 21:29,dijoles,79,2,9,díjoles,Y,una parábola: Miren la higuera y todos los árboles:,Y díjoles una parábola: Miren la higuera y todos los árboles:,les dijo,low,Forma enclitica arcaica.,Codex-assisted,replace,les dijo,Modernización de forma enclítica arcaica.
89516663e405dc61ee3d,NT,LUK,23,23,LUK 23:23,fuese,121,50,55,fuese,"Pero ellos instaban a grandes voces, pidiendo que",crucificado. Y las voces de ellos y de los príncipes de los sacerdote,"Pero ellos instaban a grandes voces, pidiendo que fuese crucificado. Y las voces de ellos y de los príncipes de los sacerdotes crecían.",se fue,medium,Puede requerir ajustar la frase completa.,,,,
908a2584c0a539a38c68,NT,LUK,24,17,LUK 24:17,dijoles,80,2,9,díjoles,Y,": ¿Qué pláticas son estas que tratan entre ustedes andando, y están tr","Y díjoles: ¿Qué pláticas son estas que tratan entre ustedes andando, y están tristes?",les dijo,low,Forma enclitica arcaica.,Codex-assisted,replace,les dijo,Modernización de forma enclítica arcaica.
492631e60ae2fb720fe9,NT,LUK,24,41,LUK 24:41,dijoles,81,51,58,díjoles,"Y no creyéndolo aún ellos de gozo, y maravillados,",: ¿Tienen aquí algo de comer?,"Y no creyéndolo aún ellos de gozo, y maravillados, díjoles: ¿Tienen aquí algo de comer?",les dijo,low,Forma enclitica arcaica.,Codex-assisted,replace,les dijo,Modernización de forma enclítica arcaica.
c99242dadffd974fb9c3,NT,LUK,24,46,LUK 24:46,dijoles,82,2,9,díjoles,Y,": Así está escrito, y así fue necesario que el Cristo padeciese, y res","Y díjoles: Así está escrito, y así fue necesario que el Cristo padeciese, y resucitase de los muertos al tercer día;",les dijo,low,Forma enclitica arcaica.,Codex-assisted,replace,les dijo,Modernización de forma enclítica arcaica.
0833273e77a234d5e8c9,NT,JHN,1,22,JHN 1:22,dijeronle,36,0,9,Dijéronle,,: ¿Pues quién eres? para que demos respuesta a los que nos enviaron. ¿,Dijéronle: ¿Pues quién eres? para que demos respuesta a los que nos enviaron. ¿Qué dices de ti mismo?,le dijeron,low,Forma enclitica arcaica.,Codex-assisted,replace,Le dijeron,Modernización de forma enclítica arcaica.
d1c0980c47235dbb16a6,NT,JHN,1,25,JHN 1:25,dijeronle,37,19,28,dijéronle,"Y preguntáronle, y",": ¿Por qué pues bautizas, si tú no eres el Cristo, ni Elías, ni el pro","Y preguntáronle, y dijéronle: ¿Por qué pues bautizas, si tú no eres el Cristo, ni Elías, ni el profeta?",le dijeron,low,Forma enclitica arcaica.,Codex-assisted,replace,le dijeron,Modernización de forma enclítica arcaica.
c1e358ee8ad2ba875509,NT,JHN,1,25,JHN 1:25,preguntaronle,3,2,15,preguntáronle,Y,", y dijéronle: ¿Por qué pues bautizas, si tú no eres el Cristo, ni Elí","Y preguntáronle, y dijéronle: ¿Por qué pues bautizas, si tú no eres el Cristo, ni Elías, ni el profeta?",le preguntaron,low,Forma enclitica arcaica.,Codex-assisted,replace,le preguntaron,Modernización de forma enclítica arcaica.
0fd8fb555b91f4e4722a,NT,JHN,1,31,JHN 1:31,fuese,122,33,38,fuese,Y yo no le conocía; más para que,"manifestado a Israel, por eso vine yo bautizando con agua.","Y yo no le conocía; más para que fuese manifestado a Israel, por eso vine yo bautizando con agua.",se fue,medium,Puede requerir ajustar la frase completa.,,,,
cab6852101cedb5ae7d2,NT,JHN,1,37,JHN 1:37,oyeronle,1,2,10,oyéronle,Y,"los dos discípulos hablar, y siguieron a Jesús.","Y oyéronle los dos discípulos hablar, y siguieron a Jesús.",le oyeron,low,Forma enclitica arcaica.,Codex-assisted,replace,le oyeron,Modernización de forma enclítica arcaica.
ec32c799ba86a578096f,NT,JHN,2,18,JHN 2:18,dijeronle,38,29,38,dijéronle,"Y los Judíos respondieron, y",: ¿Qué señal nos muestras de que haces esto?,"Y los Judíos respondieron, y dijéronle: ¿Qué señal nos muestras de que haces esto?",le dijeron,low,Forma enclitica arcaica.,Codex-assisted,replace,le dijeron,Modernización de forma enclítica arcaica.
8aa517d8d6e6dc6c6c4b,NT,JHN,2,19,JHN 2:19,dijoles,83,19,26,díjoles,"Respondió Jesús, y",": Destruyan este templo, y en tres días lo levantaré.","Respondió Jesús, y díjoles: Destruyan este templo, y en tres días lo levantaré.",les dijo,low,Forma enclitica arcaica.,Codex-assisted,replace,les dijo,Modernización de forma enclítica arcaica.
9c583cd0336b8ded5c46,NT,JHN,3,26,JHN 3:26,dijeronle,39,21,30,dijéronle,"Y vinieron a Juan, y",": Rabbí, el que estaba contigo de la otra parte del Jordán, del cual t","Y vinieron a Juan, y dijéronle: Rabbí, el que estaba contigo de la otra parte del Jordán, del cual tú diste testimonio, he aquí bautiza, y todos vienen a él.",le dijeron,low,Forma enclitica arcaica.,Codex-assisted,replace,le dijeron,Modernización de forma enclítica arcaica.
eb84bc6b22b70c5ffe7b,NT,JHN,4,3,JHN 4:3,fuese,123,16,21,fuése,"Dejó a Judea, y",otra vez a Galilea.,"Dejó a Judea, y fuése otra vez a Galilea.",se fue,medium,Puede requerir ajustar la frase completa.,,,,
8ba50b1735f048a1b411,NT,JHN,4,43,JHN 4:43,fuese,124,37,42,fuése,"Y dos días después, salió de allí, y",a Galilea.,"Y dos días después, salió de allí, y fuése a Galilea.",se fue,medium,Puede requerir ajustar la frase completa.,,,,
cd55a3062818b2708473,NT,JHN,4,52,JHN 4:52,dijeronle,40,61,70,dijéronle,Entonces él les preguntó a qué hora comenzó a estar mejor. Y,: Ayer a las siete le dejó la fiebre.,Entonces él les preguntó a qué hora comenzó a estar mejor. Y dijéronle: Ayer a las siete le dejó la fiebre.,le dijeron,low,Forma enclitica arcaica.,Codex-assisted,replace,le dijeron,Modernización de forma enclítica arcaica.
2ef96fd96771a69460a7,NT,JHN,5,11,JHN 5:11,respondioles,3,0,12,Respondióles,,": El que me sanó, él mismo me dijo: Toma tu lecho y anda.","Respondióles: El que me sanó, él mismo me dijo: Toma tu lecho y anda.",les respondió,low,Forma enclitica arcaica.,Codex-assisted,replace,Les respondió,Modernización de forma enclítica arcaica.
41505821dbb3de5afc7a,NT,JHN,5,12,JHN 5:12,preguntaronle,4,0,13,Preguntáronle,,entonces: ¿Quién es el que te dijo: Toma tu lecho y anda?,Preguntáronle entonces: ¿Quién es el que te dijo: Toma tu lecho y anda?,le preguntaron,low,Forma enclitica arcaica.,Codex-assisted,replace,Le preguntaron,Modernización de forma enclítica arcaica.
811d290f44dcdcf534e5,NT,JHN,5,13,JHN 5:13,fuese,125,43,48,fuese,"Y el que había sido sanado, no sabía quién",; porque Jesús se había apartado de la gente que estaba en aquel lugar,"Y el que había sido sanado, no sabía quién fuese; porque Jesús se había apartado de la gente que estaba en aquel lugar.",se fue,medium,Puede requerir ajustar la frase completa.,,,,
2d0b83762ed1087ca850,NT,JHN,5,19,JHN 5:19,dijoles,84,28,35,díjoles,"Respondió entonces Jesús, y",": De cierto, de cierto les digo: No puede el Hijo hacer nada de sí mis","Respondió entonces Jesús, y díjoles: De cierto, de cierto les digo: No puede el Hijo hacer nada de sí mismo, sino lo que vea hacer al Padre: porque todo lo que él hace, esto también hace el Hijo juntamente.",les dijo,low,Forma enclitica arcaica.,Codex-assisted,replace,les dijo,Modernización de forma enclítica arcaica.
894b9eb71ae9a8c84580,NT,JHN,6,1,JHN 6:1,fuese,126,21,26,fuése,"Pasadas estas cosas,","Jesús de la otra parte de la mar de Galilea, que es de Tiberias.","Pasadas estas cosas, fuése Jesús de la otra parte de la mar de Galilea, que es de Tiberias.",se fue,medium,Puede requerir ajustar la frase completa.,,,,
aa9252db5d02011a0ceb,NT,JHN,6,25,JHN 6:25,dijeronle,41,41,50,dijéronle,"Y hallándole de la otra parte de la mar,",": Rabbí, ¿cuándo llegaste acá?","Y hallándole de la otra parte de la mar, dijéronle: Rabbí, ¿cuándo llegaste acá?",le dijeron,low,Forma enclitica arcaica.,Codex-assisted,replace,le dijeron,Modernización de forma enclítica arcaica.
da307483f63205bb051e,NT,JHN,6,26,JHN 6:26,respondioles,4,0,12,Respondióles,,"Jesús, y dijo: De cierto, de cierto les digo, que me buscan, no porqu","Respondióles Jesús, y dijo: De cierto, de cierto les digo, que me buscan, no porque han visto las señales, sino porque comieron el pan y se hartaron.",les respondió,low,Forma enclitica arcaica.,Codex-assisted,replace,Les respondió,Modernización de forma enclítica arcaica.
f166323438f4cae049b1,NT,JHN,6,28,JHN 6:28,dijeronle,42,2,11,dijéronle,Y,: ¿Qué haremos para que obremos las obras de Dios?,Y dijéronle: ¿Qué haremos para que obremos las obras de Dios?,le dijeron,low,Forma enclitica arcaica.,Codex-assisted,replace,le dijeron,Modernización de forma enclítica arcaica.
73feb836a32d0a8789c7,NT,JHN,6,29,JHN 6:29,dijoles,85,19,26,díjoles,"Respondió Jesús, y",": Esta es la obra de Dios, que crean en el que él ha enviado.","Respondió Jesús, y díjoles: Esta es la obra de Dios, que crean en el que él ha enviado.",les dijo,low,Forma enclitica arcaica.,Codex-assisted,replace,les dijo,Modernización de forma enclítica arcaica.
d07688270a53dcc2b25f,NT,JHN,6,30,JHN 6:30,dijeronle,43,0,9,Dijéronle,,"entonces: ¿Qué señal pues haces tú, para que veamos, y te creamos? ¿Q","Dijéronle entonces: ¿Qué señal pues haces tú, para que veamos, y te creamos? ¿Qué obras?",le dijeron,low,Forma enclitica arcaica.,Codex-assisted,replace,Le dijeron,Modernización de forma enclítica arcaica.
7cfdd47a504da80edba6,NT,JHN,6,34,JHN 6:34,dijeronle,44,2,11,dijéronle,Y,": Señor, danos siempre este pan.","Y dijéronle: Señor, danos siempre este pan.",le dijeron,low,Forma enclitica arcaica.,Codex-assisted,replace,le dijeron,Modernización de forma enclítica arcaica.
03f8d5cc0b49acb421a5,NT,JHN,6,43,JHN 6:43,dijoles,86,21,28,díjoles,"Y Jesús respondió, y",: No murmuren entre ustedes.,"Y Jesús respondió, y díjoles: No murmuren entre ustedes.",les dijo,low,Forma enclitica arcaica.,Codex-assisted,replace,les dijo,Modernización de forma enclítica arcaica.
eb2e8472287d1365e006,NT,JHN,6,61,JHN 6:61,dijoles,87,68,75,díjoles,"Y sabiendo Jesús en sí mismo que sus discípulos murmuraban de esto,",: ¿Esto les escandaliza?,"Y sabiendo Jesús en sí mismo que sus discípulos murmuraban de esto, díjoles: ¿Esto les escandaliza?",les dijo,low,Forma enclitica arcaica.,Codex-assisted,replace,les dijo,Modernización de forma enclítica arcaica.
3a4052b9eaeebfe80fdf,NT,JHN,7,3,JHN 7:3,dijeronle,45,2,11,dijéronle,Y,"sus hermanos: Pásate de aquí, y vete a Judea, para que también tus di","Y dijéronle sus hermanos: Pásate de aquí, y vete a Judea, para que también tus discípulos vean las obras que haces.",le dijeron,low,Forma enclitica arcaica.,Codex-assisted,replace,le dijeron,Modernización de forma enclítica arcaica.
fed8b84679f4c47e0414,NT,JHN,7,16,JHN 7:16,respondioles,5,0,12,Respondióles,,"Jesús, y dijo: Mi doctrina no es mía, sino de aquél que me envió.","Respondióles Jesús, y dijo: Mi doctrina no es mía, sino de aquél que me envió.",les respondió,low,Forma enclitica arcaica.,Codex-assisted,replace,Les respondió,Modernización de forma enclítica arcaica.
0668d904c8ca8a51bdd6,NT,JHN,7,21,JHN 7:21,dijoles,88,19,26,díjoles,"Jesús respondió, y",": Una obra hice, y todos se maravillan.","Jesús respondió, y díjoles: Una obra hice, y todos se maravillan.",les dijo,low,Forma enclitica arcaica.,Codex-assisted,replace,les dijo,Modernización de forma enclítica arcaica.
a197306649e47f0238cc,NT,JHN,7,52,JHN 7:52,dijeronle,46,15,24,dijéronle,Respondieron y,: ¿Eres tú también Galileo? Escudriña y ve que de Galilea nunca se lev,Respondieron y dijéronle: ¿Eres tú también Galileo? Escudriña y ve que de Galilea nunca se levantó profeta.,le dijeron,low,Forma enclitica arcaica.,Codex-assisted,replace,le dijeron,Modernización de forma enclítica arcaica.
2f823cddccb9fd2d8074,NT,JHN,7,53,JHN 7:53,fuese,127,2,7,fuése,Y,cada uno a su casa.,Y fuése cada uno a su casa.,se fue,medium,Puede requerir ajustar la frase completa.,,,,
0954fc1a5f1f04b305d5,NT,JHN,8,7,JHN 8:7,dijoles,89,49,56,díjoles,"Y como perseverasen preguntándole, enderezóse, y",": El que de ustedes esté sin pecado, arroje contra ella la piedra el p","Y como perseverasen preguntándole, enderezóse, y díjoles: El que de ustedes esté sin pecado, arroje contra ella la piedra el primero.",les dijo,low,Forma enclitica arcaica.,Codex-assisted,replace,les dijo,Modernización de forma enclítica arcaica.
20f6b4cd15ea14f1a732,NT,JHN,8,14,JHN 8:14,dijoles,90,19,26,díjoles,"Respondió Jesús, y",": Aunque yo doy testimonio de mí mismo, mi testimonio es verdadero, po","Respondió Jesús, y díjoles: Aunque yo doy testimonio de mí mismo, mi testimonio es verdadero, porque sé de dónde he venido y a dónde voy; pero ustedes no saben de dónde vengo, y a dónde voy.",les dijo,low,Forma enclitica arcaica.,Codex-assisted,replace,les dijo,Modernización de forma enclítica arcaica.
3f26670865b04621483c,NT,JHN,8,21,JHN 8:21,dijoles,91,2,9,díjoles,Y,"otra vez Jesús: Yo me voy, y me buscarán, pero en su pecado morirán:","Y díjoles otra vez Jesús: Yo me voy, y me buscarán, pero en su pecado morirán: a donde yo voy, ustedes no pueden venir.",les dijo,low,Forma enclitica arcaica.,Codex-assisted,replace,les dijo,Modernización de forma enclítica arcaica.
9026a74c1091960dfc12,NT,JHN,8,28,JHN 8:28,dijoles,92,0,7,Díjoles,,"pues, Jesús: Cuando levanten al Hijo del hombre, entonces entenderán","Díjoles pues, Jesús: Cuando levanten al Hijo del hombre, entonces entenderán que yo soy, y que nada hago de mí mismo; pero como el Padre me enseñó, esto hablo.",les dijo,low,Forma enclitica arcaica.,Codex-assisted,replace,Les dijo,Modernización de forma enclítica arcaica.
7097e8e8a96573835ffa,NT,JHN,8,39,JHN 8:39,dijeronle,47,15,24,dijéronle,Respondieron y,: Nuestro padre es Abraham. Les dice Jesús: Si fueran hijos de Abraham,"Respondieron y dijéronle: Nuestro padre es Abraham. Les dice Jesús: Si fueran hijos de Abraham, las obras de Abraham harían.",le dijeron,low,Forma enclitica arcaica.,Codex-assisted,replace,le dijeron,Modernización de forma enclítica arcaica.
e693b4e35a3743573a22,NT,JHN,8,41,JHN 8:41,dijeronle,48,37,46,Dijéronle,Ustedes hacen las obras de su padre.,"entonces: Nosotros no somos nacidos de fornicación; un padre tenemos,","Ustedes hacen las obras de su padre. Dijéronle entonces: Nosotros no somos nacidos de fornicación; un padre tenemos, que es Dios.",le dijeron,low,Forma enclitica arcaica.,Codex-assisted,replace,Le dijeron,Modernización de forma enclítica arcaica.
b6c4e962084d9538cf81,NT,JHN,8,48,JHN 8:48,dijeronle,49,36,45,dijéronle,"Respondieron entonces los Judíos, y",": ¿No decimos bien nosotros, que tú eres Samaritano, y tienes demonio?","Respondieron entonces los Judíos, y dijéronle: ¿No decimos bien nosotros, que tú eres Samaritano, y tienes demonio?",le dijeron,low,Forma enclitica arcaica.,Codex-assisted,replace,le dijeron,Modernización de forma enclítica arcaica.
cfa6e6f945cb3131ee42,NT,JHN,8,57,JHN 8:57,dijeronle,50,0,9,Dijéronle,,"entonces los Judíos: Aun no tienes cincuenta años, ¿y has visto a Abr","Dijéronle entonces los Judíos: Aun no tienes cincuenta años, ¿y has visto a Abraham?",le dijeron,low,Forma enclitica arcaica.,Codex-assisted,replace,Le dijeron,Modernización de forma enclítica arcaica.
197bf583a512f18fda4b,NT,JHN,8,58,JHN 8:58,dijoles,93,0,7,Díjoles,,"Jesús: De cierto, de cierto les digo: Antes que Abraham fuese, yo soy","Díjoles Jesús: De cierto, de cierto les digo: Antes que Abraham fuese, yo soy.",les dijo,low,Forma enclitica arcaica.,Codex-assisted,replace,Les dijo,Modernización de forma enclítica arcaica.
c0d2fa9c59fa98eaf4a1,NT,JHN,8,58,JHN 8:58,fuese,128,64,69,fuese,"Díjoles Jesús: De cierto, de cierto les digo: Antes que Abraham",", yo soy.","Díjoles Jesús: De cierto, de cierto les digo: Antes que Abraham fuese, yo soy.",se fue,medium,Puede requerir ajustar la frase completa.,,,,
b3d930aa8e638155a477,NT,JHN,9,2,JHN 9:2,preguntaronle,5,2,15,preguntáronle,Y,"sus discípulos, diciendo: Rabbí, ¿quién pecó, éste o sus padres, para","Y preguntáronle sus discípulos, diciendo: Rabbí, ¿quién pecó, éste o sus padres, para que naciese ciego?",le preguntaron,low,Forma enclitica arcaica.,Codex-assisted,replace,le preguntaron,Modernización de forma enclítica arcaica.
1caf73a558bb2e83862f,NT,JHN,9,10,JHN 9:10,dijeronle,51,2,11,dijéronle,Y,: ¿Cómo te fueron abiertos los ojos?,Y dijéronle: ¿Cómo te fueron abiertos los ojos?,le dijeron,low,Forma enclitica arcaica.,Codex-assisted,replace,le dijeron,Modernización de forma enclítica arcaica.
273c2e9d5eadb6127be2,NT,JHN,9,19,JHN 9:19,preguntaronles,1,2,16,preguntáronles,Y,", diciendo: ¿Es éste su hijo, el que ustedes dicen que nació ciego? ¿C","Y preguntáronles, diciendo: ¿Es éste su hijo, el que ustedes dicen que nació ciego? ¿Cómo, pues, ve ahora?",les preguntaron,low,Forma enclitica arcaica.,Codex-assisted,replace,les preguntaron,Modernización de forma enclítica arcaica.
68e27cebd3114205f36f,NT,JHN,9,22,JHN 9:22,fuese,129,139,144,fuese,"los Judíos habían resuelto que si alguno confesase ser él el Mesías,",fuera de la sinagoga.,"Esto dijeron sus padres, porque tenían miedo de los Judíos: porque ya los Judíos habían resuelto que si alguno confesase ser él el Mesías, fuese fuera de la sinagoga.",se fue,medium,Puede requerir ajustar la frase completa.,,,,
5f00a21925e0bb08c3a2,NT,JHN,9,24,JHN 9:24,dijeronle,52,62,71,dijéronle,"Así que, volvieron a llamar al hombre que había sido ciego, y",: Da gloria a Dios: nosotros sabemos que este hombre es pecador.,"Así que, volvieron a llamar al hombre que había sido ciego, y dijéronle: Da gloria a Dios: nosotros sabemos que este hombre es pecador.",le dijeron,low,Forma enclitica arcaica.,Codex-assisted,replace,le dijeron,Modernización de forma enclítica arcaica.
3ce7cb87fc09d6d9f006,NT,JHN,9,27,JHN 9:27,respondioles,6,0,12,Respondióles,,": Ya se lo he dicho, y no han atendido: ¿por qué lo quieren otra vez o","Respondióles: Ya se lo he dicho, y no han atendido: ¿por qué lo quieren otra vez oir? ¿quieren también ustedes hacerse sus discípulos?",les respondió,low,Forma enclitica arcaica.,Codex-assisted,replace,Les respondió,Modernización de forma enclítica arcaica.
d91da7bf91005c638bec,NT,JHN,9,30,JHN 9:30,dijoles,94,26,33,díjoles,"Respondió aquel hombre, y",": Por cierto, maravillosa cosa es ésta, que ustedes no saben de dónde","Respondió aquel hombre, y díjoles: Por cierto, maravillosa cosa es ésta, que ustedes no saben de dónde sea, y a mí me abrió los ojos.",les dijo,low,Forma enclitica arcaica.,Codex-assisted,replace,les dijo,Modernización de forma enclítica arcaica.
db7c7bdea4ac7cdb1dd6,NT,JHN,9,34,JHN 9:34,dijeronle,53,16,25,dijéronle,"Respondieron, y",": En pecados eres nacido todo, ¿y tú nos enseñas? Y echáronle fuera.","Respondieron, y dijéronle: En pecados eres nacido todo, ¿y tú nos enseñas? Y echáronle fuera.",le dijeron,low,Forma enclitica arcaica.,Codex-assisted,replace,le dijeron,Modernización de forma enclítica arcaica.
e31bf73f8a8a24164db8,NT,JHN,9,40,JHN 9:40,dijeronle,54,60,69,dijéronle,"Y ciertos de los Fariseos que estaban con él oyeron esto, y",: ¿Somos nosotros también ciegos?,"Y ciertos de los Fariseos que estaban con él oyeron esto, y dijéronle: ¿Somos nosotros también ciegos?",le dijeron,low,Forma enclitica arcaica.,Codex-assisted,replace,le dijeron,Modernización de forma enclítica arcaica.
bfb5eb04ff95c77b98f6,NT,JHN,9,41,JHN 9:41,dijoles,95,0,7,Díjoles,,"Jesús: Si fueran ciegos, no tuvieran pecado: pero ahora porque dicen,","Díjoles Jesús: Si fueran ciegos, no tuvieran pecado: pero ahora porque dicen, Vemos, por tanto su pecado permanece.",les dijo,low,Forma enclitica arcaica.,Codex-assisted,replace,Les dijo,Modernización de forma enclítica arcaica.
a39159ee66fd955258a2,NT,JHN,10,24,JHN 10:24,dijeronle,55,26,35,dijéronle,Y rodeáronle los Judíos y,": ¿Hasta cuándo nos has de turbar el alma? Si tú eres el Cristo, dínos","Y rodeáronle los Judíos y dijéronle: ¿Hasta cuándo nos has de turbar el alma? Si tú eres el Cristo, dínoslo abiertamente.",le dijeron,low,Forma enclitica arcaica.,Codex-assisted,replace,le dijeron,Modernización de forma enclítica arcaica.
d0668cda2afbe9b522f8,NT,JHN,10,25,JHN 10:25,respondioles,7,0,12,Respondióles,,"Jesús: Se lo he dicho, y no creen: las obras que yo hago en nombre de","Respondióles Jesús: Se lo he dicho, y no creen: las obras que yo hago en nombre de mi Padre, ellas dan testimonio de mí;",les respondió,low,Forma enclitica arcaica.,Codex-assisted,replace,Les respondió,Modernización de forma enclítica arcaica.
695db62b35174680b9df,NT,JHN,10,32,JHN 10:32,respondioles,8,0,12,Respondióles,,Jesús: Muchas buenas obras les he mostrado de mi Padre; ¿por cuál obr,Respondióles Jesús: Muchas buenas obras les he mostrado de mi Padre; ¿por cuál obra de esas me apedrean?,les respondió,low,Forma enclitica arcaica.,Codex-assisted,replace,Les respondió,Modernización de forma enclítica arcaica.
bedf3f83e9489eb50950,NT,JHN,10,34,JHN 10:34,respondioles,9,0,12,Respondióles,,"Jesús: ¿No está escrito en su ley: Yo dije, Dioses son?","Respondióles Jesús: ¿No está escrito en su ley: Yo dije, Dioses son?",les respondió,low,Forma enclitica arcaica.,Codex-assisted,replace,Les respondió,Modernización de forma enclítica arcaica.
353260d01601136ea84b,NT,JHN,11,28,JHN 11:28,fuese,130,14,19,fuése,"Y esto dicho,",", y llamó en secreto a María su hermana, diciendo: El Maestro está aqu","Y esto dicho, fuése, y llamó en secreto a María su hermana, diciendo: El Maestro está aquí y te llama.",se fue,medium,Puede requerir ajustar la frase completa.,,,,
965e21be4baab4ff63a5,NT,JHN,11,46,JHN 11:46,dijeronles,8,47,57,dijéronles,"Pero algunos de ellos fueron a los Fariseos, y",lo que Jesús había hecho.,"Pero algunos de ellos fueron a los Fariseos, y dijéronles lo que Jesús había hecho.",les dijeron,low,Forma enclitica arcaica.,Codex-assisted,replace,les dijeron,Modernización de forma enclítica arcaica.
79ef04688fd7c4910f94,NT,JHN,11,54,JHN 11:54,fuese,131,69,74,fuése,"Por tanto, Jesús ya no andaba manifiestamente entre los Judíos; pero","de allí a la tierra que está junto al desierto, a una ciudad que se l","Por tanto, Jesús ya no andaba manifiestamente entre los Judíos; pero fuése de allí a la tierra que está junto al desierto, a una ciudad que se llama Ephraim: y estábase allí con sus discípulos.",se fue,medium,Puede requerir ajustar la frase completa.,,,,
7c9c401ee9c893eb03b4,NT,JHN,12,36,JHN 12:36,fuese,132,103,108,fuése,"ean en la luz, para que sean hijos de luz. Estas cosas habló Jesús, y",", y escondióse de ellos.","Entre tanto que tienen la luz, crean en la luz, para que sean hijos de luz. Estas cosas habló Jesús, y fuése, y escondióse de ellos.",se fue,medium,Puede requerir ajustar la frase completa.,,,,
1052670e7e772db6e7ec,NT,JHN,13,12,JHN 13:12,dijoles,96,97,104,díjoles,"bo lavado los pies, y tomado su ropa, volviéndose a sentar a la mesa,",: ¿Saben lo que les he hecho?,"Así que, después que les hubo lavado los pies, y tomado su ropa, volviéndose a sentar a la mesa, díjoles: ¿Saben lo que les he hecho?",les dijo,low,Forma enclitica arcaica.,Codex-assisted,replace,les dijo,Modernización de forma enclítica arcaica.
5e8e28399ccf427205c4,NT,JHN,16,7,JHN 16:7,fuese,133,74,79,fuese,yo les digo la verdad: Les es necesario que yo vaya: porque si yo no,", el Consolador no vendría a ustedes; pero si yo es, les le enviaré.","Pero yo les digo la verdad: Les es necesario que yo vaya: porque si yo no fuese, el Consolador no vendría a ustedes; pero si yo es, les le enviaré.",se fue,medium,Puede requerir ajustar la frase completa.,,,,
c7b7b632e48e788ea79c,NT,JHN,16,19,JHN 16:19,dijoles,97,44,51,díjoles,"Y conoció Jesús que le querían preguntar, y",": ¿Preguntan entre ustedes de esto que dije: Un poquito, y no me verán","Y conoció Jesús que le querían preguntar, y díjoles: ¿Preguntan entre ustedes de esto que dije: Un poquito, y no me verán, y otra vez un poquito, y me verán?",les dijo,low,Forma enclitica arcaica.,Codex-assisted,replace,les dijo,Modernización de forma enclítica arcaica.
a8ecf6edd97b7c536059,NT,JHN,16,31,JHN 16:31,respondioles,10,0,12,Respondióles,,Jesús: ¿Ahora creen?,Respondióles Jesús: ¿Ahora creen?,les respondió,low,Forma enclitica arcaica.,Codex-assisted,replace,Les respondió,Modernización de forma enclítica arcaica.
a482d8c003a514941d14,NT,JHN,17,5,JHN 17:5,fuese,134,111,116,fuese,e ti mismo con aquella gloria que tuve cerca de ti antes que el mundo,.,"Ahora pues, Padre, glorifícame tú cerca de ti mismo con aquella gloria que tuve cerca de ti antes que el mundo fuese.",se fue,medium,Puede requerir ajustar la frase completa.,,,,
5c7192802bcdba17ee25,NT,JHN,18,4,JHN 18:4,dijoles,98,84,91,díjoles,"biendo todas las cosas que habían de venir sobre él, salió delante, y",: ¿A quién buscan?,"Pero Jesús, sabiendo todas las cosas que habían de venir sobre él, salió delante, y díjoles: ¿A quién buscan?",les dijo,low,Forma enclitica arcaica.,Codex-assisted,replace,les dijo,Modernización de forma enclítica arcaica.
5b13975114c440edfa6e,NT,JHN,18,25,JHN 18:25,dijeronle,56,41,50,dijéronle,Estaba pues Pedro en pie calentándose. Y,": ¿No eres tú de sus discípulos? El negó, y dijo: No soy.","Estaba pues Pedro en pie calentándose. Y dijéronle: ¿No eres tú de sus discípulos? El negó, y dijo: No soy.",le dijeron,low,Forma enclitica arcaica.,Codex-assisted,replace,le dijeron,Modernización de forma enclítica arcaica.
80ff7f636eeb45a434e2,NT,JHN,18,30,JHN 18:30,dijeronle,57,15,24,dijéronle,Respondieron y,": Si éste no fuera malhechor, no te le habríamos entregado.","Respondieron y dijéronle: Si éste no fuera malhechor, no te le habríamos entregado.",le dijeron,low,Forma enclitica arcaica.,Codex-assisted,replace,le dijeron,Modernización de forma enclítica arcaica.
6780b99719a4c0fb24f8,NT,JHN,19,4,JHN 19:4,dijoles,99,40,47,díjoles,"Entonces Pilato salió otra vez fuera, y",": He aquí, les le traigo fuera, para que entiendan que ningún crimen h","Entonces Pilato salió otra vez fuera, y díjoles: He aquí, les le traigo fuera, para que entiendan que ningún crimen hallo en él.",les dijo,low,Forma enclitica arcaica.,Codex-assisted,replace,les dijo,Modernización de forma enclítica arcaica.
f8b4394a02ed06176882,NT,JHN,19,11,JHN 19:11,fuese,135,63,68,fuese,"Respondió Jesús: Ninguna potestad tendrías contra mí, si no te","dado de arriba: por tanto, el que a ti me ha entregado, mayor pecado","Respondió Jesús: Ninguna potestad tendrías contra mí, si no te fuese dado de arriba: por tanto, el que a ti me ha entregado, mayor pecado tiene.",se fue,medium,Puede requerir ajustar la frase completa.,,,,
c70fdc340084d3e581e6,NT,JHN,19,16,JHN 19:16,fuese,136,45,50,fuese,Así que entonces lo entregó a ellos para que,"crucificado. Y tomaron a Jesús, y le llevaron.","Así que entonces lo entregó a ellos para que fuese crucificado. Y tomaron a Jesús, y le llevaron.",se fue,medium,Puede requerir ajustar la frase completa.,,,,
0b342c174930299b97c5,NT,JHN,20,13,JHN 20:13,dijeronle,58,2,11,dijéronle,Y,": Mujer, ¿por qué lloras? Les dice: Porque se han llevado a mi Señor,","Y dijéronle: Mujer, ¿por qué lloras? Les dice: Porque se han llevado a mi Señor, y no sé dónde le han puesto.",le dijeron,low,Forma enclitica arcaica.,Codex-assisted,replace,le dijeron,Modernización de forma enclítica arcaica.
05d6727b562674806501,NT,JHN,20,19,JHN 20:19,dijoles,100,178,185,díjoles,"aban juntos por miedo de los Judíos, vino Jesús, y púsose en medio, y",: Paz a ustedes.,"Y como fue tarde aquel día, el primero de la semana, y estando las puertas cerradas donde los discípulos estaban juntos por miedo de los Judíos, vino Jesús, y púsose en medio, y díjoles: Paz a ustedes.",les dijo,low,Forma enclitica arcaica.,Codex-assisted,replace,les dijo,Modernización de forma enclítica arcaica.
8a838bc090264f78fa78,NT,JHN,20,22,JHN 20:22,dijoles,101,33,40,díjoles,"Y como hubo dicho esto, sopló, y",: Tomen el Espíritu Santo:,"Y como hubo dicho esto, sopló, y díjoles: Tomen el Espíritu Santo:",les dijo,low,Forma enclitica arcaica.,Codex-assisted,replace,les dijo,Modernización de forma enclítica arcaica.
0465ccd9ebf5e55cdd8e,NT,JHN,20,25,JHN 20:25,dijeronle,59,0,9,Dijéronle,,pues los otros discípulos: Al Señor hemos visto. Y él les dijo: Si no,"Dijéronle pues los otros discípulos: Al Señor hemos visto. Y él les dijo: Si no veo en sus manos la señal de los clavos, y meto mi dedo en el lugar de los clavos, y meto mi mano en su costado, no creeré.",le dijeron,low,Forma enclitica arcaica.,Codex-assisted,replace,Le dijeron,Modernización de forma enclítica arcaica.
27f71fbe5a62729dbe67,NT,JHN,21,5,JHN 21:5,dijoles,102,2,9,díjoles,Y,": Mozos, ¿tienen algo de comer? Respondiéronle: No.","Y díjoles: Mozos, ¿tienen algo de comer? Respondiéronle: No.",les dijo,low,Forma enclitica arcaica.,Codex-assisted,replace,les dijo,Modernización de forma enclítica arcaica.
41dab5d273bf844d2ce8,NT,ACT,11,12,ACT 11:12,fuese,137,26,31,fuese,Y el Espíritu me dijo que,"con ellos sin dudar. Y vinieron también conmigo estos seis hermanos,","Y el Espíritu me dijo que fuese con ellos sin dudar. Y vinieron también conmigo estos seis hermanos, y entramos en casa de un varón,",se fue,medium,Puede requerir ajustar la frase completa.,,,,
cab0947795a0457e0aea,NT,ACT,11,22,ACT 11:22,fuese,138,103,108,fuese,oídos de la iglesia que estaba en Jerusalem: y enviaron a Bernabé que,hasta Antioquía.,Y llegó la fama de estas cosas a oídos de la iglesia que estaba en Jerusalem: y enviaron a Bernabé que fuese hasta Antioquía.,se fue,medium,Puede requerir ajustar la frase completa.,,,,
0d00fc7a962c453b2641,NT,ACT,16,3,ACT 16:3,fuese,139,21,26,fuese,Este quiso Pablo que,"con él; y tomándole, le circuncidó por causa de los Judíos que estaba","Este quiso Pablo que fuese con él; y tomándole, le circuncidó por causa de los Judíos que estaban en aquellos lugares; porque todos sabían que su padre era Griego.",se fue,medium,Puede requerir ajustar la frase completa.,,,,
aaebb31c20786e0acc2c,NT,ACT,17,14,ACT 17:14,fuese,140,45,50,fuese,Pero luego los hermanos enviaron a Pablo que,como a la mar; y Silas y Timoteo se quedaron allí.,Pero luego los hermanos enviaron a Pablo que fuese como a la mar; y Silas y Timoteo se quedaron allí.,se fue,medium,Puede requerir ajustar la frase completa.,,,,
af8b2bcd8f0f55ee9071,NT,ACT,19,2,ACT 19:2,dijoles,103,0,7,Díjoles,,: ¿Han recibido el Espíritu Santo después que creyeron? Y ellos le dij,Díjoles: ¿Han recibido el Espíritu Santo después que creyeron? Y ellos le dijeron: Antes ni aun hemos oído si hay Espíritu Santo.,les dijo,low,Forma enclitica arcaica.,Codex-assisted,replace,Les dijo,Modernización de forma enclítica arcaica.
eb42862318c425c9e752,NT,ACT,20,16,ACT 20:16,fuese,141,143,148,fuese,"en Asia: porque se apresuraba por hacer el día de Pentecostés, si le","posible, en Jerusalem.","Porque Pablo se había propuesto pasar adelante de Efeso; por no detenerse en Asia: porque se apresuraba por hacer el día de Pentecostés, si le fuese posible, en Jerusalem.",se fue,medium,Puede requerir ajustar la frase completa.,,,,
56bd439403c544b527c7,NT,ACT,20,20,ACT 20:20,fuese,142,14,19,fuese,Cómo nada que,"útil he rehuído de anunciarles y enseñarles, públicamente y por las c","Cómo nada que fuese útil he rehuído de anunciarles y enseñarles, públicamente y por las casas,",se fue,medium,Puede requerir ajustar la frase completa.,,,,
ac93f66f1b445b78e5da,NT,ACT,22,24,ACT 22:24,fuese,143,62,67,fuese,"Mandó el tribuno que le llevasen a la fortaleza, y ordenó que","examinado con azotes, para saber por qué causa clamaban así contra él","Mandó el tribuno que le llevasen a la fortaleza, y ordenó que fuese examinado con azotes, para saber por qué causa clamaban así contra él.",se fue,medium,Puede requerir ajustar la frase completa.,,,,
8c86148ec7ce5e65846d,NT,ACT,23,10,ACT 23:10,fuese,144,69,74,fuese,"Y habiendo grande disensión, el tribuno, teniendo temor de que Pablo","despedazado de ellos, mandó venir soldados, y arrebatarle de en medio","Y habiendo grande disensión, el tribuno, teniendo temor de que Pablo fuese despedazado de ellos, mandó venir soldados, y arrebatarle de en medio de ellos, y llevarle a la fortaleza.",se fue,medium,Puede requerir ajustar la frase completa.,,,,
fa1d56a28ab6a5dcbebc,NT,ACT,24,23,ACT 24:23,fuese,145,31,36,fuese,Y mandó al centurión que Pablo,"guardado, y aliviado de las prisiones; y que no vedase a ninguno de s","Y mandó al centurión que Pablo fuese guardado, y aliviado de las prisiones; y que no vedase a ninguno de sus familiares servirle, o venir a él.",se fue,medium,Puede requerir ajustar la frase completa.,,,,
5c7b00981eb454db372e,NT,ACT,25,6,ACT 25:6,fuese,146,133,138,fuese,"Cesarea, el siguiente día se sentó en el tribunal, y mandó que Pablo",traído.,"Y deteniéndose entre ellos no más de ocho o diez días, venido a Cesarea, el siguiente día se sentó en el tribunal, y mandó que Pablo fuese traído.",se fue,medium,Puede requerir ajustar la frase completa.,,,,
159f7307ada5f931bcdf,NT,ACT,27,3,ACT 27:3,fuese,147,85,90,fuese,"amos a Sidón; y Julio, tratando a Pablo con humanidad, permitióle que","a los amigos, para ser de ellos asistido.","Y otro día llegamos a Sidón; y Julio, tratando a Pablo con humanidad, permitióle que fuese a los amigos, para ser de ellos asistido.",se fue,medium,Puede requerir ajustar la frase completa.,,,,
b737ab580e7238b2c4cc,NT,ROM,4,11,ROM 4:11,fuese,148,111,116,fuese,sello de la justicia de la fe que tuvo en la incircuncisión: para que,"padre de todos los creyentes no circuncidados, para que también a ell","Y recibió la circuncisión por señal, por sello de la justicia de la fe que tuvo en la incircuncisión: para que fuese padre de todos los creyentes no circuncidados, para que también a ellos les sea contado por justicia;",se fue,medium,Puede requerir ajustar la frase completa.,,,,
7376b8ce86b6b311f592,NT,ROM,8,4,ROM 8:4,fuese,149,31,36,fuese,Para que la justicia de la ley,"cumplida en nosotros, que no andamos conforme a la carne, sino que co","Para que la justicia de la ley fuese cumplida en nosotros, que no andamos conforme a la carne, sino que conforme al espíritu.",se fue,medium,Puede requerir ajustar la frase completa.,,,,
e6d611b7990ff84eb72d,NT,ROM,11,19,ROM 11:19,fuese,150,52,57,fuese,"Pues las ramas, dirás, fueron quebradas para que yo",ingerido.,"Pues las ramas, dirás, fueron quebradas para que yo fuese ingerido.",se fue,medium,Puede requerir ajustar la frase completa.,,,,
d478e23e86674ba97668,NT,ROM,15,20,ROM 15:20,fuese,151,75,80,fuese,"esta manera me esforcé a predicar el evangelio, no donde antes Cristo","nombrado, por no edificar sobre ajeno fundamento:","Y de esta manera me esforcé a predicar el evangelio, no donde antes Cristo fuese nombrado, por no edificar sobre ajeno fundamento:",se fue,medium,Puede requerir ajustar la frase completa.,,,,
6981af459b91eb31d7bd,NT,1CO,5,2,1CO 5:2,fuese,152,66,71,fuese,"Y ustedes están hinchados, y no más bien tuvieron duelo, para que",quitado de en medio de ustedes el que hizo tal obra.,"Y ustedes están hinchados, y no más bien tuvieron duelo, para que fuese quitado de en medio de ustedes el que hizo tal obra.",se fue,medium,Puede requerir ajustar la frase completa.,,,,
0e3e4417fc88ffb4a1d9,NT,1CO,12,17,1CO 12:17,fuese,153,18,23,fuese,Si todo el cuerpo,"ojo, ¿dónde estaría el oído? Si todo fuese oído, ¿dónde estaría el ol","Si todo el cuerpo fuese ojo, ¿dónde estaría el oído? Si todo fuese oído, ¿dónde estaría el olfato?",se fue,medium,Puede requerir ajustar la frase completa.,,,,
3ff653fb655116f34bb5,NT,1CO,12,17,1CO 12:17,fuese,154,61,66,fuese,"Si todo el cuerpo fuese ojo, ¿dónde estaría el oído? Si todo","oído, ¿dónde estaría el olfato?","Si todo el cuerpo fuese ojo, ¿dónde estaría el oído? Si todo fuese oído, ¿dónde estaría el olfato?",se fue,medium,Puede requerir ajustar la frase completa.,,,,
2e1de9af748fdf6d2bfb,NT,1CO,16,12,1CO 16:12,fuese,155,50,55,fuese,"Acerca del hermano Apolos, mucho le he rogado que",a ustedes con los hermanos; pero en ninguna manera tuvo voluntad de i,"Acerca del hermano Apolos, mucho le he rogado que fuese a ustedes con los hermanos; pero en ninguna manera tuvo voluntad de ir por ahora; pero irá cuando tenga oportunidad.",se fue,medium,Puede requerir ajustar la frase completa.,,,,
37ec615ad0ed28363029,NT,2CO,7,12,2CO 7:12,fuese,156,126,131,fuese,"zo la injuria, ni por causa del que la padeció, sino que para que les",manifiesta nuestra solicitud que tenemos por ustedes delante de Dios.,"Así que, aunque les escribí, no fue por causa del que hizo la injuria, ni por causa del que la padeció, sino que para que les fuese manifiesta nuestra solicitud que tenemos por ustedes delante de Dios.",se fue,medium,Puede requerir ajustar la frase completa.,,,,
03d61765e9379b6fb1db,NT,GAL,2,21,GAL 2:21,fuese,157,51,56,fuese,No desecho la gracia de Dios: porque si por la ley,"la justicia, entonces por demás murió Cristo.","No desecho la gracia de Dios: porque si por la ley fuese la justicia, entonces por demás murió Cristo.",se fue,medium,Puede requerir ajustar la frase completa.,,,,
12225dd1af933b2ac7c3,NT,GAL,3,14,GAL 3:14,fuese,158,33,38,fuese,Para que la bendición de Abraham,sobre los Gentiles en Cristo Jesús; para que por la fe recibamos la p,Para que la bendición de Abraham fuese sobre los Gentiles en Cristo Jesús; para que por la fe recibamos la promesa del Espíritu.,se fue,medium,Puede requerir ajustar la frase completa.,,,,
5cddff339df271951215,NT,GAL,3,22,GAL 3:22,fuese,159,64,69,fuese,"Pero encerró la Escritura todo bajo pecado, para que la promesa",dada a los creyentes por la fe de Jesucristo.,"Pero encerró la Escritura todo bajo pecado, para que la promesa fuese dada a los creyentes por la fe de Jesucristo.",se fue,medium,Puede requerir ajustar la frase completa.,,,,
851af4ba37146d749034,NT,EPH,5,27,EPH 5:27,fuese,160,110,115,fuese,"iglesia que no tuviese mancha ni arruga, ni cosa semejante; sino que",santa y sin mancha.,"Para presentársela gloriosa para sí, una iglesia que no tuviese mancha ni arruga, ni cosa semejante; sino que fuese santa y sin mancha.",se fue,medium,Puede requerir ajustar la frase completa.,,,,
7d44cdd0c5b3e36cb13e,NT,2TI,4,17,2TI 4:17,fuese,161,53,58,fuese,"Pero el Señor me ayudó, y me esforzó para que por mí","cumplida la predicación, y todos los Gentiles oyesen; y fuí librado d","Pero el Señor me ayudó, y me esforzó para que por mí fuese cumplida la predicación, y todos los Gentiles oyesen; y fuí librado de la boca del león.",se fue,medium,Puede requerir ajustar la frase completa.,,,,
f2ba4b7c269c58b8bba9,NT,PHM,1,14,PHM 1:14,fuese,162,61,66,fuese,"Pero nada quise hacer sin tu consejo, porque tu beneficio no","como de necesidad, sino voluntario.","Pero nada quise hacer sin tu consejo, porque tu beneficio no fuese como de necesidad, sino voluntario.",se fue,medium,Puede requerir ajustar la frase completa.,,,,
a152b0a8ece14f56693f,NT,HEB,7,11,HEB 7:11,fuese,163,200,205,fuese,"e se levantase otro sacerdote según el orden de Melchîsedec, y que no",llamado según el orden de Aarón?,"Si pues la perfección era por el sacerdocio Levítico (porque debajo de él recibió el pueblo la ley) ¿qué necesidad había aún de que se levantase otro sacerdote según el orden de Melchîsedec, y que no fuese llamado según el orden de Aarón?",se fue,medium,Puede requerir ajustar la frase completa.,,,,
117178eef5ac34fb006e,NT,HEB,11,5,HEB 11:5,fuese,164,105,110,fuese,"no ver muerte, y no fue hallado, porque lo traspuso Dios. Y antes que","traspuesto, tuvo testimonio de haber agradado a Dios.","Por la fe Enoc fue traspuesto para no ver muerte, y no fue hallado, porque lo traspuso Dios. Y antes que fuese traspuesto, tuvo testimonio de haber agradado a Dios.",se fue,medium,Puede requerir ajustar la frase completa.,,,,
4315277a6a73ca507c2a,NT,REV,12,15,REV 12:15,fuese,165,82,87,fuese,"te echó de su boca tras la mujer agua como un río, a fin de hacer que",arrebatada del río.,"Y la serpiente echó de su boca tras la mujer agua como un río, a fin de hacer que fuese arrebatada del río.",se fue,medium,Puede requerir ajustar la frase completa.,,,,
39ed9670314653092d59,NT,REV,16,12,REV 16:12,fuese,166,95,100,fuese,"su copa sobre el gran río Eufrates; y el agua de él se secó, para que",preparado el camino de los reyes del Oriente.,"Y el sexto ángel derramó su copa sobre el gran río Eufrates; y el agua de él se secó, para que fuese preparado el camino de los reyes del Oriente.",se fue,medium,Puede requerir ajustar la frase completa.,,,,
