row_id,testament,book,chapter,verse,reference,term_id,occurrence_index,start,end,matched,before,after,verse_text,suggestion,risk,term_note,reviewer,decision,replacement,notes
a5075447eaa9a0ef5978,NT,MAT,1,20,MAT 1:20,he_aqui,1,23,30,he aquí,"Y pensando él en esto,","el ángel del Señor le aparece en sueños, diciendo: José, hijo de Davi","Y pensando él en esto, he aquí el ángel del Señor le aparece en sueños, diciendo: José, hijo de David, no temas de recibir a María tu mujer, porque lo que en ella es engendrado, del Espíritu Santo es.",miren,high,Formula biblica; decidir si se conserva en citas solemnes.,,,,
544b264dd6d23ba26b96,NT,MAT,1,23,MAT 1:23,he_aqui,2,0,7,He aquí,,"la virgen concebirá y parirá un hijo, y llamarás su nombre Emmanuel,","He aquí la virgen concebirá y parirá un hijo, y llamarás su nombre Emmanuel, que declarado, es: Con nosotros Dios.",miren,high,Formula biblica; decidir si se conserva en citas solemnes.,,,,
fd3f993c0d73d22a8ff8,NT,MAT,2,1,MAT 2:1,he_aqui,3,71,78,he aquí,"como fue nacido Jesús en Bethlehem de Judea en días del rey Herodes,","unos magos vinieron del oriente a Jerusalem,","Y como fue nacido Jesús en Bethlehem de Judea en días del rey Herodes, he aquí unos magos vinieron del oriente a Jerusalem,",miren,high,Formula biblica; decidir si se conserva en citas solemnes.,,,,
80d1a5645bee3f8c9d47,NT,MAT,2,9,MAT 2:9,he_aqui,4,44,51,he aquí,"Y ellos, habiendo oído al rey, se fueron: y","la estrella que habían visto en el oriente, iba delante de ellos, has","Y ellos, habiendo oído al rey, se fueron: y he aquí la estrella que habían visto en el oriente, iba delante de ellos, hasta que llegando, se puso sobre donde estaba el niño.",miren,high,Formula biblica; decidir si se conserva en citas solemnes.,,,,
a4194cfb4c7291853f51,NT,MAT,2,13,MAT 2:13,he_aqui,5,18,25,he aquí,"Y partidos ellos,","el ángel del Señor aparece en sueños a José, diciendo: Levántate, y t","Y partidos ellos, he aquí el ángel del Señor aparece en sueños a José, diciendo: Levántate, y toma al niño y a su madre, y huye a Egipto, y estáte allá hasta que yo te lo diga; porque ha de acontecer, que Herodes buscará al niño para matarlo.",miren,high,Formula biblica; decidir si se conserva en citas solemnes.,,,,
8ae5a5bcc4a6f1760024,NT,MAT,2,19,MAT 2:19,he_aqui,6,21,28,he aquí,"Pero muerto Herodes,","el ángel del Señor aparece en sueños a José en Egipto,","Pero muerto Herodes, he aquí el ángel del Señor aparece en sueños a José en Egipto,",miren,high,Formula biblica; decidir si se conserva en citas solemnes.,,,,
9c288560f8a40f5e4cfb,NT,MAT,3,10,MAT 3:10,segur,1,21,26,segur,"Ahora, ya también la",está puesta a la raíz de los árboles; y todo árbol que no hace buen f,"Ahora, ya también la segur está puesta a la raíz de los árboles; y todo árbol que no hace buen fruto, es cortado y echado en el fuego.",hacha,medium,Termino arcaico para hacha.,,,,
e21040ba4b70b6dafcc7,NT,MAT,3,12,MAT 3:12,alfoli,1,75,81,alfolí,"entador en su mano está, y aventará su era: y allegará su trigo en el",", y quemará la paja en fuego que nunca se apagará.","Su aventador en su mano está, y aventará su era: y allegará su trigo en el alfolí, y quemará la paja en fuego que nunca se apagará.",granero,medium,Termino agricola arcaico.,,,,
d836a9433c35ebd34279,NT,MAT,3,16,MAT 3:16,he_aqui,7,60,67,he aquí,"Y Jesús, después que fue bautizado, subió luego del agua; y","los cielos le fueron abiertos, y vio al Espíritu de Dios que descendí","Y Jesús, después que fue bautizado, subió luego del agua; y he aquí los cielos le fueron abiertos, y vio al Espíritu de Dios que descendía como paloma, y venía sobre él.",miren,high,Formula biblica; decidir si se conserva en citas solemnes.,,,,
edf595aeab684953d8b0,NT,MAT,3,17,MAT 3:17,he_aqui,8,2,9,he aquí,Y,"una voz de los cielos que decía: Este es mi Hijo amado, en el cual te","Y he aquí una voz de los cielos que decía: Este es mi Hijo amado, en el cual tengo contentamiento.",miren,high,Formula biblica; decidir si se conserva en citas solemnes.,,,,
c1f03d9432a4ef9c48a3,NT,MAT,4,9,MAT 4:9,dicele,1,2,8,dícele,Y,": Todo esto te daré, si postrado me adorares.","Y dícele: Todo esto te daré, si postrado me adorares.",le dice,low,Forma enclitica arcaica.,Codex-assisted,replace,le dice,Modernización de forma enclítica arcaica.
29a6cc7ef2be5484cb27,NT,MAT,4,11,MAT 4:11,he_aqui,9,30,37,he aquí,El diablo entonces le dejó: y,los ángeles llegaron y le servían.,El diablo entonces le dejó: y he aquí los ángeles llegaron y le servían.,miren,high,Formula biblica; decidir si se conserva en citas solemnes.,,,,
0b110331f5d68857dc54,NT,MAT,4,19,MAT 4:19,diceles,1,2,9,díceles,Y,": Vengan en pos de mí, y les haré pescadores de hombres.","Y díceles: Vengan en pos de mí, y les haré pescadores de hombres.",les dice,low,Forma enclitica arcaica.,Codex-assisted,replace,les dice,Modernización de forma enclítica arcaica.
6d5839e62f5580485216,NT,MAT,5,3,MAT 5:3,bienaventurados,1,0,15,Bienaventurados,,los pobres en espíritu: porque de ellos es el reino de los cielos.,Bienaventurados los pobres en espíritu: porque de ellos es el reino de los cielos.,dichosos,high,Termino tradicional; revisar por pasaje.,,,,
9facbcf4db93f3e6e29d,NT,MAT,5,4,MAT 5:4,bienaventurados,2,0,15,Bienaventurados,,los que lloran: porque ellos recibirán consolación.,Bienaventurados los que lloran: porque ellos recibirán consolación.,dichosos,high,Termino tradicional; revisar por pasaje.,,,,
96f82274f53b172de64c,NT,MAT,5,5,MAT 5:5,bienaventurados,3,0,15,Bienaventurados,,los mansos: porque ellos recibirán la tierra por heredad.,Bienaventurados los mansos: porque ellos recibirán la tierra por heredad.,dichosos,high,Termino tradicional; revisar por pasaje.,,,,
ccbec6b6abb22b6d16eb,NT,MAT,5,6,MAT 5:6,bienaventurados,4,0,15,Bienaventurados,,los que tienen hambre y sed de justicia: porque ellos serán hartos.,Bienaventurados los que tienen hambre y sed de justicia: porque ellos serán hartos.,dichosos,high,Termino tradicional; revisar por pasaje.,,,,
cf47b42c539deae4dbf5,NT,MAT,5,7,MAT 5:7,bienaventurados,5,0,15,Bienaventurados,,los misericordiosos: porque ellos alcanzarán misericordia.,Bienaventurados los misericordiosos: porque ellos alcanzarán misericordia.,dichosos,high,Termino tradicional; revisar por pasaje.,,,,
000887b22d9e38c27dac,NT,MAT,5,8,MAT 5:8,bienaventurados,6,0,15,Bienaventurados,,los de limpio corazón: porque ellos verán a Dios.,Bienaventurados los de limpio corazón: porque ellos verán a Dios.,dichosos,high,Termino tradicional; revisar por pasaje.,,,,
b17943e349d641276ed1,NT,MAT,5,9,MAT 5:9,bienaventurados,7,0,15,Bienaventurados,,los pacificadores: porque ellos serán llamados hijos de Dios.,Bienaventurados los pacificadores: porque ellos serán llamados hijos de Dios.,dichosos,high,Termino tradicional; revisar por pasaje.,,,,
23bce2745f97d1c36252,NT,MAT,5,10,MAT 5:10,bienaventurados,8,0,15,Bienaventurados,,los que padecen persecución por causa de la justicia: porque de ellos,Bienaventurados los que padecen persecución por causa de la justicia: porque de ellos es el reino de los cielos.,dichosos,high,Termino tradicional; revisar por pasaje.,,,,
7071665473f6bd94aa85,NT,MAT,5,11,MAT 5:11,bienaventurados,9,0,15,Bienaventurados,,"son cuando les vituperen y les persigan, y digan de ustedes todo mal","Bienaventurados son cuando les vituperen y les persigan, y digan de ustedes todo mal por mi causa, mintiendo.",dichosos,high,Termino tradicional; revisar por pasaje.,,,,
13fd3f796835e018e430,NT,MAT,5,12,MAT 5:12,merced,1,31,37,merced,Gócense y alégrense; porque su,es grande en los cielos: que así persiguieron a los profetas que fuer,Gócense y alégrense; porque su merced es grande en los cielos: que así persiguieron a los profetas que fueron antes de ustedes.,recompensa/favor,high,"Puede significar recompensa, favor o misericordia segun contexto.",,,,
ba463eb60e41cd560539,NT,MAT,6,1,MAT 6:1,merced,2,107,113,merced,"e de los hombres, para ser vistos de ellos: de otra manera no tendrán",de su Padre que está en los cielos.,"Miren que no hagan su justicia delante de los hombres, para ser vistos de ellos: de otra manera no tendrán merced de su Padre que está en los cielos.",recompensa/favor,high,"Puede significar recompensa, favor o misericordia segun contexto.",,,,
7a6b52499fc58436a773,NT,MAT,7,4,MAT 7:4,he_aqui,10,64,71,he aquí,"O ¿cómo dirás a tu hermano: Espera, echaré de tu ojo la mota, y",la viga en tu ojo?,"O ¿cómo dirás a tu hermano: Espera, echaré de tu ojo la mota, y he aquí la viga en tu ojo?",miren,high,Formula biblica; decidir si se conserva en citas solemnes.,,,,
ff125f21010e9799c9e1,NT,MAT,8,2,MAT 8:2,he_aqui,11,2,9,he aquí,Y,"un leproso vino, y le adoraba, diciendo: Señor, si quisieres, puedes","Y he aquí un leproso vino, y le adoraba, diciendo: Señor, si quisieres, puedes limpiarme.",miren,high,Formula biblica; decidir si se conserva en citas solemnes.,,,,
5d5b5b3668d57a1b5200,NT,MAT,8,24,MAT 8:24,he_aqui,12,2,9,he aquí,Y,", fue hecho en la mar un gran movimiento, que el barco se cubría de la","Y he aquí, fue hecho en la mar un gran movimiento, que el barco se cubría de las ondas; pero él dormía.",miren,high,Formula biblica; decidir si se conserva en citas solemnes.,,,,
2c91a7e62b0dafcbbcf6,NT,MAT,8,29,MAT 8:29,he_aqui,13,2,9,he aquí,Y,"clamaron, diciendo: ¿Qué tenemos contigo, Jesús, Hijo de Dios? ¿has v","Y he aquí clamaron, diciendo: ¿Qué tenemos contigo, Jesús, Hijo de Dios? ¿has venido acá a molestarnos antes de tiempo?",miren,high,Formula biblica; decidir si se conserva en citas solemnes.,,,,
01ea3dda06a314244bb3,NT,MAT,8,32,MAT 8:32,he_aqui,14,76,83,he aquí,"dijo: Vayan. Y ellos salieron, y se fueron a aquel hato de puercos: y",", todo el hato de los puercos se precipitó de un despeñadero en la mar","Y les dijo: Vayan. Y ellos salieron, y se fueron a aquel hato de puercos: y he aquí, todo el hato de los puercos se precipitó de un despeñadero en la mar, y murieron en las aguas.",miren,high,Formula biblica; decidir si se conserva en citas solemnes.,,,,
6cf16dfcd77bb739c2e8,NT,MAT,8,34,MAT 8:34,he_aqui,15,2,9,he aquí,Y,", toda la ciudad salió a encontrar a Jesús: y cuando le vieron, le rog","Y he aquí, toda la ciudad salió a encontrar a Jesús: y cuando le vieron, le rogaban que saliese de sus términos.",miren,high,Formula biblica; decidir si se conserva en citas solemnes.,,,,
4487212562dc019388f1,NT,MAT,9,2,MAT 9:2,he_aqui,16,2,9,he aquí,Y,"le trajeron un paralítico, echado en una cama: y viendo Jesús la fe d","Y he aquí le trajeron un paralítico, echado en una cama: y viendo Jesús la fe de ellos, dijo al paralítico: Confía, hijo; tus pecados te son perdonados.",miren,high,Formula biblica; decidir si se conserva en citas solemnes.,,,,
95048d2d25ef7a3450ad,NT,MAT,9,3,MAT 9:3,he_aqui,17,2,9,he aquí,Y,", algunos de los escribas decían dentro de sí: Este blasfema.","Y he aquí, algunos de los escribas decían dentro de sí: Este blasfema.",miren,high,Formula biblica; decidir si se conserva en citas solemnes.,,,,
7268949127a51c5a395b,NT,MAT,9,9,MAT 9:9,dicele,2,123,129,dícele,"entado al banco de los públicos tributos, el cual se llamaba Mateo; y",": Sígueme. Y se levantó, y le siguió.","Y pasando Jesús de allí, vio a un hombre que estaba sentado al banco de los públicos tributos, el cual se llamaba Mateo; y dícele: Sígueme. Y se levantó, y le siguió.",le dice,low,Forma enclitica arcaica.,Codex-assisted,replace,le dice,Modernización de forma enclítica arcaica.
26208efdb0fb2d859afe,NT,MAT,9,10,MAT 9:10,he_aqui,18,54,61,he aquí,"Y aconteció que estando él sentado a la mesa en casa,","que muchos publicanos y pecadores, que habían venido, se sentaron jun","Y aconteció que estando él sentado a la mesa en casa, he aquí que muchos publicanos y pecadores, que habían venido, se sentaron juntamente a la mesa con Jesús y sus discípulos.",miren,high,Formula biblica; decidir si se conserva en citas solemnes.,,,,
e8e61836467056488794,NT,MAT,9,18,MAT 9:18,he_aqui,19,33,40,he aquí,"Hablando él estas cosas a ellos,","vino un principal, y le adoraba, diciendo: Mi hija es muerta poco ha:","Hablando él estas cosas a ellos, he aquí vino un principal, y le adoraba, diciendo: Mi hija es muerta poco ha: pero ven y pon tu mano sobre ella, y vivirá.",miren,high,Formula biblica; decidir si se conserva en citas solemnes.,,,,
7bfcdccb007605e6777f,NT,MAT,9,20,MAT 9:20,he_aqui,20,2,9,he aquí,Y,"una mujer enferma de flujo de sangre doce años había, llegándose por","Y he aquí una mujer enferma de flujo de sangre doce años había, llegándose por detrás, tocó la franja de su vestido:",miren,high,Formula biblica; decidir si se conserva en citas solemnes.,,,,
552b9567d461f8ffa9d4,NT,MAT,9,24,MAT 9:24,diceles,2,0,7,Díceles,,": Apártense, que la muchacha no es muerta, sino que duerme. Y se burla","Díceles: Apártense, que la muchacha no es muerta, sino que duerme. Y se burlaban de él.",les dice,low,Forma enclitica arcaica.,Codex-assisted,replace,Les dice,Modernización de forma enclítica arcaica.
7e0b935cc76a6a2d0b6f,NT,MAT,9,32,MAT 9:32,he_aqui,21,18,25,he aquí,"Y saliendo ellos,",", le trajeron un hombre mudo, endemoniado.","Y saliendo ellos, he aquí, le trajeron un hombre mudo, endemoniado.",miren,high,Formula biblica; decidir si se conserva en citas solemnes.,,,,
e4cf316382b40c0f2b4f,NT,MAT,10,16,MAT 10:16,he_aqui,22,0,7,He aquí,,", yo les envío como a ovejas en medio de lobos: sean pues prudentes co","He aquí, yo les envío como a ovejas en medio de lobos: sean pues prudentes como serpientes, y sencillos como palomas.",miren,high,Formula biblica; decidir si se conserva en citas solemnes.,,,,
ad5cb257ee1a7962efcf,NT,MAT,10,41,MAT 10:41,merced,3,44,50,merced,"El que recibe profeta en nombre de profeta,","de profeta recibirá; y el que recibe justo en nombre de justo, merced","El que recibe profeta en nombre de profeta, merced de profeta recibirá; y el que recibe justo en nombre de justo, merced de justo recibirá.",recompensa/favor,high,"Puede significar recompensa, favor o misericordia segun contexto.",,,,
5ae2eb994272fb592c76,NT,MAT,10,41,MAT 10:41,merced,4,114,120,merced,"merced de profeta recibirá; y el que recibe justo en nombre de justo,",de justo recibirá.,"El que recibe profeta en nombre de profeta, merced de profeta recibirá; y el que recibe justo en nombre de justo, merced de justo recibirá.",recompensa/favor,high,"Puede significar recompensa, favor o misericordia segun contexto.",,,,
baee395d3cc0207e833b,NT,MAT,11,8,MAT 11:8,he_aqui,23,69,76,He aquí,Pero ¿qué salieron a ver? ¿un hombre cubierto de delicados vestidos?,", los que traen vestidos delicados, en las casas de los reyes están.","Pero ¿qué salieron a ver? ¿un hombre cubierto de delicados vestidos? He aquí, los que traen vestidos delicados, en las casas de los reyes están.",miren,high,Formula biblica; decidir si se conserva en citas solemnes.,,,,
e41a0ba0436b33dd9053,NT,MAT,11,10,MAT 11:10,he_aqui,24,38,45,He aquí,Porque éste es de quien está escrito:,", yo envío mi mensajero delante de tu faz, que aparejará tu camino del","Porque éste es de quien está escrito: He aquí, yo envío mi mensajero delante de tu faz, que aparejará tu camino delante de ti.",miren,high,Formula biblica; decidir si se conserva en citas solemnes.,,,,
12e0f49345b52cfa410e,NT,MAT,11,19,MAT 11:19,he_aqui,25,51,58,He aquí,"Vino el Hijo del hombre, que come y bebe, y dicen:","un hombre comilón, y bebedor de vino, amigo de publicanos y de pecado","Vino el Hijo del hombre, que come y bebe, y dicen: He aquí un hombre comilón, y bebedor de vino, amigo de publicanos y de pecadores. Pero la sabiduría es justificada por sus hijos.",miren,high,Formula biblica; decidir si se conserva en citas solemnes.,,,,
a23f7ddfed763dc4813b,NT,MAT,12,2,MAT 12:2,he_aqui,26,37,44,He aquí,"Y viéndolo los Fariseos, le dijeron:",tus discípulos hacen lo que no es lícito hacer en sábado.,"Y viéndolo los Fariseos, le dijeron: He aquí tus discípulos hacen lo que no es lícito hacer en sábado.",miren,high,Formula biblica; decidir si se conserva en citas solemnes.,,,,
e23f98af06a73d6f0e5d,NT,MAT,12,10,MAT 12:10,he_aqui,27,2,9,he aquí,Y,"había allí uno que tenía una mano seca: y le preguntaron, diciendo: ¿","Y he aquí había allí uno que tenía una mano seca: y le preguntaron, diciendo: ¿Es lícito curar en sábado? por acusarle.",miren,high,Formula biblica; decidir si se conserva en citas solemnes.,,,,
8a249439185438636cc5,NT,MAT,12,18,MAT 12:18,he_aqui,28,0,7,He aquí,,"mi siervo, al cual he escogido; mi Amado, en el cual se agrada mi alm","He aquí mi siervo, al cual he escogido; mi Amado, en el cual se agrada mi alma: pondré mi Espíritu sobre él, y a los Gentiles anunciará juicio.",miren,high,Formula biblica; decidir si se conserva en citas solemnes.,,,,
021fbf9e1fbd41b3ef2f,NT,MAT,12,41,MAT 12:41,he_aqui,29,146,153,he aquí,ondenarán; porque ellos se arrepintieron a la predicación de Jonás; y,más que Jonás en este lugar.,"Los hombres de Nínive se levantarán en el juicio con esta generación, y la condenarán; porque ellos se arrepintieron a la predicación de Jonás; y he aquí más que Jonás en este lugar.",miren,high,Formula biblica; decidir si se conserva en citas solemnes.,,,,
6e5528096e2ec4a0cf66,NT,MAT,12,42,MAT 12:42,he_aqui,30,157,164,he aquí,ue vino de los fines de la tierra para oir la sabiduría de Salomón: y,más que Salomón en este lugar.,"La reina del Austro se levantará en el juicio con esta generación, y la condenará; porque vino de los fines de la tierra para oir la sabiduría de Salomón: y he aquí más que Salomón en este lugar.",miren,high,Formula biblica; decidir si se conserva en citas solemnes.,,,,
cadd58c9d37cd6bd40c4,NT,MAT,12,46,MAT 12:46,he_aqui,31,40,47,he aquí,"Y estando él aún hablando a las gentes,","su madre y sus hermanos estaban fuera, que le querían hablar.","Y estando él aún hablando a las gentes, he aquí su madre y sus hermanos estaban fuera, que le querían hablar.",miren,high,Formula biblica; decidir si se conserva en citas solemnes.,,,,
084fed8c86d4ca0eef1e,NT,MAT,12,47,MAT 12:47,he_aqui,32,15,22,He aquí,Y le dijo uno:,"tu madre y tus hermanos están fuera, que te quieren hablar.","Y le dijo uno: He aquí tu madre y tus hermanos están fuera, que te quieren hablar.",miren,high,Formula biblica; decidir si se conserva en citas solemnes.,,,,
e66ff24bb992feb67e13,NT,MAT,12,49,MAT 12:49,he_aqui,33,50,57,He aquí,"Y extendiendo su mano hacia sus discípulos, dijo:",mi madre y mis hermanos.,"Y extendiendo su mano hacia sus discípulos, dijo: He aquí mi madre y mis hermanos.",miren,high,Formula biblica; decidir si se conserva en citas solemnes.,,,,
e4bc8e5e27ae6c1c0319,NT,MAT,13,3,MAT 13:3,he_aqui,34,50,57,He aquí,"Y les habló muchas cosas por parábolas, diciendo:",el que sembraba salió a sembrar.,"Y les habló muchas cosas por parábolas, diciendo: He aquí el que sembraba salió a sembrar.",miren,high,Formula biblica; decidir si se conserva en citas solemnes.,,,,
a9ef5637802ebf2afbec,NT,MAT,13,16,MAT 13:16,bienaventurados,10,5,20,bienaventurados,Pero,"sus ojos, porque ven; y sus oídos, porque oyen.","Pero bienaventurados sus ojos, porque ven; y sus oídos, porque oyen.",dichosos,high,Termino tradicional; revisar por pasaje.,,,,
c467bb38b91b52e09788,NT,MAT,13,30,MAT 13:30,alfoli,2,194,200,alfolí,"izaña, y átenla en manojos para quemarla; pero recojan el trigo en mi",.,"Dejen crecer juntamente lo uno y lo otro hasta la siega; y al tiempo de la siega yo diré a los segadores: Cojan primero la cizaña, y átenla en manojos para quemarla; pero recojan el trigo en mi alfolí.",granero,medium,Termino agricola arcaico.,,,,
ca1f0b95484d7ee7f4b3,NT,MAT,13,51,MAT 13:51,diceles,3,0,7,Díceles,,"Jesús: ¿Han entendido todas estas cosas? Ellos responden: Sí, Señor.","Díceles Jesús: ¿Han entendido todas estas cosas? Ellos responden: Sí, Señor.",les dice,low,Forma enclitica arcaica.,Codex-assisted,replace,Les dice,Modernización de forma enclítica arcaica.
b6a55cc8bf7fa9c4d707,NT,MAT,15,22,MAT 15:22,he_aqui,35,2,9,he aquí,Y,"una mujer Cananea, que había salido de aquellos términos, clamaba, di","Y he aquí una mujer Cananea, que había salido de aquellos términos, clamaba, diciéndole: Señor, Hijo de David, ten misericordia de mí; mi hija es malamente atormentada del demonio.",miren,high,Formula biblica; decidir si se conserva en citas solemnes.,,,,
3a5c1abcc5139884f64d,NT,MAT,17,3,MAT 17:3,he_aqui,36,2,9,he aquí,Y,"les aparecieron Moisés y Elías, hablando con él.","Y he aquí les aparecieron Moisés y Elías, hablando con él.",miren,high,Formula biblica; decidir si se conserva en citas solemnes.,,,,
508fcf84b456dad8ff15,NT,MAT,17,5,MAT 17:5,he_aqui,37,27,34,he aquí,"Y estando aún él hablando,","una nube de luz que los cubrió; y he aquí una voz de la nube, que dij","Y estando aún él hablando, he aquí una nube de luz que los cubrió; y he aquí una voz de la nube, que dijo: Este es mi Hijo amado, en el cual tomo contentamiento: a él oigan.",miren,high,Formula biblica; decidir si se conserva en citas solemnes.,,,,
fb8f3b2e5954772925cb,NT,MAT,17,5,MAT 17:5,he_aqui,38,69,76,he aquí,"Y estando aún él hablando, he aquí una nube de luz que los cubrió; y","una voz de la nube, que dijo: Este es mi Hijo amado, en el cual tomo","Y estando aún él hablando, he aquí una nube de luz que los cubrió; y he aquí una voz de la nube, que dijo: Este es mi Hijo amado, en el cual tomo contentamiento: a él oigan.",miren,high,Formula biblica; decidir si se conserva en citas solemnes.,,,,
38b817cde61574a51525,NT,MAT,19,8,MAT 19:8,diceles,4,0,7,Díceles,,: Por la dureza de su corazón Moisés les permitió repudiar a sus mujer,Díceles: Por la dureza de su corazón Moisés les permitió repudiar a sus mujeres: pero al principio no fue así.,les dice,low,Forma enclitica arcaica.,Codex-assisted,replace,Les dice,Modernización de forma enclítica arcaica.
4bd257d5e8b4529a51ee,NT,MAT,19,16,MAT 19:16,he_aqui,39,2,9,he aquí,Y,", uno llegándose le dijo: Maestro bueno, ¿qué bien haré para tener la","Y he aquí, uno llegándose le dijo: Maestro bueno, ¿qué bien haré para tener la vida eterna?",miren,high,Formula biblica; decidir si se conserva en citas solemnes.,,,,
1c925689cab95a64ac9c,NT,MAT,19,18,MAT 19:18,dicele,3,0,6,Dícele,,: ¿Cuáles? Y Jesús dijo: No matarás: No adulterarás: No hurtarás: No d,Dícele: ¿Cuáles? Y Jesús dijo: No matarás: No adulterarás: No hurtarás: No dirás falso testimonio:,le dice,low,Forma enclitica arcaica.,Codex-assisted,replace,Le dice,Modernización de forma enclítica arcaica.
d5a21bdbb14849469784,NT,MAT,19,20,MAT 19:20,dicele,4,0,6,Dícele,,el mancebo: Todo esto guardé desde mi juventud: ¿qué más me falta?,Dícele el mancebo: Todo esto guardé desde mi juventud: ¿qué más me falta?,le dice,low,Forma enclitica arcaica.,Codex-assisted,replace,Le dice,Modernización de forma enclítica arcaica.
acda64eac226350c792f,NT,MAT,19,21,MAT 19:21,dicele,5,0,6,Dícele,,"Jesús: Si quieres ser perfecto, anda, vende lo que tienes, y dalo a l","Dícele Jesús: Si quieres ser perfecto, anda, vende lo que tienes, y dalo a los pobres, y tendrás tesoro en el cielo; y ven, sígueme.",le dice,low,Forma enclitica arcaica.,Codex-assisted,replace,Le dice,Modernización de forma enclítica arcaica.
93f0a6d3786c65081bc0,NT,MAT,19,27,MAT 19:27,he_aqui,40,38,45,He aquí,"Entonces respondiendo Pedro, le dijo:",", nosotros hemos dejado todo, y te hemos seguido: ¿qué pues tendremos?","Entonces respondiendo Pedro, le dijo: He aquí, nosotros hemos dejado todo, y te hemos seguido: ¿qué pues tendremos?",miren,high,Formula biblica; decidir si se conserva en citas solemnes.,,,,
8edf655752895fa85cf7,NT,MAT,20,6,MAT 20:6,diceles,5,73,80,díceles,"aliendo cerca de la hora undécima, halló otros que estaban ociosos; y",: ¿Por qué están aquí todo el día ociosos?,"Y saliendo cerca de la hora undécima, halló otros que estaban ociosos; y díceles: ¿Por qué están aquí todo el día ociosos?",les dice,low,Forma enclitica arcaica.,Codex-assisted,replace,les dice,Modernización de forma enclítica arcaica.
3ea28c9621dc77d043f6,NT,MAT,20,7,MAT 20:7,diceles,6,39,46,Díceles,Dícenle: Porque nadie nos ha ajustado.,": Vayan también ustedes a la viña, y recibirán lo que sea justo.","Dícenle: Porque nadie nos ha ajustado. Díceles: Vayan también ustedes a la viña, y recibirán lo que sea justo.",les dice,low,Forma enclitica arcaica.,Codex-assisted,replace,Les dice,Modernización de forma enclítica arcaica.
59b4111f14d2b8be2c5b,NT,MAT,20,18,MAT 20:18,he_aqui,41,0,7,He aquí,,"subimos a Jerusalem, y el Hijo del hombre será entregado a los prínci","He aquí subimos a Jerusalem, y el Hijo del hombre será entregado a los príncipes de los sacerdotes y a los escribas, y le condenarán a muerte;",miren,high,Formula biblica; decidir si se conserva en citas solemnes.,,,,
c66d22a57c45a162cc7b,NT,MAT,20,30,MAT 20:30,he_aqui,42,2,9,he aquí,Y,"dos ciegos sentados junto al camino, como oyeron que Jesús pasaba, cl","Y he aquí dos ciegos sentados junto al camino, como oyeron que Jesús pasaba, clamaron, diciendo: Señor, Hijo de David, ten misericordia de nosotros.",miren,high,Formula biblica; decidir si se conserva en citas solemnes.,,,,
36e71e421777f6e2bfc8,NT,MAT,21,5,MAT 21:5,he_aqui,43,25,32,He aquí,Digan a la hija de Sión:,", tu Rey viene a ti, manso, y sentado sobre una asna, y sobre un polli","Digan a la hija de Sión: He aquí, tu Rey viene a ti, manso, y sentado sobre una asna, y sobre un pollino, hijo de animal de yugo.",miren,high,Formula biblica; decidir si se conserva en citas solemnes.,,,,
53d0831d21fc9bce3794,NT,MAT,21,31,MAT 21:31,diceles,7,72,79,Díceles,uál de los dos hizo la voluntad de su padre? Dicen ellos: El primero.,"Jesús: De cierto les digo, que los publicanos y las rameras les van d","¿Cuál de los dos hizo la voluntad de su padre? Dicen ellos: El primero. Díceles Jesús: De cierto les digo, que los publicanos y las rameras les van delante al reino de Dios.",les dice,low,Forma enclitica arcaica.,Codex-assisted,replace,Les dice,Modernización de forma enclítica arcaica.
aed806dcd98ebe879aa2,NT,MAT,21,42,MAT 21:42,diceles,8,0,7,Díceles,,Jesús: ¿Nunca leyeron en las Escrituras: La piedra que desecharon los,"Díceles Jesús: ¿Nunca leyeron en las Escrituras: La piedra que desecharon los que edificaban, ésta fue hecha por cabeza de esquina: por el Señor es hecho esto, y es cosa maravillosa en nuestros ojos?",les dice,low,Forma enclitica arcaica.,Codex-assisted,replace,Les dice,Modernización de forma enclítica arcaica.
672dae73b1a12977d48a,NT,MAT,22,4,MAT 22:4,he_aqui,44,63,70,He aquí,"Volvió a enviar otros siervos, diciendo: Digan a los llamados:",", mi comida he aparejado; mis toros y animales engordados son muertos,","Volvió a enviar otros siervos, diciendo: Digan a los llamados: He aquí, mi comida he aparejado; mis toros y animales engordados son muertos, y todo está prevenido: vengan a las bodas.",miren,high,Formula biblica; decidir si se conserva en citas solemnes.,,,,
7133805f6c7f0abc1766,NT,MAT,22,21,MAT 22:21,diceles,9,21,28,díceles,Dícenle: De César. Y,": Paguen pues a César lo que es de César, y a Dios lo que es de Dios.","Dícenle: De César. Y díceles: Paguen pues a César lo que es de César, y a Dios lo que es de Dios.",les dice,low,Forma enclitica arcaica.,Codex-assisted,replace,les dice,Modernización de forma enclítica arcaica.
391d89c5d4838dc9ae64,NT,MAT,23,34,MAT 23:34,he_aqui,45,11,18,he aquí,"Por tanto,",", yo envío a ustedes profetas, y sabios, y escribas: y de ellos, a uno","Por tanto, he aquí, yo envío a ustedes profetas, y sabios, y escribas: y de ellos, a unos matarán y crucificarán, y a otros de ellos azotarán en sus sinagogas, y perseguirán de ciudad en ciudad:",miren,high,Formula biblica; decidir si se conserva en citas solemnes.,,,,
a7a7878c2869d418d8c5,NT,MAT,23,38,MAT 23:38,he_aqui,46,0,7,He aquí,,su casa les es dejada desierta.,He aquí su casa les es dejada desierta.,miren,high,Formula biblica; decidir si se conserva en citas solemnes.,,,,
b1b6ae5c5d9e56c9163d,NT,MAT,24,23,MAT 24:23,he_aqui,47,30,37,He aquí,"Entonces, si alguno les dice:","está el Cristo, o allí, no crean.","Entonces, si alguno les dice: He aquí está el Cristo, o allí, no crean.",miren,high,Formula biblica; decidir si se conserva en citas solemnes.,,,,
7ec073f6abcd9417ed7c,NT,MAT,24,25,MAT 24:25,he_aqui,48,0,7,He aquí,,se lo he dicho antes.,He aquí se lo he dicho antes.,miren,high,Formula biblica; decidir si se conserva en citas solemnes.,,,,
b64c256a1ee324ecbd09,NT,MAT,24,26,MAT 24:26,he_aqui,49,23,30,He aquí,"Así que, si les dicen:",en el desierto está; no salgan: He aquí en las cámaras; no crean.,"Así que, si les dicen: He aquí en el desierto está; no salgan: He aquí en las cámaras; no crean.",miren,high,Formula biblica; decidir si se conserva en citas solemnes.,,,,
28cef81680cc03a6776e,NT,MAT,24,26,MAT 24:26,he_aqui,50,63,70,He aquí,"Así que, si les dicen: He aquí en el desierto está; no salgan:",en las cámaras; no crean.,"Así que, si les dicen: He aquí en el desierto está; no salgan: He aquí en las cámaras; no crean.",miren,high,Formula biblica; decidir si se conserva en citas solemnes.,,,,
02eee306194754fb4516,NT,MAT,25,6,MAT 25:6,he_aqui,51,39,46,He aquí,Y a la media noche fue oído un clamor:,", el esposo viene; salgan a recibirle.","Y a la media noche fue oído un clamor: He aquí, el esposo viene; salgan a recibirle.",miren,high,Formula biblica; decidir si se conserva en citas solemnes.,,,,
ba157531c1878ad22a43,NT,MAT,25,20,MAT 25:20,he_aqui,52,124,131,he aquí,"otros cinco talentos, diciendo: Señor, cinco talentos me entregaste;",otros cinco talentos he ganado sobre ellos.,"Y llegando el que había recibido cinco talentos, trajo otros cinco talentos, diciendo: Señor, cinco talentos me entregaste; he aquí otros cinco talentos he ganado sobre ellos.",miren,high,Formula biblica; decidir si se conserva en citas solemnes.,,,,
26b278e2511cf4eda0d4,NT,MAT,25,22,MAT 25:22,he_aqui,53,96,103,he aquí,"había recibido dos talentos, dijo: Señor, dos talentos me entregaste;",otros dos talentos he ganado sobre ellos.,"Y llegando también el que había recibido dos talentos, dijo: Señor, dos talentos me entregaste; he aquí otros dos talentos he ganado sobre ellos.",miren,high,Formula biblica; decidir si se conserva en citas solemnes.,,,,
a8a2546df84f4201fb63,NT,MAT,25,25,MAT 25:25,he_aqui,54,56,63,he aquí,"Y tuve miedo, y fuí, y escondí tu talento en la tierra:",tienes lo que es tuyo.,"Y tuve miedo, y fuí, y escondí tu talento en la tierra: he aquí tienes lo que es tuyo.",miren,high,Formula biblica; decidir si se conserva en citas solemnes.,,,,
f46ccd4c91694a8f9b41,NT,MAT,26,25,MAT 26:25,dicele,6,71,77,Dícele,"ntonces respondiendo Judas, que le entregaba, dijo: ¿Soy yo, Maestro?",: Tú lo has dicho.,"Entonces respondiendo Judas, que le entregaba, dijo: ¿Soy yo, Maestro? Dícele: Tú lo has dicho.",le dice,low,Forma enclitica arcaica.,Codex-assisted,replace,Le dice,Modernización de forma enclítica arcaica.
5277c03285f7027ec38a,NT,MAT,26,35,MAT 26:35,dicele,7,0,6,Dícele,,"Pedro: Aunque me sea menester morir contigo, no te negaré. Y todos lo","Dícele Pedro: Aunque me sea menester morir contigo, no te negaré. Y todos los discípulos dijeron lo mismo.",le dice,low,Forma enclitica arcaica.,Codex-assisted,replace,Le dice,Modernización de forma enclítica arcaica.
079eb50a2f053cc29ed5,NT,MAT,26,44,MAT 26:44,fuese,1,13,18,fuése,Y dejándolos,"de nuevo, y oró tercera vez, diciendo las mismas palabras.","Y dejándolos fuése de nuevo, y oró tercera vez, diciendo las mismas palabras.",se fue,medium,Puede requerir ajustar la frase completa.,,,,
a34863abe94d35f01e8d,NT,MAT,26,45,MAT 26:45,diceles,10,33,40,díceles,Entonces vino a sus discípulos y,": Duerman ya, y descansen: he aquí ha llegado la hora, y el Hijo del h","Entonces vino a sus discípulos y díceles: Duerman ya, y descansen: he aquí ha llegado la hora, y el Hijo del hombre es entregado en manos de pecadores.",les dice,low,Forma enclitica arcaica.,Codex-assisted,replace,les dice,Modernización de forma enclítica arcaica.
5c33c98dabcfd344f4f0,NT,MAT,26,45,MAT 26:45,he_aqui,55,67,74,he aquí,"Entonces vino a sus discípulos y díceles: Duerman ya, y descansen:","ha llegado la hora, y el Hijo del hombre es entregado en manos de pec","Entonces vino a sus discípulos y díceles: Duerman ya, y descansen: he aquí ha llegado la hora, y el Hijo del hombre es entregado en manos de pecadores.",miren,high,Formula biblica; decidir si se conserva en citas solemnes.,,,,
fbebf1083eaaef07ba40,NT,MAT,26,46,MAT 26:46,he_aqui,56,19,26,he aquí,"Levántense, vamos:",ha llegado el que me ha entregado.,"Levántense, vamos: he aquí ha llegado el que me ha entregado.",miren,high,Formula biblica; decidir si se conserva en citas solemnes.,,,,
eca5d3ec3952d41f9335,NT,MAT,26,47,MAT 26:47,he_aqui,57,19,26,he aquí,"Y hablando aún él,","Judas, uno de los doce, vino, y con él mucha gente con espadas y con","Y hablando aún él, he aquí Judas, uno de los doce, vino, y con él mucha gente con espadas y con palos, de parte de los príncipes de los sacerdotes, y de los ancianos del pueblo.",miren,high,Formula biblica; decidir si se conserva en citas solemnes.,,,,
01618bd84965b67e2b9f,NT,MAT,26,51,MAT 26:51,he_aqui,58,2,9,he aquí,Y,", uno de los que estaban con Jesús, extendiendo la mano, sacó su espad","Y he aquí, uno de los que estaban con Jesús, extendiendo la mano, sacó su espada, e hiriendo a un siervo del pontífice, le quitó la oreja.",miren,high,Formula biblica; decidir si se conserva en citas solemnes.,,,,
f512a11ab6ba936c177c,NT,MAT,26,65,MAT 26:65,he_aqui,59,107,114,He aquí,"dos, diciendo: Blasfemado ha: ¿qué más necesidad tenemos de testigos?",", ahora han oído su blasfemia.","Entonces el pontífice rasgó sus vestidos, diciendo: Blasfemado ha: ¿qué más necesidad tenemos de testigos? He aquí, ahora han oído su blasfemia.",miren,high,Formula biblica; decidir si se conserva en citas solemnes.,,,,
7e4e365ac385e24e7b22,NT,MAT,27,5,MAT 27:5,partiose,1,46,54,partióse,"Y arrojando las piezas de plata en el templo,","; y fue, y se ahorcó.","Y arrojando las piezas de plata en el templo, partióse; y fue, y se ahorcó.",se fue,medium,Puede significar partir/salir; revisar contexto.,,,,
ea12a6887efefc0d78e5,NT,MAT,27,51,MAT 27:51,he_aqui,60,2,9,he aquí,Y,", el velo del templo se rompió en dos, de alto a bajo: y la tierra tem","Y he aquí, el velo del templo se rompió en dos, de alto a bajo: y la tierra tembló, y las piedras se hendieron;",miren,high,Formula biblica; decidir si se conserva en citas solemnes.,,,,
ad490f4fd718952e45b2,NT,MAT,28,2,MAT 28:2,he_aqui,61,2,9,he aquí,Y,", fue hecho un gran terremoto: porque el ángel del Señor, descendiendo","Y he aquí, fue hecho un gran terremoto: porque el ángel del Señor, descendiendo del cielo y llegando, había revuelto la piedra, y estaba sentado sobre ella.",miren,high,Formula biblica; decidir si se conserva en citas solemnes.,,,,
29a83ae28e589c6bffca,NT,MAT,28,7,MAT 28:7,he_aqui,62,75,82,he aquí,"an presto, digan a sus discípulos que ha resucitado de los muertos: y","va delante de ustedes a Galilea; allí le verán; he aquí, se lo he dic","E vayan presto, digan a sus discípulos que ha resucitado de los muertos: y he aquí va delante de ustedes a Galilea; allí le verán; he aquí, se lo he dicho.",miren,high,Formula biblica; decidir si se conserva en citas solemnes.,,,,
ccea30d58e19c3b72d5e,NT,MAT,28,7,MAT 28:7,he_aqui,63,131,138,he aquí,os muertos: y he aquí va delante de ustedes a Galilea; allí le verán;,", se lo he dicho.","E vayan presto, digan a sus discípulos que ha resucitado de los muertos: y he aquí va delante de ustedes a Galilea; allí le verán; he aquí, se lo he dicho.",miren,high,Formula biblica; decidir si se conserva en citas solemnes.,,,,
38dbe97ddceed1203213,NT,MAT,28,9,MAT 28:9,he_aqui,64,0,7,He aquí,,", Jesús les sale al encuentro, diciendo: Salve. Y ellas se llegaron y","He aquí, Jesús les sale al encuentro, diciendo: Salve. Y ellas se llegaron y abrazaron sus pies, y le adoraron.",miren,high,Formula biblica; decidir si se conserva en citas solemnes.,,,,
5b0fcc41009ef4a13bae,NT,MAT,28,11,MAT 28:11,he_aqui,65,15,22,he aquí,"Y yendo ellas,","unos de la guardia vinieron a la ciudad, y dieron aviso a los príncip","Y yendo ellas, he aquí unos de la guardia vinieron a la ciudad, y dieron aviso a los príncipes de los sacerdotes de todas las cosas que habían acontecido.",miren,high,Formula biblica; decidir si se conserva en citas solemnes.,,,,
e6560279f4652693dbd6,NT,MAT,28,20,MAT 28:20,he_aqui,66,63,70,he aquí,Enseñándoles que guarden todas las cosas que les he mandado: y,", yo estoy con ustedes todos los días, hasta el fin del mundo. Amén.","Enseñándoles que guarden todas las cosas que les he mandado: y he aquí, yo estoy con ustedes todos los días, hasta el fin del mundo. Amén.",miren,high,Formula biblica; decidir si se conserva en citas solemnes.,,,,
90c03fc881a9f995a964,NT,MRK,1,2,MRK 1:2,he_aqui,67,40,47,He aquí,Como está escrito en Isaías el profeta:,"yo envío a mi mensajero delante de tu faz, que apareje tu camino dela","Como está escrito en Isaías el profeta: He aquí yo envío a mi mensajero delante de tu faz, que apareje tu camino delante de ti.",miren,high,Formula biblica; decidir si se conserva en citas solemnes.,,,,
e21f74113245bb50ade9,NT,MRK,2,24,MRK 2:24,he_aqui,68,34,41,He aquí,Entonces los Fariseos le dijeron:,", ¿por qué hacen en sábado lo que no es lícito?","Entonces los Fariseos le dijeron: He aquí, ¿por qué hacen en sábado lo que no es lícito?",miren,high,Formula biblica; decidir si se conserva en citas solemnes.,,,,
2db483ddbc83442aa175,NT,MRK,3,32,MRK 3:32,he_aqui,69,57,64,He aquí,"Y la gente estaba sentada alrededor de él, y le dijeron:",", tu madre y tus hermanos te buscan fuera.","Y la gente estaba sentada alrededor de él, y le dijeron: He aquí, tu madre y tus hermanos te buscan fuera.",miren,high,Formula biblica; decidir si se conserva en citas solemnes.,,,,
41b6ab5fae6a7d50541e,NT,MRK,3,34,MRK 3:34,he_aqui,70,60,67,He aquí,"Y mirando a los que estaban sentados alrededor de él, dijo:",mi madre y hermanos.,"Y mirando a los que estaban sentados alrededor de él, dijo: He aquí mi madre y hermanos.",miren,high,Formula biblica; decidir si se conserva en citas solemnes.,,,,
1a2d93d0d4bfc5449643,NT,MRK,4,3,MRK 4:3,he_aqui,71,7,14,He aquí,Oigan:,", el sembrador salió a sembrar.","Oigan: He aquí, el sembrador salió a sembrar.",miren,high,Formula biblica; decidir si se conserva en citas solemnes.,,,,
25d63d149a84c3b674c8,NT,MRK,5,17,MRK 5:17,fuese,2,30,35,fuese,Y comenzaron a rogarle que se,de los términos de ellos.,Y comenzaron a rogarle que se fuese de los términos de ellos.,se fue,medium,Puede requerir ajustar la frase completa.,,,,
ba7e8c7bd87b50aad56b,NT,MRK,6,27,MRK 6:27,fuese,3,54,59,fuese,"Y luego el rey, enviando uno de la guardia, mandó que",traída su cabeza;,"Y luego el rey, enviando uno de la guardia, mandó que fuese traída su cabeza;",se fue,medium,Puede requerir ajustar la frase completa.,,,,
f9deb1dc20bd110ec3bf,NT,MRK,6,35,MRK 6:35,fuese,4,10,15,fuese,Y como ya,"el día muy entrado, sus discípulos llegaron a él, diciendo: El lugar","Y como ya fuese el día muy entrado, sus discípulos llegaron a él, diciendo: El lugar es desierto, y el día ya muy entrado;",se fue,medium,Puede requerir ajustar la frase completa.,,,,
ff6d780d73afe68ecc23,NT,MRK,9,38,MRK 9:38,respondiole,1,2,13,respondióle,Y,"Juan, diciendo: Maestro, hemos visto a uno que en tu nombre echaba fu","Y respondióle Juan, diciendo: Maestro, hemos visto a uno que en tu nombre echaba fuera los demonios, el cual no nos sigue; y se lo prohibimos, porque no nos sigue.",le respondio,low,Forma enclitica arcaica.,Codex-assisted,replace,le respondió,Modernización de forma enclítica arcaica.
1ea27ca356832546b5b1,NT,MRK,10,21,MRK 10:21,dijole,1,35,41,díjole,"Entonces Jesús mirándole, amóle, y",": Una cosa te falta: ve, vende todo lo que tienes, y da a los pobres,","Entonces Jesús mirándole, amóle, y díjole: Una cosa te falta: ve, vende todo lo que tienes, y da a los pobres, y tendrás tesoro en el cielo; y ven, sígueme, tomando tu cruz.",le dijo,low,Forma enclitica arcaica.,Codex-assisted,replace,le dijo,Modernización de forma enclítica arcaica.
71cf413658cc1f7b35b3,NT,MRK,10,28,MRK 10:28,he_aqui,72,34,41,He aquí,Entonces Pedro comenzó a decirle:,", nosotros hemos dejado todas las cosas, y te hemos seguido.","Entonces Pedro comenzó a decirle: He aquí, nosotros hemos dejado todas las cosas, y te hemos seguido.",miren,high,Formula biblica; decidir si se conserva en citas solemnes.,,,,
0cc052e314f6c7bf9995,NT,MRK,10,33,MRK 10:33,he_aqui,73,0,7,He aquí,,"subimos a Jerusalem, y el Hijo del hombre será entregado a los prínci","He aquí subimos a Jerusalem, y el Hijo del hombre será entregado a los príncipes de los sacerdotes, y a los escribas, y le condenarán a muerte, y le entregarán a los Gentiles:",miren,high,Formula biblica; decidir si se conserva en citas solemnes.,,,,
3701e4b0c0f2ea0f603e,NT,MRK,11,21,MRK 11:21,he_aqui,74,46,53,he aquí,"Entonces Pedro acordándose, le dice: Maestro,","la higuera que maldijiste, se ha secado.","Entonces Pedro acordándose, le dice: Maestro, he aquí la higuera que maldijiste, se ha secado.",miren,high,Formula biblica; decidir si se conserva en citas solemnes.,,,,
afc5ee6fdba333f64020,NT,MRK,13,21,MRK 13:21,he_aqui,75,31,38,He aquí,Y entonces si alguno les dice:,", aquí está el Cristo; o, He aquí, allí está, no le crean.","Y entonces si alguno les dice: He aquí, aquí está el Cristo; o, He aquí, allí está, no le crean.",miren,high,Formula biblica; decidir si se conserva en citas solemnes.,,,,
4e113d8866d2d61a0f9e,NT,MRK,13,21,MRK 13:21,he_aqui,76,64,71,He aquí,"Y entonces si alguno les dice: He aquí, aquí está el Cristo; o,",", allí está, no le crean.","Y entonces si alguno les dice: He aquí, aquí está el Cristo; o, He aquí, allí está, no le crean.",miren,high,Formula biblica; decidir si se conserva en citas solemnes.,,,,
8f034aa6719a872b57d4,NT,MRK,14,35,MRK 14:35,fuese,5,62,67,fuese,"Y yéndose un poco adelante, se postró en tierra, y oró que si","posible, pasase de él aquella hora.","Y yéndose un poco adelante, se postró en tierra, y oró que si fuese posible, pasase de él aquella hora.",se fue,medium,Puede requerir ajustar la frase completa.,,,,
547ae837540588ffddfb,NT,MRK,14,41,MRK 14:41,he_aqui,77,85,92,he aquí,"ra vez, y les dice: Duerman ya y descansen: basta, la hora es venida;",", el Hijo del hombre es entregado en manos de los pecadores.","Y vino la tercera vez, y les dice: Duerman ya y descansen: basta, la hora es venida; he aquí, el Hijo del hombre es entregado en manos de los pecadores.",miren,high,Formula biblica; decidir si se conserva en citas solemnes.,,,,
9c0c0c7c448ff7bc7ec0,NT,MRK,14,42,MRK 14:42,he_aqui,78,19,26,he aquí,"Levántense, vamos:",", el que me entrega está cerca.","Levántense, vamos: he aquí, el que me entrega está cerca.",miren,high,Formula biblica; decidir si se conserva en citas solemnes.,,,,
d0463f3738f526de99e7,NT,MRK,15,15,MRK 15:15,fuese,6,113,118,fuese,"es soltó a Barrabás, y entregó a Jesús, después de azotarle, para que",crucificado.,"Y Pilato, queriendo satisfacer al pueblo, les soltó a Barrabás, y entregó a Jesús, después de azotarle, para que fuese crucificado.",se fue,medium,Puede requerir ajustar la frase completa.,,,,
a8ffeff44ef7af1284e1,NT,MRK,15,35,MRK 15:35,he_aqui,79,49,56,He aquí,"Y oyéndole unos de los que estaban allí, decían:",", llama a Elías.","Y oyéndole unos de los que estaban allí, decían: He aquí, llama a Elías.",miren,high,Formula biblica; decidir si se conserva en citas solemnes.,,,,
b469b390dbf80e5e4881,NT,MRK,15,44,MRK 15:44,fuese,7,29,34,fuese,Y Pilato se maravilló que ya,"muerto; y haciendo venir al centurión, preguntóle si era ya muerto.","Y Pilato se maravilló que ya fuese muerto; y haciendo venir al centurión, preguntóle si era ya muerto.",se fue,medium,Puede requerir ajustar la frase completa.,,,,
4d8cb5c966b9addb4d46,NT,MRK,16,6,MRK 16:6,he_aqui,80,111,118,he aquí,"Jesús Nazareno, el que fue crucificado; resucitado há, no está aquí;",el lugar en donde le pusieron.,"Pero él les dice: No se asusten: buscan a Jesús Nazareno, el que fue crucificado; resucitado há, no está aquí; he aquí el lugar en donde le pusieron.",miren,high,Formula biblica; decidir si se conserva en citas solemnes.,,,,
0e0dedf6c9f498082e4e,NT,LUK,1,29,LUK 1:29,fuese,8,77,82,fuese,"la, cuando le vio, se turbó de sus palabras, y pensaba qué salutación",ésta.,"Pero ella, cuando le vio, se turbó de sus palabras, y pensaba qué salutación fuese ésta.",se fue,medium,Puede requerir ajustar la frase completa.,,,,
2e611b44a70cb7a8f056,NT,LUK,2,1,LUK 2:1,fuese,9,92,97,fuese,"s días que salió edicto de parte de Augusto César, que toda la tierra",empadronada.,"Y aconteció en aquellos días que salió edicto de parte de Augusto César, que toda la tierra fuese empadronada.",se fue,medium,Puede requerir ajustar la frase completa.,,,,
8fdeb852f6b3e4065c1c,NT,LUK,2,21,LUK 2:21,fuese,10,124,129,fuese,aron su nombre JESÚS; el cual le fue puesto por el ángel antes que él,concebido en el vientre.,"Y pasados los ocho días para circuncidar al niño, llamaron su nombre JESÚS; el cual le fue puesto por el ángel antes que él fuese concebido en el vientre.",se fue,medium,Puede requerir ajustar la frase completa.,,,,
cdb3a9d940b13b3bae19,NT,LUK,2,48,LUK 2:48,dijole,2,39,45,díjole,"Y cuando le vieron, se maravillaron; y","su madre: Hijo, ¿por qué nos has hecho así? He aquí, tu padre y yo te","Y cuando le vieron, se maravillaron; y díjole su madre: Hijo, ¿por qué nos has hecho así? He aquí, tu padre y yo te hemos buscado con dolor.",le dijo,low,Forma enclitica arcaica.,Codex-assisted,replace,le dijo,Modernización de forma enclítica arcaica.
d062cbacc4fc3921df93,NT,LUK,3,15,LUK 3:15,fuese,11,80,85,fuese,"el pueblo esperando, y pensando todos de Juan en sus corazones, si él","el Cristo,","Y estando el pueblo esperando, y pensando todos de Juan en sus corazones, si él fuese el Cristo,",se fue,medium,Puede requerir ajustar la frase completa.,,,,
7c30dc257d538b00d3a1,NT,LUK,3,17,LUK 3:17,alfoli,3,73,79,alfolí,"o bieldo está en su mano, y limpiará su era, y juntará el trigo en su",", y la paja quemará en fuego que nunca se apagará.","Cuyo bieldo está en su mano, y limpiará su era, y juntará el trigo en su alfolí, y la paja quemará en fuego que nunca se apagará.",granero,medium,Termino agricola arcaico.,,,,
9dd2c90a4af5782dd602,NT,LUK,5,14,LUK 5:14,dijole,3,49,55,díjole,"Y él le mandó que no lo dijese a nadie: Pero ve,",", muéstrate al sacerdote, y ofrece por tu limpieza, como mandó Moisés,","Y él le mandó que no lo dijese a nadie: Pero ve, díjole, muéstrate al sacerdote, y ofrece por tu limpieza, como mandó Moisés, para testimonio a ellos.",le dijo,low,Forma enclitica arcaica.,Codex-assisted,replace,le dijo,Modernización de forma enclítica arcaica.
14d393e1c29b636b8a95,NT,LUK,6,20,LUK 6:20,bienaventurados,11,47,62,Bienaventurados,"Y alzando él los ojos a sus discípulos, decía:",ustedes los pobres; porque su es el reino de Dios.,"Y alzando él los ojos a sus discípulos, decía: Bienaventurados ustedes los pobres; porque su es el reino de Dios.",dichosos,high,Termino tradicional; revisar por pasaje.,,,,
5556a4c624d0bf4d1321,NT,LUK,6,21,LUK 6:21,bienaventurados,12,0,15,Bienaventurados,,los que ahora tienen hambre; porque serán saciados. Bienaventurados l,"Bienaventurados los que ahora tienen hambre; porque serán saciados. Bienaventurados los que ahora lloran, porque reirán.",dichosos,high,Termino tradicional; revisar por pasaje.,,,,
a09a91286316e9e5fc4f,NT,LUK,6,21,LUK 6:21,bienaventurados,13,68,83,Bienaventurados,Bienaventurados los que ahora tienen hambre; porque serán saciados.,"los que ahora lloran, porque reirán.","Bienaventurados los que ahora tienen hambre; porque serán saciados. Bienaventurados los que ahora lloran, porque reirán.",dichosos,high,Termino tradicional; revisar por pasaje.,,,,
eef5d5c5f5fee66b8569,NT,LUK,6,22,LUK 6:22,bienaventurados,14,0,15,Bienaventurados,,"serán, cuando los hombres les aborrezcan, y cuando les aparten de sí,","Bienaventurados serán, cuando los hombres les aborrezcan, y cuando les aparten de sí, y les denuesten, y desechen su nombre como malo, por el Hijo del hombre.",dichosos,high,Termino tradicional; revisar por pasaje.,,,,
ee27fe5dd3760b8388cb,NT,LUK,8,37,LUK 8:37,fuese,12,85,90,fuese,"a multitud de la tierra de los Gadarenos alrededor, le rogaron que se","de ellos; porque tenían gran temor. Y él, subiendo en el barco, volvi","Entonces toda la multitud de la tierra de los Gadarenos alrededor, le rogaron que se fuese de ellos; porque tenían gran temor. Y él, subiendo en el barco, volvióse.",se fue,medium,Puede requerir ajustar la frase completa.,,,,
22e45d636767d565677a,NT,LUK,10,23,LUK 10:23,bienaventurados,15,49,64,Bienaventurados,"Y vuelto particularmente a los discípulos, dijo:",los ojos que ven lo que ustedes ven:,"Y vuelto particularmente a los discípulos, dijo: Bienaventurados los ojos que ven lo que ustedes ven:",dichosos,high,Termino tradicional; revisar por pasaje.,,,,
007685016555d711462d,NT,LUK,10,28,LUK 10:28,dijole,4,2,8,díjole,Y,": Bien has respondido: haz esto, y vivirás.","Y díjole: Bien has respondido: haz esto, y vivirás.",le dijo,low,Forma enclitica arcaica.,Codex-assisted,replace,le dijo,Modernización de forma enclítica arcaica.
29f3d8e42fc12796a5f1,NT,LUK,11,28,LUK 11:28,bienaventurados,16,17,32,bienaventurados,Y él dijo: Antes,"los que oyen la palabra de Dios, y la guardan.","Y él dijo: Antes bienaventurados los que oyen la palabra de Dios, y la guardan.",dichosos,high,Termino tradicional; revisar por pasaje.,,,,
ae0e6a287d42657df228,NT,LUK,12,13,LUK 12:13,dijole,5,2,8,díjole,Y,"uno de la compañía: Maestro, di a mi hermano que parta conmigo la her","Y díjole uno de la compañía: Maestro, di a mi hermano que parta conmigo la herencia.",le dijo,low,Forma enclitica arcaica.,Codex-assisted,replace,le dijo,Modernización de forma enclítica arcaica.
574fbfb62e08e36844fb,NT,LUK,12,20,LUK 12:20,dijole,6,2,8,díjole,Y,"Dios: Necio, esta noche vuelven a pedir tu alma; y lo que has preveni","Y díjole Dios: Necio, esta noche vuelven a pedir tu alma; y lo que has prevenido, ¿de quién será?",le dijo,low,Forma enclitica arcaica.,Codex-assisted,replace,le dijo,Modernización de forma enclítica arcaica.
7f6ab07409757b658b55,NT,LUK,12,24,LUK 12:24,alfoli,4,78,84,alfolí,"en los cuervos, que ni siembran, ni siegan; que ni tienen cillero, ni",; y Dios los alimenta. ¿Cuánto de más estima son ustedes que las aves?,"Consideren los cuervos, que ni siembran, ni siegan; que ni tienen cillero, ni alfolí; y Dios los alimenta. ¿Cuánto de más estima son ustedes que las aves?",granero,medium,Termino agricola arcaico.,,,,
e11158a588529cffd34f,NT,LUK,12,37,LUK 12:37,bienaventurados,17,0,15,Bienaventurados,,"aquellos siervos, a los cuales cuando el Señor venga, halle velando:","Bienaventurados aquellos siervos, a los cuales cuando el Señor venga, halle velando: de cierto les digo, que se ceñirá, y hará que se sienten a la mesa, y pasando les servirá.",dichosos,high,Termino tradicional; revisar por pasaje.,,,,
ba3fc7db6f925a28003c,NT,LUK,12,38,LUK 12:38,bienaventurados,18,91,106,bienaventurados,"egunda vigilia, y aunque venga a la tercera vigilia, y los halle así,",son los tales siervos.,"Y aunque venga a la segunda vigilia, y aunque venga a la tercera vigilia, y los halle así, bienaventurados son los tales siervos.",dichosos,high,Termino tradicional; revisar por pasaje.,,,,
cc7896fef1dcdab41f31,NT,LUK,13,12,LUK 13:12,dijole,7,32,38,díjole,"Y como Jesús la vio, llamóla, y",": Mujer, libre eres de tu enfermedad.","Y como Jesús la vio, llamóla, y díjole: Mujer, libre eres de tu enfermedad.",le dijo,low,Forma enclitica arcaica.,Codex-assisted,replace,le dijo,Modernización de forma enclítica arcaica.
8e7366260e5ff060b249,NT,LUK,13,23,LUK 13:23,dijole,8,2,8,díjole,Y,"uno: Señor, ¿son pocos los que se salvan? Y él les dijo:","Y díjole uno: Señor, ¿son pocos los que se salvan? Y él les dijo:",le dijo,low,Forma enclitica arcaica.,Codex-assisted,replace,le dijo,Modernización de forma enclítica arcaica.
c0900d92ec8e2625238b,NT,LUK,16,25,LUK 16:25,dijole,9,2,8,díjole,Y,"Abraham: Hijo, acuérdate que recibiste tus bienes en tu vida, y Lázar","Y díjole Abraham: Hijo, acuérdate que recibiste tus bienes en tu vida, y Lázaro también males; pero ahora éste es consolado aquí, y tú atormentado.",le dijo,low,Forma enclitica arcaica.,Codex-assisted,replace,le dijo,Modernización de forma enclítica arcaica.
51407c8467f6506811a8,NT,LUK,17,19,LUK 17:19,dijole,10,2,8,díjole,Y,": Levántate, vete; tu fe te ha salvado.","Y díjole: Levántate, vete; tu fe te ha salvado.",le dijo,low,Forma enclitica arcaica.,Codex-assisted,replace,le dijo,Modernización de forma enclítica arcaica.
2510571e5c536a4c8d45,NT,LUK,19,3,LUK 19:3,fuese,13,30,35,fuese,Y procuraba ver a Jesús quién,"; pero no podía a causa de la multitud, porque era pequeño de estatura","Y procuraba ver a Jesús quién fuese; pero no podía a causa de la multitud, porque era pequeño de estatura.",se fue,medium,Puede requerir ajustar la frase completa.,,,,
b0a9b84864ecbed3d86d,NT,LUK,19,5,LUK 19:5,dijole,11,52,58,díjole,"Y como vino a aquel lugar Jesús, mirando, le vio, y",": Zaqueo, date priesa, desciende, porque hoy es necesario que pose en","Y como vino a aquel lugar Jesús, mirando, le vio, y díjole: Zaqueo, date priesa, desciende, porque hoy es necesario que pose en tu casa.",le dijo,low,Forma enclitica arcaica.,Codex-assisted,replace,le dijo,Modernización de forma enclítica arcaica.
c0fe17eb8628841b9e15,NT,LUK,23,23,LUK 23:23,fuese,14,50,55,fuese,"Pero ellos instaban a grandes voces, pidiendo que",crucificado. Y las voces de ellos y de los príncipes de los sacerdote,"Pero ellos instaban a grandes voces, pidiendo que fuese crucificado. Y las voces de ellos y de los príncipes de los sacerdotes crecían.",se fue,medium,Puede requerir ajustar la frase completa.,,,,
69fea4cc6d135c8ae025,NT,JHN,1,31,JHN 1:31,fuese,15,33,38,fuese,Y yo no le conocía; más para que,"manifestado a Israel, por eso vine yo bautizando con agua.","Y yo no le conocía; más para que fuese manifestado a Israel, por eso vine yo bautizando con agua.",se fue,medium,Puede requerir ajustar la frase completa.,,,,
a1dd1169f425bed34f77,NT,JHN,1,38,JHN 1:38,diceles,11,43,50,díceles,"Y volviéndose Jesús, y viéndolos seguirle,",: ¿Qué buscan? Y ellos le dijeron: Rabbí (que declarado quiere decir M,"Y volviéndose Jesús, y viéndolos seguirle, díceles: ¿Qué buscan? Y ellos le dijeron: Rabbí (que declarado quiere decir Maestro) ¿dónde moras?",les dice,low,Forma enclitica arcaica.,Codex-assisted,replace,les dice,Modernización de forma enclítica arcaica.
b7ef3948b4a0b9c5c172,NT,JHN,1,39,JHN 1:39,diceles,12,0,7,Díceles,,": Vengan y vean. Vinieron, y vieron donde moraba, y quedáronse con él","Díceles: Vengan y vean. Vinieron, y vieron donde moraba, y quedáronse con él aquel día: porque era como la hora de las diez.",les dice,low,Forma enclitica arcaica.,Codex-assisted,replace,Les dice,Modernización de forma enclítica arcaica.
f666af3e36bc77a67ac5,NT,JHN,1,41,JHN 1:41,dijole,12,41,47,díjole,"Este halló primero a su hermano Simón, y",": Hemos hallado al Mesías (que declarado es, el Cristo).","Este halló primero a su hermano Simón, y díjole: Hemos hallado al Mesías (que declarado es, el Cristo).",le dijo,low,Forma enclitica arcaica.,Codex-assisted,replace,le dijo,Modernización de forma enclítica arcaica.
6807535b51ce6218019b,NT,JHN,1,45,JHN 1:45,dicele,8,27,33,dícele,"Felipe halló a Natanael, y",": Hemos hallado a aquel de quien escribió Moisés en la ley, y los prof","Felipe halló a Natanael, y dícele: Hemos hallado a aquel de quien escribió Moisés en la ley, y los profetas: a Jesús, el hijo de José, de Nazaret.",le dice,low,Forma enclitica arcaica.,Codex-assisted,replace,le dice,Modernización de forma enclítica arcaica.
23d94affdfa48ccae4a7,NT,JHN,1,46,JHN 1:46,dijole,13,2,8,díjole,Y,Natanael: ¿De Nazaret puede haber algo de bueno? Dícele Felipe: Ven y,Y díjole Natanael: ¿De Nazaret puede haber algo de bueno? Dícele Felipe: Ven y ve.,le dijo,low,Forma enclitica arcaica.,Codex-assisted,replace,le dijo,Modernización de forma enclítica arcaica.
2d88ad19480b97dd4e22,NT,JHN,1,46,JHN 1:46,dicele,9,58,64,Dícele,Y díjole Natanael: ¿De Nazaret puede haber algo de bueno?,Felipe: Ven y ve.,Y díjole Natanael: ¿De Nazaret puede haber algo de bueno? Dícele Felipe: Ven y ve.,le dice,low,Forma enclitica arcaica.,Codex-assisted,replace,Le dice,Modernización de forma enclítica arcaica.
37de7336c4ac59014c60,NT,JHN,1,48,JHN 1:48,dijole,14,58,64,díjole,"Dícele Natanael: ¿De dónde me conoces? Respondió Jesús, y",": Antes que Felipe te llamara, cuando estabas debajo de la higuera te","Dícele Natanael: ¿De dónde me conoces? Respondió Jesús, y díjole: Antes que Felipe te llamara, cuando estabas debajo de la higuera te vi.",le dijo,low,Forma enclitica arcaica.,Codex-assisted,replace,le dijo,Modernización de forma enclítica arcaica.
303d3ebb032f16ecc2ba,NT,JHN,1,48,JHN 1:48,dicele,10,0,6,Dícele,,"Natanael: ¿De dónde me conoces? Respondió Jesús, y díjole: Antes que","Dícele Natanael: ¿De dónde me conoces? Respondió Jesús, y díjole: Antes que Felipe te llamara, cuando estabas debajo de la higuera te vi.",le dice,low,Forma enclitica arcaica.,Codex-assisted,replace,Le dice,Modernización de forma enclítica arcaica.
1dae609b49479b54c198,NT,JHN,1,49,JHN 1:49,dijole,15,22,28,díjole,"Respondió Natanael, y",": Rabbí, tú eres el Hijo de Dios; tú eres el Rey de Israel.","Respondió Natanael, y díjole: Rabbí, tú eres el Hijo de Dios; tú eres el Rey de Israel.",le dijo,low,Forma enclitica arcaica.,Codex-assisted,replace,le dijo,Modernización de forma enclítica arcaica.
c23a6aa2c91e8ed7d83d,NT,JHN,1,50,JHN 1:50,dijole,16,18,24,díjole,Respondió Jesús y,": ¿Porque te dije, te vi debajo de la higuera, crees? cosas mayores qu","Respondió Jesús y díjole: ¿Porque te dije, te vi debajo de la higuera, crees? cosas mayores que éstas verás.",le dijo,low,Forma enclitica arcaica.,Codex-assisted,replace,le dijo,Modernización de forma enclítica arcaica.
28b0854c6e4f250ef824,NT,JHN,1,51,JHN 1:51,dicele,11,2,8,dícele,Y,": De cierto, de cierto les digo: De aquí adelante verán el cielo abier","Y dícele: De cierto, de cierto les digo: De aquí adelante verán el cielo abierto, y los ángeles de Dios que suben y descienden sobre el Hijo del hombre.",le dice,low,Forma enclitica arcaica.,Codex-assisted,replace,le dice,Modernización de forma enclítica arcaica.
d0f34feba3d15369444e,NT,JHN,2,4,JHN 2:4,dicele,12,2,8,dícele,Y,"Jesús: ¿Qué tengo yo contigo, mujer? aun no ha venido mi hora.","Y dícele Jesús: ¿Qué tengo yo contigo, mujer? aun no ha venido mi hora.",le dice,low,Forma enclitica arcaica.,Codex-assisted,replace,le dice,Modernización de forma enclítica arcaica.
29162cb003048e633dd3,NT,JHN,2,7,JHN 2:7,diceles,13,0,7,Díceles,,Jesús: Hinchan estas tinajuelas de agua. E hinchiéronlas hasta arriba,Díceles Jesús: Hinchan estas tinajuelas de agua. E hinchiéronlas hasta arriba.,les dice,low,Forma enclitica arcaica.,Codex-assisted,replace,Les dice,Modernización de forma enclítica arcaica.
ac141ad7155742ced308,NT,JHN,2,8,JHN 2:8,diceles,14,2,9,díceles,Y,": Saquen ahora, y presenten al maestresala. Y presentáronle.","Y díceles: Saquen ahora, y presenten al maestresala. Y presentáronle.",les dice,low,Forma enclitica arcaica.,Codex-assisted,replace,les dice,Modernización de forma enclítica arcaica.
2281bdae5882e7ea1d1b,NT,JHN,2,10,JHN 2:10,dicele,13,2,8,dícele,Y,": Todo hombre pone primero el buen vino, y cuando están satisfechos, e","Y dícele: Todo hombre pone primero el buen vino, y cuando están satisfechos, entonces lo que es peor; pero tú has guardado el buen vino hasta ahora.",le dice,low,Forma enclitica arcaica.,Codex-assisted,replace,le dice,Modernización de forma enclítica arcaica.
64c30b1ea2c5e969ff87,NT,JHN,3,2,JHN 3:2,dijole,17,30,36,díjole,"Este vino a Jesús de noche, y",": Rabbí, sabemos que has venido de Dios por maestro; porque nadie pued","Este vino a Jesús de noche, y díjole: Rabbí, sabemos que has venido de Dios por maestro; porque nadie puede hacer estas señales que tú haces, si no es Dios con él.",le dijo,low,Forma enclitica arcaica.,Codex-assisted,replace,le dijo,Modernización de forma enclítica arcaica.
863a45ae73dcfe0ed35b,NT,JHN,3,3,JHN 3:3,dijole,18,19,25,díjole,"Respondió Jesús, y",": De cierto, de cierto te digo, que el que no nazca otra vez, no puede","Respondió Jesús, y díjole: De cierto, de cierto te digo, que el que no nazca otra vez, no puede ver el reino de Dios.",le dijo,low,Forma enclitica arcaica.,Codex-assisted,replace,le dijo,Modernización de forma enclítica arcaica.
c3ff730d1e5fd3e412f2,NT,JHN,3,4,JHN 3:4,dicele,14,0,6,Dícele,,Nicodemo: ¿Cómo puede el hombre nacer siendo viejo? ¿puede entrar otr,"Dícele Nicodemo: ¿Cómo puede el hombre nacer siendo viejo? ¿puede entrar otra vez en el vientre de su madre, y nacer?",le dice,low,Forma enclitica arcaica.,Codex-assisted,replace,Le dice,Modernización de forma enclítica arcaica.
2e560fd786605c031f7d,NT,JHN,3,9,JHN 3:9,dijole,19,22,28,díjole,"Respondió Nicodemo, y",: ¿Cómo puede esto hacerse?,"Respondió Nicodemo, y díjole: ¿Cómo puede esto hacerse?",le dijo,low,Forma enclitica arcaica.,Codex-assisted,replace,le dijo,Modernización de forma enclítica arcaica.
6ddac73f9c19838c4ace,NT,JHN,3,10,JHN 3:10,dijole,20,19,25,díjole,"Respondió Jesús, y",": ¿Tú eres el maestro de Israel, y no sabes esto?","Respondió Jesús, y díjole: ¿Tú eres el maestro de Israel, y no sabes esto?",le dijo,low,Forma enclitica arcaica.,Codex-assisted,replace,le dijo,Modernización de forma enclítica arcaica.
0367fe063dfbf0bdc399,NT,JHN,4,3,JHN 4:3,fuese,16,16,21,fuése,"Dejó a Judea, y",otra vez a Galilea.,"Dejó a Judea, y fuése otra vez a Galilea.",se fue,medium,Puede requerir ajustar la frase completa.,,,,
25776ada640a56726bfb,NT,JHN,4,10,JHN 4:10,dijole,21,18,24,díjole,Respondió Jesús y,": Si conocieses el don de Dios, y quién es el que te dice: Dame de beb","Respondió Jesús y díjole: Si conocieses el don de Dios, y quién es el que te dice: Dame de beber: tú pedirías de él, y él te daría agua viva.",le dijo,low,Forma enclitica arcaica.,Codex-assisted,replace,le dijo,Modernización de forma enclítica arcaica.
cb5a0ad5c00170070d15,NT,JHN,4,13,JHN 4:13,dijole,22,18,24,díjole,Respondió Jesús y,": Cualquiera que beba de esta agua, volverá a tener sed;","Respondió Jesús y díjole: Cualquiera que beba de esta agua, volverá a tener sed;",le dijo,low,Forma enclitica arcaica.,Codex-assisted,replace,le dijo,Modernización de forma enclítica arcaica.
5221c02ea4df0495c198,NT,JHN,4,17,JHN 4:17,dicele,15,45,51,Dícele,"Respondió la mujer, y dijo: No tengo marido.","Jesús: Bien has dicho, No tengo marido;","Respondió la mujer, y dijo: No tengo marido. Dícele Jesús: Bien has dicho, No tengo marido;",le dice,low,Forma enclitica arcaica.,Codex-assisted,replace,Le dice,Modernización de forma enclítica arcaica.
baa1f8edb78486d56abc,NT,JHN,4,19,JHN 4:19,dicele,16,0,6,Dícele,,"la mujer: Señor, paréceme que tú eres profeta.","Dícele la mujer: Señor, paréceme que tú eres profeta.",le dice,low,Forma enclitica arcaica.,Codex-assisted,replace,Le dice,Modernización de forma enclítica arcaica.
e58604da6fca995c424e,NT,JHN,4,21,JHN 4:21,dicele,17,0,6,Dícele,,"Jesús: Mujer, créeme, que la hora viene, cuando ni en este monte, ni","Dícele Jesús: Mujer, créeme, que la hora viene, cuando ni en este monte, ni en Jerusalem adorarán al Padre.",le dice,low,Forma enclitica arcaica.,Codex-assisted,replace,Le dice,Modernización de forma enclítica arcaica.
e2b8901fd57bbb3c9973,NT,JHN,4,25,JHN 4:25,dicele,18,0,6,Dícele,,"la mujer: Sé que el Mesías ha de venir, el cual se dice el Cristo: cu","Dícele la mujer: Sé que el Mesías ha de venir, el cual se dice el Cristo: cuando él venga nos declarará todas las cosas.",le dice,low,Forma enclitica arcaica.,Codex-assisted,replace,Le dice,Modernización de forma enclítica arcaica.
21e4e975c8ba8d07e0ca,NT,JHN,4,26,JHN 4:26,dicele,19,0,6,Dícele,,"Jesús: Yo soy, que hablo contigo.","Dícele Jesús: Yo soy, que hablo contigo.",le dice,low,Forma enclitica arcaica.,Codex-assisted,replace,Le dice,Modernización de forma enclítica arcaica.
9b30a69f394558052bb4,NT,JHN,4,34,JHN 4:34,diceles,15,0,7,Díceles,,"Jesús: Mi comida es que haga la voluntad del que me envió, y que acab","Díceles Jesús: Mi comida es que haga la voluntad del que me envió, y que acabe su obra.",les dice,low,Forma enclitica arcaica.,Codex-assisted,replace,Les dice,Modernización de forma enclítica arcaica.
7321ba611148581a08a2,NT,JHN,4,43,JHN 4:43,fuese,17,37,42,fuése,"Y dos días después, salió de allí, y",a Galilea.,"Y dos días después, salió de allí, y fuése a Galilea.",se fue,medium,Puede requerir ajustar la frase completa.,,,,
555285e7ddef344b611a,NT,JHN,4,50,JHN 4:50,dicele,20,0,6,Dícele,,"Jesús: Ve, tu hijo vive. Y el hombre creyó a la palabra que Jesús le","Dícele Jesús: Ve, tu hijo vive. Y el hombre creyó a la palabra que Jesús le dijo, y se fue.",le dice,low,Forma enclitica arcaica.,Codex-assisted,replace,Le dice,Modernización de forma enclítica arcaica.
95baf062ec572f1de15f,NT,JHN,5,6,JHN 5:6,dicele,21,68,74,dícele,"Como Jesús vio a éste echado, y entendió que ya había mucho tiempo,",: ¿Quieres ser sano?,"Como Jesús vio a éste echado, y entendió que ya había mucho tiempo, dícele: ¿Quieres ser sano?",le dice,low,Forma enclitica arcaica.,Codex-assisted,replace,le dice,Modernización de forma enclítica arcaica.
22ccea3127d80d56b8c3,NT,JHN,5,8,JHN 5:8,dicele,22,0,6,Dícele,,"Jesús: Levántate, toma tu lecho, y anda.","Dícele Jesús: Levántate, toma tu lecho, y anda.",le dice,low,Forma enclitica arcaica.,Codex-assisted,replace,Le dice,Modernización de forma enclítica arcaica.
76052183f9e87264ce28,NT,JHN,5,13,JHN 5:13,fuese,18,43,48,fuese,"Y el que había sido sanado, no sabía quién",; porque Jesús se había apartado de la gente que estaba en aquel lugar,"Y el que había sido sanado, no sabía quién fuese; porque Jesús se había apartado de la gente que estaba en aquel lugar.",se fue,medium,Puede requerir ajustar la frase completa.,,,,
995d341d5dd60eb6a134,NT,JHN,5,14,JHN 5:14,dijole,23,39,45,díjole,"Después le halló Jesús en el templo, y",": He aquí, has sido sanado; no peques más, porque no te venga alguna c","Después le halló Jesús en el templo, y díjole: He aquí, has sido sanado; no peques más, porque no te venga alguna cosa peor.",le dijo,low,Forma enclitica arcaica.,Codex-assisted,replace,le dijo,Modernización de forma enclítica arcaica.
0d826864afd420975ab2,NT,JHN,6,1,JHN 6:1,fuese,19,21,26,fuése,"Pasadas estas cosas,","Jesús de la otra parte de la mar de Galilea, que es de Tiberias.","Pasadas estas cosas, fuése Jesús de la otra parte de la mar de Galilea, que es de Tiberias.",se fue,medium,Puede requerir ajustar la frase completa.,,,,
7d665ca3413ac6bac210,NT,JHN,6,7,JHN 6:7,respondiole,2,0,11,Respondióle,,"Felipe: Doscientos denarios de pan no les bastarán, para que cada uno","Respondióle Felipe: Doscientos denarios de pan no les bastarán, para que cada uno de ellos tome un poco.",le respondio,low,Forma enclitica arcaica.,Codex-assisted,replace,Le respondió,Modernización de forma enclítica arcaica.
f61175175cac690d6b2f,NT,JHN,6,8,JHN 6:8,dicele,23,0,6,Dícele,,"uno de sus discípulos, Andrés, hermano de Simón Pedro:","Dícele uno de sus discípulos, Andrés, hermano de Simón Pedro:",le dice,low,Forma enclitica arcaica.,Codex-assisted,replace,Le dice,Modernización de forma enclítica arcaica.
6224bdffa342b9acacef,NT,JHN,6,68,JHN 6:68,respondiole,3,2,13,respondióle,Y,"Simón Pedro: Señor, ¿a quién iremos? tú tienes palabras de vida etern","Y respondióle Simón Pedro: Señor, ¿a quién iremos? tú tienes palabras de vida eterna.",le respondio,low,Forma enclitica arcaica.,Codex-assisted,replace,le respondió,Modernización de forma enclítica arcaica.
120c624e44c322bca453,NT,JHN,7,6,JHN 7:6,diceles,16,0,7,Díceles,,entonces Jesús: Mi tiempo aun no ha venido; pero su tiempo siempre es,Díceles entonces Jesús: Mi tiempo aun no ha venido; pero su tiempo siempre está presto.,les dice,low,Forma enclitica arcaica.,Codex-assisted,replace,Les dice,Modernización de forma enclítica arcaica.
b592832ef736fe59239d,NT,JHN,7,50,JHN 7:50,diceles,17,0,7,Díceles,,"Nicodemo (el que vino a él de noche, el cual era uno de ellos):","Díceles Nicodemo (el que vino a él de noche, el cual era uno de ellos):",les dice,low,Forma enclitica arcaica.,Codex-assisted,replace,Les dice,Modernización de forma enclítica arcaica.
ab67189c1fc83bb97e8f,NT,JHN,7,53,JHN 7:53,fuese,20,2,7,fuése,Y,cada uno a su casa.,Y fuése cada uno a su casa.,se fue,medium,Puede requerir ajustar la frase completa.,,,,
6c535cdfec7ba6c8e651,NT,JHN,8,10,JHN 8:10,dijole,24,63,69,díjole,"Y enderezándose Jesús, y no viendo a nadie más que a la mujer,",": ¿Mujer, dónde están los que te acusaban? ¿Ninguno te ha condenado?","Y enderezándose Jesús, y no viendo a nadie más que a la mujer, díjole: ¿Mujer, dónde están los que te acusaban? ¿Ninguno te ha condenado?",le dijo,low,Forma enclitica arcaica.,Codex-assisted,replace,le dijo,Modernización de forma enclítica arcaica.
deb4a0f8e2e94ac71697,NT,JHN,8,39,JHN 8:39,diceles,18,52,59,Díceles,Respondieron y dijéronle: Nuestro padre es Abraham.,"Jesús: Si fueran hijos de Abraham, las obras de Abraham harían.","Respondieron y dijéronle: Nuestro padre es Abraham. Díceles Jesús: Si fueran hijos de Abraham, las obras de Abraham harían.",les dice,low,Forma enclitica arcaica.,Codex-assisted,replace,Les dice,Modernización de forma enclítica arcaica.
895667097dcbb970117a,NT,JHN,8,58,JHN 8:58,fuese,21,64,69,fuese,"Díjoles Jesús: De cierto, de cierto les digo: Antes que Abraham",", yo soy.","Díjoles Jesús: De cierto, de cierto les digo: Antes que Abraham fuese, yo soy.",se fue,medium,Puede requerir ajustar la frase completa.,,,,
cce8781eec3900c949ae,NT,JHN,9,7,JHN 9:7,dijole,25,2,8,díjole,Y,": Ve, lávate en el estanque de Siloé (que significa, si lo interpretar","Y díjole: Ve, lávate en el estanque de Siloé (que significa, si lo interpretares, Enviado). Y fue entonces, y lavóse, y volvió viendo.",le dijo,low,Forma enclitica arcaica.,Codex-assisted,replace,le dijo,Modernización de forma enclítica arcaica.
bf4c43a2a5a6d0bb05e8,NT,JHN,9,22,JHN 9:22,fuese,22,139,144,fuese,"los Judíos habían resuelto que si alguno confesase ser él el Mesías,",fuera de la sinagoga.,"Esto dijeron sus padres, porque tenían miedo de los Judíos: porque ya los Judíos habían resuelto que si alguno confesase ser él el Mesías, fuese fuera de la sinagoga.",se fue,medium,Puede requerir ajustar la frase completa.,,,,
422e605a85ef2d232382,NT,JHN,9,35,JHN 9:35,dijole,26,52,58,díjole,"Oyó Jesús que le habían echado fuera; y hallándole,",: ¿Crees tú en el Hijo de Dios?,"Oyó Jesús que le habían echado fuera; y hallándole, díjole: ¿Crees tú en el Hijo de Dios?",le dijo,low,Forma enclitica arcaica.,Codex-assisted,replace,le dijo,Modernización de forma enclítica arcaica.
13de90db90f107fe34c2,NT,JHN,9,37,JHN 9:37,dijole,27,2,8,díjole,Y,"Jesús: Y le has visto, y el que habla contigo, él es.","Y díjole Jesús: Y le has visto, y el que habla contigo, él es.",le dijo,low,Forma enclitica arcaica.,Codex-assisted,replace,le dijo,Modernización de forma enclítica arcaica.
9901faea24eccebbaac2,NT,JHN,11,11,JHN 11:11,diceles,19,12,19,díceles,"Dicho esto,",después: Lázaro nuestro amigo duerme; pero voy a despertarle del sueñ,"Dicho esto, díceles después: Lázaro nuestro amigo duerme; pero voy a despertarle del sueño.",les dice,low,Forma enclitica arcaica.,Codex-assisted,replace,les dice,Modernización de forma enclítica arcaica.
98201611b9b21403ed11,NT,JHN,11,23,JHN 11:23,dicele,24,0,6,Dícele,,Jesús: Resucitará tu hermano.,Dícele Jesús: Resucitará tu hermano.,le dice,low,Forma enclitica arcaica.,Codex-assisted,replace,Le dice,Modernización de forma enclítica arcaica.
ef9078df68ada5e1acf5,NT,JHN,11,25,JHN 11:25,dicele,25,0,6,Dícele,,"Jesús: Yo soy la resurrección y la vida: el que cree en mí, aunque es","Dícele Jesús: Yo soy la resurrección y la vida: el que cree en mí, aunque esté muerto, vivirá.",le dice,low,Forma enclitica arcaica.,Codex-assisted,replace,Le dice,Modernización de forma enclítica arcaica.
174a2b682a8f8dda2926,NT,JHN,11,27,JHN 11:27,dicele,26,0,6,Dícele,,": Sí, Señor; yo he creído que tú eres el Cristo, el Hijo de Dios, que","Dícele: Sí, Señor; yo he creído que tú eres el Cristo, el Hijo de Dios, que has venido al mundo.",le dice,low,Forma enclitica arcaica.,Codex-assisted,replace,Le dice,Modernización de forma enclítica arcaica.
b6b19bd9689db35f56ee,NT,JHN,11,28,JHN 11:28,fuese,23,14,19,fuése,"Y esto dicho,",", y llamó en secreto a María su hermana, diciendo: El Maestro está aqu","Y esto dicho, fuése, y llamó en secreto a María su hermana, diciendo: El Maestro está aquí y te llama.",se fue,medium,Puede requerir ajustar la frase completa.,,,,
932994e3667e7b11db1c,NT,JHN,11,44,JHN 11:44,diceles,20,120,127,Díceles,nos y los pies con vendas; y su rostro estaba envuelto en un sudario.,"Jesús: Desátenle, y déjenle ir.","Y el que había estado muerto, salió, atadas las manos y los pies con vendas; y su rostro estaba envuelto en un sudario. Díceles Jesús: Desátenle, y déjenle ir.",les dice,low,Forma enclitica arcaica.,Codex-assisted,replace,Les dice,Modernización de forma enclítica arcaica.
0ddb97b3090cd8b1c1b8,NT,JHN,11,54,JHN 11:54,fuese,24,69,74,fuése,"Por tanto, Jesús ya no andaba manifiestamente entre los Judíos; pero","de allí a la tierra que está junto al desierto, a una ciudad que se l","Por tanto, Jesús ya no andaba manifiestamente entre los Judíos; pero fuése de allí a la tierra que está junto al desierto, a una ciudad que se llama Ephraim: y estábase allí con sus discípulos.",se fue,medium,Puede requerir ajustar la frase completa.,,,,
27383629973eda34a314,NT,JHN,12,34,JHN 12:34,respondiole,4,0,11,Respondióle,,"la gente: Nosotros hemos oído de la ley, que el Cristo permanece para","Respondióle la gente: Nosotros hemos oído de la ley, que el Cristo permanece para siempre: ¿cómo pues dices tú: Conviene que el Hijo del hombre sea levantado? ¿Quién es este Hijo del hombre?",le respondio,low,Forma enclitica arcaica.,Codex-assisted,replace,Le respondió,Modernización de forma enclítica arcaica.
1230482c19aa646adf94,NT,JHN,12,36,JHN 12:36,fuese,25,103,108,fuése,"ean en la luz, para que sean hijos de luz. Estas cosas habló Jesús, y",", y escondióse de ellos.","Entre tanto que tienen la luz, crean en la luz, para que sean hijos de luz. Estas cosas habló Jesús, y fuése, y escondióse de ellos.",se fue,medium,Puede requerir ajustar la frase completa.,,,,
c7419318f9ea71bc8915,NT,JHN,13,7,JHN 13:7,dijole,28,19,25,díjole,"Respondió Jesús, y",": Lo que yo hago, tú no entiendes ahora; pero lo entenderás después.","Respondió Jesús, y díjole: Lo que yo hago, tú no entiendes ahora; pero lo entenderás después.",le dijo,low,Forma enclitica arcaica.,Codex-assisted,replace,le dijo,Modernización de forma enclítica arcaica.
44d69bac1525d458d408,NT,JHN,13,8,JHN 13:8,dicele,27,0,6,Dícele,,Pedro: No me lavarás los pies jamás. Respondióle Jesús: Si no te lava,"Dícele Pedro: No me lavarás los pies jamás. Respondióle Jesús: Si no te lava, no tendrás parte conmigo.",le dice,low,Forma enclitica arcaica.,Codex-assisted,replace,Le dice,Modernización de forma enclítica arcaica.
573e52a9aa46c3eeba48,NT,JHN,13,8,JHN 13:8,respondiole,5,44,55,Respondióle,Dícele Pedro: No me lavarás los pies jamás.,"Jesús: Si no te lava, no tendrás parte conmigo.","Dícele Pedro: No me lavarás los pies jamás. Respondióle Jesús: Si no te lava, no tendrás parte conmigo.",le respondio,low,Forma enclitica arcaica.,Codex-assisted,replace,Le respondió,Modernización de forma enclítica arcaica.
f8438843410bebd4db42,NT,JHN,13,9,JHN 13:9,dicele,28,0,6,Dícele,,"Simón Pedro: Señor, no solo mis pies, sino que aun las manos y la cab","Dícele Simón Pedro: Señor, no solo mis pies, sino que aun las manos y la cabeza.",le dice,low,Forma enclitica arcaica.,Codex-assisted,replace,Le dice,Modernización de forma enclítica arcaica.
063cfec6a5eb115cfd16,NT,JHN,13,10,JHN 13:10,dicele,29,0,6,Dícele,,"Jesús: El que está lavado, no necesita sino que lave los pies, sino q","Dícele Jesús: El que está lavado, no necesita sino que lave los pies, sino que está todo limpio: y ustedes limpios están, aunque no todos.",le dice,low,Forma enclitica arcaica.,Codex-assisted,replace,Le dice,Modernización de forma enclítica arcaica.
700a6f24980d8ef7e1a1,NT,JHN,13,17,JHN 13:17,bienaventurados,19,22,37,bienaventurados,"Si saben estas cosas,","serán, si las hacen.","Si saben estas cosas, bienaventurados serán, si las hacen.",dichosos,high,Termino tradicional; revisar por pasaje.,,,,
c23bb51be60726dec2f8,NT,JHN,13,25,JHN 13:25,dicele,30,50,56,dícele,"El entonces recostándose sobre el pecho de Jesús,",": Señor, ¿quién es?","El entonces recostándose sobre el pecho de Jesús, dícele: Señor, ¿quién es?",le dice,low,Forma enclitica arcaica.,Codex-assisted,replace,le dice,Modernización de forma enclítica arcaica.
eef9ae45aca74a52e495,NT,JHN,13,36,JHN 13:36,dicele,31,0,6,Dícele,,"Simón Pedro: Señor, ¿adónde vas? Respondióle Jesús: Donde yo voy, no","Dícele Simón Pedro: Señor, ¿adónde vas? Respondióle Jesús: Donde yo voy, no me puedes ahora seguir; pero me seguirás después.",le dice,low,Forma enclitica arcaica.,Codex-assisted,replace,Le dice,Modernización de forma enclítica arcaica.
ce2b0af0456a89fc8201,NT,JHN,13,36,JHN 13:36,respondiole,6,40,51,Respondióle,"Dícele Simón Pedro: Señor, ¿adónde vas?","Jesús: Donde yo voy, no me puedes ahora seguir; pero me seguirás desp","Dícele Simón Pedro: Señor, ¿adónde vas? Respondióle Jesús: Donde yo voy, no me puedes ahora seguir; pero me seguirás después.",le respondio,low,Forma enclitica arcaica.,Codex-assisted,replace,Le respondió,Modernización de forma enclítica arcaica.
a8d65f16b0ff73e981aa,NT,JHN,13,37,JHN 13:37,dicele,32,0,6,Dícele,,"Pedro: Señor, ¿por qué no te puedo seguir ahora? mi alma pondré por t","Dícele Pedro: Señor, ¿por qué no te puedo seguir ahora? mi alma pondré por ti.",le dice,low,Forma enclitica arcaica.,Codex-assisted,replace,Le dice,Modernización de forma enclítica arcaica.
9082443bf3a6dd62fba2,NT,JHN,13,38,JHN 13:38,respondiole,7,0,11,Respondióle,,"Jesús: ¿Tu alma pondrás por mí? De cierto, de cierto te digo: No cant","Respondióle Jesús: ¿Tu alma pondrás por mí? De cierto, de cierto te digo: No cantará el gallo, sin que me hayas negado tres veces.",le respondio,low,Forma enclitica arcaica.,Codex-assisted,replace,Le respondió,Modernización de forma enclítica arcaica.
964892d7d3d2c607b3ee,NT,JHN,14,5,JHN 14:5,dicele,33,0,6,Dícele,,"Tomás: Señor, no sabemos a dónde vas: ¿cómo, pues, podemos saber el c","Dícele Tomás: Señor, no sabemos a dónde vas: ¿cómo, pues, podemos saber el camino?",le dice,low,Forma enclitica arcaica.,Codex-assisted,replace,Le dice,Modernización de forma enclítica arcaica.
58631dffc2c1460c0bdc,NT,JHN,14,8,JHN 14:8,dicele,34,0,6,Dícele,,"Felipe: Señor, muéstranos el Padre, y nos basta.","Dícele Felipe: Señor, muéstranos el Padre, y nos basta.",le dice,low,Forma enclitica arcaica.,Codex-assisted,replace,Le dice,Modernización de forma enclítica arcaica.
e5aba3aaf31d1486529c,NT,JHN,14,22,JHN 14:22,dicele,35,0,6,Dícele,,"Judas, no el Iscariote: Señor, ¿qué hay porque te hayas de manifestar","Dícele Judas, no el Iscariote: Señor, ¿qué hay porque te hayas de manifestar a nosotros, y no al mundo?",le dice,low,Forma enclitica arcaica.,Codex-assisted,replace,Le dice,Modernización de forma enclítica arcaica.
aa93c4de43f298aa0e94,NT,JHN,14,23,JHN 14:23,dijole,29,19,25,díjole,"Respondió Jesús, y",": El que me ama, mi palabra guardará; y mi Padre le amará, y vendremos","Respondió Jesús, y díjole: El que me ama, mi palabra guardará; y mi Padre le amará, y vendremos a él, y haremos con él morada.",le dijo,low,Forma enclitica arcaica.,Codex-assisted,replace,le dijo,Modernización de forma enclítica arcaica.
904c382413bff9919cc6,NT,JHN,16,7,JHN 16:7,fuese,26,74,79,fuese,yo les digo la verdad: Les es necesario que yo vaya: porque si yo no,", el Consolador no vendría a ustedes; pero si yo es, les le enviaré.","Pero yo les digo la verdad: Les es necesario que yo vaya: porque si yo no fuese, el Consolador no vendría a ustedes; pero si yo es, les le enviaré.",se fue,medium,Puede requerir ajustar la frase completa.,,,,
903655ad7d347a6bb4e4,NT,JHN,17,5,JHN 17:5,fuese,27,111,116,fuese,e ti mismo con aquella gloria que tuve cerca de ti antes que el mundo,.,"Ahora pues, Padre, glorifícame tú cerca de ti mismo con aquella gloria que tuve cerca de ti antes que el mundo fuese.",se fue,medium,Puede requerir ajustar la frase completa.,,,,
f453f5f0ff4024a94eed,NT,JHN,18,5,JHN 18:5,diceles,21,34,41,Díceles,Respondiéronle: A Jesús Nazareno.,"Jesús: Yo soy. (Y estaba también con ellos Judas, el que le entregaba","Respondiéronle: A Jesús Nazareno. Díceles Jesús: Yo soy. (Y estaba también con ellos Judas, el que le entregaba.)",les dice,low,Forma enclitica arcaica.,Codex-assisted,replace,Les dice,Modernización de forma enclítica arcaica.
da49c8bc05354af667db,NT,JHN,18,23,JHN 18:23,respondiole,8,0,11,Respondióle,,"Jesús: Si he hablado mal, da testimonio del mal: y si bien, ¿por qué","Respondióle Jesús: Si he hablado mal, da testimonio del mal: y si bien, ¿por qué me hieres?",le respondio,low,Forma enclitica arcaica.,Codex-assisted,replace,Le respondió,Modernización de forma enclítica arcaica.
c3bd85ab329fbf9dc12a,NT,JHN,18,31,JHN 18:31,diceles,22,0,7,Díceles,,"entonces Pilato: Tómenle ustedes, y júzguenle según su ley. Y los Jud","Díceles entonces Pilato: Tómenle ustedes, y júzguenle según su ley. Y los Judíos le dijeron: A nosotros no es lícito matar a nadie:",les dice,low,Forma enclitica arcaica.,Codex-assisted,replace,Les dice,Modernización de forma enclítica arcaica.
dabe7c9caa20522fc706,NT,JHN,18,33,JHN 18:33,dijole,30,67,73,díjole,"Así que, Pilato volvió a entrar en el pretorio, y llamó a Jesús, y",: ¿Eres tú el Rey de los Judíos?,"Así que, Pilato volvió a entrar en el pretorio, y llamó a Jesús, y díjole: ¿Eres tú el Rey de los Judíos?",le dijo,low,Forma enclitica arcaica.,Codex-assisted,replace,le dijo,Modernización de forma enclítica arcaica.
6b58cbd7962d5a96ddd7,NT,JHN,18,34,JHN 18:34,respondiole,9,0,11,Respondióle,,"Jesús: ¿Dices tú esto de ti mismo, o te lo han dicho otros de mí?","Respondióle Jesús: ¿Dices tú esto de ti mismo, o te lo han dicho otros de mí?",le respondio,low,Forma enclitica arcaica.,Codex-assisted,replace,Le respondió,Modernización de forma enclítica arcaica.
5dc18e5f2fdcc44ff7ea,NT,JHN,18,37,JHN 18:37,dijole,31,0,6,Díjole,,entonces Pilato: ¿Luego rey eres tú? Respondió Jesús: Tú dices que yo,"Díjole entonces Pilato: ¿Luego rey eres tú? Respondió Jesús: Tú dices que yo soy rey. Yo para esto he nacido, y para esto he venido al mundo, para dar testimonio a la verdad. Todo aquél que es de la verdad, oye mi voz.",le dijo,low,Forma enclitica arcaica.,Codex-assisted,replace,Le dijo,Modernización de forma enclítica arcaica.
ad13c8a79d475b78830b,NT,JHN,18,38,JHN 18:38,dicele,36,0,6,Dícele,,"Pilato: ¿Qué cosa es verdad? Y como hubo dicho esto, salió otra vez a","Dícele Pilato: ¿Qué cosa es verdad? Y como hubo dicho esto, salió otra vez a los Judíos, y díceles: Yo no hallo en él ningún crimen.",le dice,low,Forma enclitica arcaica.,Codex-assisted,replace,Le dice,Modernización de forma enclítica arcaica.
7d2dba61d215beb73897,NT,JHN,18,38,JHN 18:38,diceles,23,91,98,díceles,"osa es verdad? Y como hubo dicho esto, salió otra vez a los Judíos, y",: Yo no hallo en él ningún crimen.,"Dícele Pilato: ¿Qué cosa es verdad? Y como hubo dicho esto, salió otra vez a los Judíos, y díceles: Yo no hallo en él ningún crimen.",les dice,low,Forma enclitica arcaica.,Codex-assisted,replace,les dice,Modernización de forma enclítica arcaica.
14d9907a61d11b9a05f6,NT,JHN,19,5,JHN 19:5,diceles,24,73,80,díceles,"alió Jesús fuera, llevando la corona de espinas y la ropa de grana. Y",Pilato: He aquí el hombre.,"Y salió Jesús fuera, llevando la corona de espinas y la ropa de grana. Y díceles Pilato: He aquí el hombre.",les dice,low,Forma enclitica arcaica.,Codex-assisted,replace,les dice,Modernización de forma enclítica arcaica.
25eea1eab412de055185,NT,JHN,19,6,JHN 19:6,diceles,25,117,124,Díceles,"s, y los servidores, dieron voces diciendo: Crucifícale, crucifícale.","Pilato: Tómenle ustedes, y crucifíquenle; porque yo no hallo en él cr","Y como le vieron los príncipes de los sacerdotes, y los servidores, dieron voces diciendo: Crucifícale, crucifícale. Díceles Pilato: Tómenle ustedes, y crucifíquenle; porque yo no hallo en él crimen.",les dice,low,Forma enclitica arcaica.,Codex-assisted,replace,Les dice,Modernización de forma enclítica arcaica.
9b4af2aa0cdba71f4b4c,NT,JHN,19,10,JHN 19:10,dicele,37,9,15,dícele,Entonces,Pilato: ¿A mí no me hablas? ¿no sabes que tengo potestad para crucifi,"Entonces dícele Pilato: ¿A mí no me hablas? ¿no sabes que tengo potestad para crucificarte, y que tengo potestad para soltarte?",le dice,low,Forma enclitica arcaica.,Codex-assisted,replace,le dice,Modernización de forma enclítica arcaica.
6e6c9ccbb5a7cd7821c2,NT,JHN,19,11,JHN 19:11,fuese,28,63,68,fuese,"Respondió Jesús: Ninguna potestad tendrías contra mí, si no te","dado de arriba: por tanto, el que a ti me ha entregado, mayor pecado","Respondió Jesús: Ninguna potestad tendrías contra mí, si no te fuese dado de arriba: por tanto, el que a ti me ha entregado, mayor pecado tiene.",se fue,medium,Puede requerir ajustar la frase completa.,,,,
3c723a331bfd2f3765c0,NT,JHN,19,15,JHN 19:15,diceles,26,52,59,Díceles,"Pero ellos dieron voces: Quita, quita, crucifícale.",Pilato: ¿A su Rey he de crucificar? Respondieron los pontífices: No t,"Pero ellos dieron voces: Quita, quita, crucifícale. Díceles Pilato: ¿A su Rey he de crucificar? Respondieron los pontífices: No tenemos rey sino a César.",les dice,low,Forma enclitica arcaica.,Codex-assisted,replace,Les dice,Modernización de forma enclítica arcaica.
6de92190da7f469fac29,NT,JHN,19,16,JHN 19:16,fuese,29,45,50,fuese,Así que entonces lo entregó a ellos para que,"crucificado. Y tomaron a Jesús, y le llevaron.","Así que entonces lo entregó a ellos para que fuese crucificado. Y tomaron a Jesús, y le llevaron.",se fue,medium,Puede requerir ajustar la frase completa.,,,,
d45f54c74f431f9ee8eb,NT,JHN,20,13,JHN 20:13,diceles,27,37,44,Díceles,"Y dijéronle: Mujer, ¿por qué lloras?",": Porque se han llevado a mi Señor, y no sé dónde le han puesto.","Y dijéronle: Mujer, ¿por qué lloras? Díceles: Porque se han llevado a mi Señor, y no sé dónde le han puesto.",les dice,low,Forma enclitica arcaica.,Codex-assisted,replace,Les dice,Modernización de forma enclítica arcaica.
b04094b99240a5dd28d8,NT,JHN,20,15,JHN 20:15,dicele,38,0,6,Dícele,,"Jesús: Mujer, ¿por qué lloras? ¿a quién buscas? Ella, pensando que er","Dícele Jesús: Mujer, ¿por qué lloras? ¿a quién buscas? Ella, pensando que era el hortelano, dícele: Señor, si tú lo has llevado, dime dónde lo has puesto, y yo lo llevaré.",le dice,low,Forma enclitica arcaica.,Codex-assisted,replace,Le dice,Modernización de forma enclítica arcaica.
38b678efaa89af9a588e,NT,JHN,20,15,JHN 20:15,dicele,39,92,98,dícele,"por qué lloras? ¿a quién buscas? Ella, pensando que era el hortelano,",": Señor, si tú lo has llevado, dime dónde lo has puesto, y yo lo lleva","Dícele Jesús: Mujer, ¿por qué lloras? ¿a quién buscas? Ella, pensando que era el hortelano, dícele: Señor, si tú lo has llevado, dime dónde lo has puesto, y yo lo llevaré.",le dice,low,Forma enclitica arcaica.,Codex-assisted,replace,le dice,Modernización de forma enclítica arcaica.
8e5ea08414664bf6aa37,NT,JHN,20,16,JHN 20:16,dicele,40,0,6,Dícele,,"Jesús: ¡María! Volviéndose ella, dícele: ¡Rabboni! que quiere decir,","Dícele Jesús: ¡María! Volviéndose ella, dícele: ¡Rabboni! que quiere decir, Maestro.",le dice,low,Forma enclitica arcaica.,Codex-assisted,replace,Le dice,Modernización de forma enclítica arcaica.
6945aecf8a2c00446964,NT,JHN,20,16,JHN 20:16,dicele,41,40,46,dícele,"Dícele Jesús: ¡María! Volviéndose ella,",": ¡Rabboni! que quiere decir, Maestro.","Dícele Jesús: ¡María! Volviéndose ella, dícele: ¡Rabboni! que quiere decir, Maestro.",le dice,low,Forma enclitica arcaica.,Codex-assisted,replace,le dice,Modernización de forma enclítica arcaica.
92c974a32565bda4f33f,NT,JHN,20,17,JHN 20:17,dicele,42,0,6,Dícele,,Jesús: No me toques: porque aun no he subido a mi Padre: pero ve a mi,"Dícele Jesús: No me toques: porque aun no he subido a mi Padre: pero ve a mis hermanos, y diles: Subo a mi Padre y a su Padre, a mi Dios y a su Dios.",le dice,low,Forma enclitica arcaica.,Codex-assisted,replace,Le dice,Modernización de forma enclítica arcaica.
84c2e77b3a4cdcde42ea,NT,JHN,20,28,JHN 20:28,dijole,32,28,34,díjole,"Entonces Tomás respondió, y",": ¡Señor mío, y Dios mío!","Entonces Tomás respondió, y díjole: ¡Señor mío, y Dios mío!",le dijo,low,Forma enclitica arcaica.,Codex-assisted,replace,le dijo,Modernización de forma enclítica arcaica.
fbcd1e7a3ff9be141554,NT,JHN,20,29,JHN 20:29,dicele,43,0,6,Dícele,,"Jesús: Porque me has visto, Tomás, creiste: bienaventurados los que n","Dícele Jesús: Porque me has visto, Tomás, creiste: bienaventurados los que no vieron y creyeron.",le dice,low,Forma enclitica arcaica.,Codex-assisted,replace,Le dice,Modernización de forma enclítica arcaica.
8e3c67f47f4ee86a3d21,NT,JHN,20,29,JHN 20:29,bienaventurados,20,51,66,bienaventurados,"Dícele Jesús: Porque me has visto, Tomás, creiste:",los que no vieron y creyeron.,"Dícele Jesús: Porque me has visto, Tomás, creiste: bienaventurados los que no vieron y creyeron.",dichosos,high,Termino tradicional; revisar por pasaje.,,,,
7892f2feaef7a940dc50,NT,JHN,21,3,JHN 21:3,diceles,28,0,7,Díceles,,"Simón: A pescar voy. Dícenle: Vamos nosotros también contigo. Fueron,","Díceles Simón: A pescar voy. Dícenle: Vamos nosotros también contigo. Fueron, y subieron en una barca; y aquella noche no cogieron nada.",les dice,low,Forma enclitica arcaica.,Codex-assisted,replace,Les dice,Modernización de forma enclítica arcaica.
8fc01a680f976c6d76bf,NT,JHN,21,10,JHN 21:10,diceles,29,0,7,Díceles,,Jesús: Traigan de los peces que cogieron ahora.,Díceles Jesús: Traigan de los peces que cogieron ahora.,les dice,low,Forma enclitica arcaica.,Codex-assisted,replace,Les dice,Modernización de forma enclítica arcaica.
50bc90d18face0022966,NT,JHN,21,12,JHN 21:12,diceles,30,0,7,Díceles,,"Jesús: Vengan, coman. Y ninguno de los discípulos osaba preguntarle:","Díceles Jesús: Vengan, coman. Y ninguno de los discípulos osaba preguntarle: ¿Tú, quién eres? sabiendo que era el Señor.",les dice,low,Forma enclitica arcaica.,Codex-assisted,replace,Les dice,Modernización de forma enclítica arcaica.
9f3b2e580bd421656662,NT,JHN,21,15,JHN 21:15,dicele,44,98,104,Dícele,"sús dijo a Simón Pedro: Simón, hijo de Jonás, ¿me amas más que éstos?",": Sí, Señor: tú sabes que te amo. Dícele: Apacienta mis corderos.","Y cuando hubieron comido, Jesús dijo a Simón Pedro: Simón, hijo de Jonás, ¿me amas más que éstos? Dícele: Sí, Señor: tú sabes que te amo. Dícele: Apacienta mis corderos.",le dice,low,Forma enclitica arcaica.,Codex-assisted,replace,Le dice,Modernización de forma enclítica arcaica.
980c7314a1700fe17b8b,NT,JHN,21,15,JHN 21:15,dicele,45,138,144,Dícele,"onás, ¿me amas más que éstos? Dícele: Sí, Señor: tú sabes que te amo.",: Apacienta mis corderos.,"Y cuando hubieron comido, Jesús dijo a Simón Pedro: Simón, hijo de Jonás, ¿me amas más que éstos? Dícele: Sí, Señor: tú sabes que te amo. Dícele: Apacienta mis corderos.",le dice,low,Forma enclitica arcaica.,Codex-assisted,replace,Le dice,Modernización de forma enclítica arcaica.
fc05574d262b2adb005e,NT,JHN,21,16,JHN 21:16,dicele,46,109,115,Dícele,"hijo de Jonás, ¿me amas? Respóndele: Sí, Señor: tú sabes que te amo.",: Apacienta mis ovejas.,"Vuélvele a decir la segunda vez: Simón, hijo de Jonás, ¿me amas? Respóndele: Sí, Señor: tú sabes que te amo. Dícele: Apacienta mis ovejas.",le dice,low,Forma enclitica arcaica.,Codex-assisted,replace,Le dice,Modernización de forma enclítica arcaica.
234f97e2189965e01dd3,NT,JHN,21,17,JHN 21:17,dicele,47,0,6,Dícele,,"la tercera vez: Simón, hijo de Jonás, ¿me amas? Entristecióse Pedro d","Dícele la tercera vez: Simón, hijo de Jonás, ¿me amas? Entristecióse Pedro de que le dijese la tercera vez: ¿Me amas? y dícele: Señor, tú sabes todas las cosas; tú sabes que te amo. Dícele Jesús: Apacienta mis ovejas.",le dice,low,Forma enclitica arcaica.,Codex-assisted,replace,Le dice,Modernización de forma enclítica arcaica.
9a3df9e68d6ba80176af,NT,JHN,21,17,JHN 21:17,dicele,48,120,126,dícele,mas? Entristecióse Pedro de que le dijese la tercera vez: ¿Me amas? y,": Señor, tú sabes todas las cosas; tú sabes que te amo. Dícele Jesús:","Dícele la tercera vez: Simón, hijo de Jonás, ¿me amas? Entristecióse Pedro de que le dijese la tercera vez: ¿Me amas? y dícele: Señor, tú sabes todas las cosas; tú sabes que te amo. Dícele Jesús: Apacienta mis ovejas.",le dice,low,Forma enclitica arcaica.,Codex-assisted,replace,le dice,Modernización de forma enclítica arcaica.
cd11df9f1f89baf9391d,NT,JHN,21,17,JHN 21:17,dicele,49,182,188,Dícele,"amas? y dícele: Señor, tú sabes todas las cosas; tú sabes que te amo.",Jesús: Apacienta mis ovejas.,"Dícele la tercera vez: Simón, hijo de Jonás, ¿me amas? Entristecióse Pedro de que le dijese la tercera vez: ¿Me amas? y dícele: Señor, tú sabes todas las cosas; tú sabes que te amo. Dícele Jesús: Apacienta mis ovejas.",le dice,low,Forma enclitica arcaica.,Codex-assisted,replace,Le dice,Modernización de forma enclítica arcaica.
f3fa09630df8e1968af3,NT,JHN,21,19,JHN 21:19,dicele,50,87,93,dícele,"o a entender con qué muerte había de glorificar a Dios. Y dicho esto,",: Sígueme.,"Y esto dijo, dando a entender con qué muerte había de glorificar a Dios. Y dicho esto, dícele: Sígueme.",le dice,low,Forma enclitica arcaica.,Codex-assisted,replace,le dice,Modernización de forma enclítica arcaica.
709c3b7883de7793930d,NT,JHN,21,22,JHN 21:22,dicele,51,0,6,Dícele,,"Jesús: Si quiero que él quede hasta que yo venga, ¿qué a tí? Sígueme","Dícele Jesús: Si quiero que él quede hasta que yo venga, ¿qué a tí? Sígueme tú.",le dice,low,Forma enclitica arcaica.,Codex-assisted,replace,Le dice,Modernización de forma enclítica arcaica.
e8877f147bfecfc42418,NT,ACT,10,4,ACT 10:4,dijole,33,65,71,díjole,"Y él, puestos en él los ojos, espantado, dijo: ¿Qué es, Señor? Y",: Tus oraciones y tus limosnas han subido en memoria a la presencia de,"Y él, puestos en él los ojos, espantado, dijo: ¿Qué es, Señor? Y díjole: Tus oraciones y tus limosnas han subido en memoria a la presencia de Dios.",le dijo,low,Forma enclitica arcaica.,Codex-assisted,replace,le dijo,Modernización de forma enclítica arcaica.
b35aeeeb299464bc3f41,NT,ACT,11,12,ACT 11:12,fuese,30,26,31,fuese,Y el Espíritu me dijo que,"con ellos sin dudar. Y vinieron también conmigo estos seis hermanos,","Y el Espíritu me dijo que fuese con ellos sin dudar. Y vinieron también conmigo estos seis hermanos, y entramos en casa de un varón,",se fue,medium,Puede requerir ajustar la frase completa.,,,,
a172f53c86271fced7bc,NT,ACT,11,22,ACT 11:22,fuese,31,103,108,fuese,oídos de la iglesia que estaba en Jerusalem: y enviaron a Bernabé que,hasta Antioquía.,Y llegó la fama de estas cosas a oídos de la iglesia que estaba en Jerusalem: y enviaron a Bernabé que fuese hasta Antioquía.,se fue,medium,Puede requerir ajustar la frase completa.,,,,
f525dc85a758911d96c1,NT,ACT,16,3,ACT 16:3,fuese,32,21,26,fuese,Este quiso Pablo que,"con él; y tomándole, le circuncidó por causa de los Judíos que estaba","Este quiso Pablo que fuese con él; y tomándole, le circuncidó por causa de los Judíos que estaban en aquellos lugares; porque todos sabían que su padre era Griego.",se fue,medium,Puede requerir ajustar la frase completa.,,,,
80c4ee8e326c9bfc950b,NT,ACT,17,14,ACT 17:14,fuese,33,45,50,fuese,Pero luego los hermanos enviaron a Pablo que,como a la mar; y Silas y Timoteo se quedaron allí.,Pero luego los hermanos enviaron a Pablo que fuese como a la mar; y Silas y Timoteo se quedaron allí.,se fue,medium,Puede requerir ajustar la frase completa.,,,,
a06b3dc37466a943e3e9,NT,ACT,20,16,ACT 20:16,fuese,34,143,148,fuese,"en Asia: porque se apresuraba por hacer el día de Pentecostés, si le","posible, en Jerusalem.","Porque Pablo se había propuesto pasar adelante de Efeso; por no detenerse en Asia: porque se apresuraba por hacer el día de Pentecostés, si le fuese posible, en Jerusalem.",se fue,medium,Puede requerir ajustar la frase completa.,,,,
c0ed7e7db4af1f367f3d,NT,ACT,20,20,ACT 20:20,fuese,35,14,19,fuese,Cómo nada que,"útil he rehuído de anunciarles y enseñarles, públicamente y por las c","Cómo nada que fuese útil he rehuído de anunciarles y enseñarles, públicamente y por las casas,",se fue,medium,Puede requerir ajustar la frase completa.,,,,
d20e5a2329deef676059,NT,ACT,22,24,ACT 22:24,fuese,36,62,67,fuese,"Mandó el tribuno que le llevasen a la fortaleza, y ordenó que","examinado con azotes, para saber por qué causa clamaban así contra él","Mandó el tribuno que le llevasen a la fortaleza, y ordenó que fuese examinado con azotes, para saber por qué causa clamaban así contra él.",se fue,medium,Puede requerir ajustar la frase completa.,,,,
5586fa392807ee71697d,NT,ACT,23,10,ACT 23:10,fuese,37,69,74,fuese,"Y habiendo grande disensión, el tribuno, teniendo temor de que Pablo","despedazado de ellos, mandó venir soldados, y arrebatarle de en medio","Y habiendo grande disensión, el tribuno, teniendo temor de que Pablo fuese despedazado de ellos, mandó venir soldados, y arrebatarle de en medio de ellos, y llevarle a la fortaleza.",se fue,medium,Puede requerir ajustar la frase completa.,,,,
4a6f4f7ac776146d14bd,NT,ACT,24,23,ACT 24:23,fuese,38,31,36,fuese,Y mandó al centurión que Pablo,"guardado, y aliviado de las prisiones; y que no vedase a ninguno de s","Y mandó al centurión que Pablo fuese guardado, y aliviado de las prisiones; y que no vedase a ninguno de sus familiares servirle, o venir a él.",se fue,medium,Puede requerir ajustar la frase completa.,,,,
e31ed09cbbe15e1fa5b2,NT,ACT,25,6,ACT 25:6,fuese,39,133,138,fuese,"Cesarea, el siguiente día se sentó en el tribunal, y mandó que Pablo",traído.,"Y deteniéndose entre ellos no más de ocho o diez días, venido a Cesarea, el siguiente día se sentó en el tribunal, y mandó que Pablo fuese traído.",se fue,medium,Puede requerir ajustar la frase completa.,,,,
5cc0cf170d853034dcfe,NT,ACT,27,3,ACT 27:3,fuese,40,85,90,fuese,"amos a Sidón; y Julio, tratando a Pablo con humanidad, permitióle que","a los amigos, para ser de ellos asistido.","Y otro día llegamos a Sidón; y Julio, tratando a Pablo con humanidad, permitióle que fuese a los amigos, para ser de ellos asistido.",se fue,medium,Puede requerir ajustar la frase completa.,,,,
f5a04a58f586d2c2718c,NT,ROM,4,4,ROM 4:4,merced,5,49,55,merced,"Pero al que obra, no se le cuenta el salario por",", sino por deuda.","Pero al que obra, no se le cuenta el salario por merced, sino por deuda.",recompensa/favor,high,"Puede significar recompensa, favor o misericordia segun contexto.",,,,
faea0f202a2431708bbd,NT,ROM,4,7,ROM 4:7,bienaventurados,21,10,25,Bienaventurados,Diciendo:,"aquellos cuyas iniquidades son perdonadas, y cuyos pecados son cubier","Diciendo: Bienaventurados aquellos cuyas iniquidades son perdonadas, y cuyos pecados son cubiertos.",dichosos,high,Termino tradicional; revisar por pasaje.,,,,
c55710c20e43f78cc39c,NT,ROM,4,11,ROM 4:11,fuese,41,111,116,fuese,sello de la justicia de la fe que tuvo en la incircuncisión: para que,"padre de todos los creyentes no circuncidados, para que también a ell","Y recibió la circuncisión por señal, por sello de la justicia de la fe que tuvo en la incircuncisión: para que fuese padre de todos los creyentes no circuncidados, para que también a ellos les sea contado por justicia;",se fue,medium,Puede requerir ajustar la frase completa.,,,,
8eb7d6b99847fe38ef15,NT,ROM,8,4,ROM 8:4,fuese,42,31,36,fuese,Para que la justicia de la ley,"cumplida en nosotros, que no andamos conforme a la carne, sino que co","Para que la justicia de la ley fuese cumplida en nosotros, que no andamos conforme a la carne, sino que conforme al espíritu.",se fue,medium,Puede requerir ajustar la frase completa.,,,,
30fbb862457be0cc6d26,NT,ROM,11,19,ROM 11:19,fuese,43,52,57,fuese,"Pues las ramas, dirás, fueron quebradas para que yo",ingerido.,"Pues las ramas, dirás, fueron quebradas para que yo fuese ingerido.",se fue,medium,Puede requerir ajustar la frase completa.,,,,
a07468a24089852b38be,NT,ROM,15,20,ROM 15:20,fuese,44,75,80,fuese,"esta manera me esforcé a predicar el evangelio, no donde antes Cristo","nombrado, por no edificar sobre ajeno fundamento:","Y de esta manera me esforcé a predicar el evangelio, no donde antes Cristo fuese nombrado, por no edificar sobre ajeno fundamento:",se fue,medium,Puede requerir ajustar la frase completa.,,,,
df455c3aec76119f7728,NT,1CO,5,2,1CO 5:2,fuese,45,66,71,fuese,"Y ustedes están hinchados, y no más bien tuvieron duelo, para que",quitado de en medio de ustedes el que hizo tal obra.,"Y ustedes están hinchados, y no más bien tuvieron duelo, para que fuese quitado de en medio de ustedes el que hizo tal obra.",se fue,medium,Puede requerir ajustar la frase completa.,,,,
fcff770114f5edfad053,NT,1CO,9,18,1CO 9:18,merced,6,19,25,merced,"¿Cuál, pues, es mi","? Que predicando el evangelio, ponga el evangelio de Cristo de balde,","¿Cuál, pues, es mi merced? Que predicando el evangelio, ponga el evangelio de Cristo de balde, para no usar mal de mi potestad en el evangelio.",recompensa/favor,high,"Puede significar recompensa, favor o misericordia segun contexto.",,,,
74956bc19b88f87cad8c,NT,1CO,12,17,1CO 12:17,fuese,46,18,23,fuese,Si todo el cuerpo,"ojo, ¿dónde estaría el oído? Si todo fuese oído, ¿dónde estaría el ol","Si todo el cuerpo fuese ojo, ¿dónde estaría el oído? Si todo fuese oído, ¿dónde estaría el olfato?",se fue,medium,Puede requerir ajustar la frase completa.,,,,
6f60fccf999357271f03,NT,1CO,12,17,1CO 12:17,fuese,47,61,66,fuese,"Si todo el cuerpo fuese ojo, ¿dónde estaría el oído? Si todo","oído, ¿dónde estaría el olfato?","Si todo el cuerpo fuese ojo, ¿dónde estaría el oído? Si todo fuese oído, ¿dónde estaría el olfato?",se fue,medium,Puede requerir ajustar la frase completa.,,,,
7de603961c73a8a38666,NT,1CO,16,12,1CO 16:12,fuese,48,50,55,fuese,"Acerca del hermano Apolos, mucho le he rogado que",a ustedes con los hermanos; pero en ninguna manera tuvo voluntad de i,"Acerca del hermano Apolos, mucho le he rogado que fuese a ustedes con los hermanos; pero en ninguna manera tuvo voluntad de ir por ahora; pero irá cuando tenga oportunidad.",se fue,medium,Puede requerir ajustar la frase completa.,,,,
c773814ec6f515949ee3,NT,2CO,1,11,2CO 1:11,merced,7,70,76,merced,"Ayudándonos también ustedes con oración por nosotros, para que por la","hecha a nos por respeto de muchos, por muchos sean hechas gracias por","Ayudándonos también ustedes con oración por nosotros, para que por la merced hecha a nos por respeto de muchos, por muchos sean hechas gracias por nosotros.",recompensa/favor,high,"Puede significar recompensa, favor o misericordia segun contexto.",,,,
7e03db7cfa6b19df3dc6,NT,2CO,7,12,2CO 7:12,fuese,49,126,131,fuese,"zo la injuria, ni por causa del que la padeció, sino que para que les",manifiesta nuestra solicitud que tenemos por ustedes delante de Dios.,"Así que, aunque les escribí, no fue por causa del que hizo la injuria, ni por causa del que la padeció, sino que para que les fuese manifiesta nuestra solicitud que tenemos por ustedes delante de Dios.",se fue,medium,Puede requerir ajustar la frase completa.,,,,
e5c0b9edae782749c9d1,NT,GAL,2,21,GAL 2:21,fuese,50,51,56,fuese,No desecho la gracia de Dios: porque si por la ley,"la justicia, entonces por demás murió Cristo.","No desecho la gracia de Dios: porque si por la ley fuese la justicia, entonces por demás murió Cristo.",se fue,medium,Puede requerir ajustar la frase completa.,,,,
9ea07f03a1cfb3464b39,NT,GAL,3,14,GAL 3:14,fuese,51,33,38,fuese,Para que la bendición de Abraham,sobre los Gentiles en Cristo Jesús; para que por la fe recibamos la p,Para que la bendición de Abraham fuese sobre los Gentiles en Cristo Jesús; para que por la fe recibamos la promesa del Espíritu.,se fue,medium,Puede requerir ajustar la frase completa.,,,,
e9f325b614d90c8a53e7,NT,GAL,3,22,GAL 3:22,fuese,52,64,69,fuese,"Pero encerró la Escritura todo bajo pecado, para que la promesa",dada a los creyentes por la fe de Jesucristo.,"Pero encerró la Escritura todo bajo pecado, para que la promesa fuese dada a los creyentes por la fe de Jesucristo.",se fue,medium,Puede requerir ajustar la frase completa.,,,,
2d6a38a6e3a20f36862e,NT,EPH,5,27,EPH 5:27,fuese,53,110,115,fuese,"iglesia que no tuviese mancha ni arruga, ni cosa semejante; sino que",santa y sin mancha.,"Para presentársela gloriosa para sí, una iglesia que no tuviese mancha ni arruga, ni cosa semejante; sino que fuese santa y sin mancha.",se fue,medium,Puede requerir ajustar la frase completa.,,,,
9cb3c966397aef287642,NT,2TI,4,17,2TI 4:17,fuese,54,53,58,fuese,"Pero el Señor me ayudó, y me esforzó para que por mí","cumplida la predicación, y todos los Gentiles oyesen; y fuí librado d","Pero el Señor me ayudó, y me esforzó para que por mí fuese cumplida la predicación, y todos los Gentiles oyesen; y fuí librado de la boca del león.",se fue,medium,Puede requerir ajustar la frase completa.,,,,
844f23b510bab8bece6e,NT,PHM,1,14,PHM 1:14,fuese,55,61,66,fuese,"Pero nada quise hacer sin tu consejo, porque tu beneficio no","como de necesidad, sino voluntario.","Pero nada quise hacer sin tu consejo, porque tu beneficio no fuese como de necesidad, sino voluntario.",se fue,medium,Puede requerir ajustar la frase completa.,,,,
ce49744def518b5accf5,NT,HEB,7,11,HEB 7:11,fuese,56,200,205,fuese,"e se levantase otro sacerdote según el orden de Melchîsedec, y que no",llamado según el orden de Aarón?,"Si pues la perfección era por el sacerdocio Levítico (porque debajo de él recibió el pueblo la ley) ¿qué necesidad había aún de que se levantase otro sacerdote según el orden de Melchîsedec, y que no fuese llamado según el orden de Aarón?",se fue,medium,Puede requerir ajustar la frase completa.,,,,
ae3d9ff55768db16f93c,NT,HEB,11,5,HEB 11:5,fuese,57,105,110,fuese,"no ver muerte, y no fue hallado, porque lo traspuso Dios. Y antes que","traspuesto, tuvo testimonio de haber agradado a Dios.","Por la fe Enoc fue traspuesto para no ver muerte, y no fue hallado, porque lo traspuso Dios. Y antes que fuese traspuesto, tuvo testimonio de haber agradado a Dios.",se fue,medium,Puede requerir ajustar la frase completa.,,,,
902c3e16f6d38cc9cbfb,NT,JAS,5,11,JAS 5:11,bienaventurados,22,21,36,bienaventurados,"He aquí, tenemos por","a los que sufren. Han oído la paciencia de Job, y han visto el fin de","He aquí, tenemos por bienaventurados a los que sufren. Han oído la paciencia de Job, y han visto el fin del Señor, que el Señor es muy misericordioso y piadoso.",dichosos,high,Termino tradicional; revisar por pasaje.,,,,
a18a53982cee49647d58,NT,1PE,3,14,1PE 3:14,bienaventurados,23,56,71,bienaventurados,"Pero también si alguna cosa padecen por hacer bien, son",". Por tanto, no teman por el temor de ellos, ni sean turbados;","Pero también si alguna cosa padecen por hacer bien, son bienaventurados. Por tanto, no teman por el temor de ellos, ni sean turbados;",dichosos,high,Termino tradicional; revisar por pasaje.,,,,
b07523a248308b61b583,NT,1PE,4,14,1PE 4:14,bienaventurados,24,47,62,bienaventurados,"Si son vituperados en el nombre de Cristo, son",; porque la gloria y el Espíritu de Dios reposan sobre ustedes. Cierto,"Si son vituperados en el nombre de Cristo, son bienaventurados; porque la gloria y el Espíritu de Dios reposan sobre ustedes. Cierto, según ellos, él es blasfemado, pero según ustedes es glorificado.",dichosos,high,Termino tradicional; revisar por pasaje.,,,,
3a096fe8d8ab70f443d2,NT,REV,12,15,REV 12:15,fuese,58,82,87,fuese,"te echó de su boca tras la mujer agua como un río, a fin de hacer que",arrebatada del río.,"Y la serpiente echó de su boca tras la mujer agua como un río, a fin de hacer que fuese arrebatada del río.",se fue,medium,Puede requerir ajustar la frase completa.,,,,
c97ab39c617b43c78a4b,NT,REV,14,13,REV 14:13,bienaventurados,25,46,61,Bienaventurados,Y oí una voz del cielo que me decía: Escribe:,"los muertos que de aquí adelante mueren en el Señor. Sí, dice el Espí","Y oí una voz del cielo que me decía: Escribe: Bienaventurados los muertos que de aquí adelante mueren en el Señor. Sí, dice el Espíritu, que descansarán de sus trabajos; porque sus obras con ellos siguen.",dichosos,high,Termino tradicional; revisar por pasaje.,,,,
91dc6238eaf84bdc50de,NT,REV,16,12,REV 16:12,fuese,59,95,100,fuese,"su copa sobre el gran río Eufrates; y el agua de él se secó, para que",preparado el camino de los reyes del Oriente.,"Y el sexto ángel derramó su copa sobre el gran río Eufrates; y el agua de él se secó, para que fuese preparado el camino de los reyes del Oriente.",se fue,medium,Puede requerir ajustar la frase completa.,,,,
884ae4bc18f40e373b98,NT,REV,19,9,REV 19:9,bienaventurados,26,23,38,Bienaventurados,Y él me dice: Escribe:,los que son llamados a la cena del Cordero. Y me dijo: Estas palabras,Y él me dice: Escribe: Bienaventurados los que son llamados a la cena del Cordero. Y me dijo: Estas palabras de Dios son verdaderas.,dichosos,high,Termino tradicional; revisar por pasaje.,,,,
8995c6bae554091a6128,NT,REV,22,14,REV 22:14,bienaventurados,27,0,15,Bienaventurados,,"los que guardan sus mandamientos, para que su poder sea en el árbol d","Bienaventurados los que guardan sus mandamientos, para que su poder sea en el árbol de la vida, y que entren por las puertas en la ciudad.",dichosos,high,Termino tradicional; revisar por pasaje.,,,,
