row_id,testament,book,chapter,verse,reference,term_id,occurrence_index,start,end,matched,before,after,verse_text,suggestion,risk,term_note,reviewer,decision,replacement,notes
4a853c4863c39b1fb612,OT,GEN,1,11,GEN 1:11,simiente,1,60,68,simiente,"Y dijo Dios: Produzca la tierra hierba verde, hierba que dé","; árbol de fruto que dé fruto según su género, que su simiente esté en","Y dijo Dios: Produzca la tierra hierba verde, hierba que dé simiente; árbol de fruto que dé fruto según su género, que su simiente esté en él, sobre la tierra: y fue así.",descendencia,high,Termino teologico; revisar promesas y genealogias.,,,,
cda6d90acdf32b7c9764,OT,GEN,1,11,GEN 1:11,simiente,2,122,130,simiente,"que dé simiente; árbol de fruto que dé fruto según su género, que su","esté en él, sobre la tierra: y fue así.","Y dijo Dios: Produzca la tierra hierba verde, hierba que dé simiente; árbol de fruto que dé fruto según su género, que su simiente esté en él, sobre la tierra: y fue así.",descendencia,high,Termino teologico; revisar promesas y genealogias.,,,,
77d43a7e960d0c836093,OT,GEN,1,12,GEN 1:12,simiente,3,48,56,simiente,"Y produjo la tierra hierba verde, hierba que da","según su naturaleza, y árbol que da fruto, cuya simiente está en él,","Y produjo la tierra hierba verde, hierba que da simiente según su naturaleza, y árbol que da fruto, cuya simiente está en él, según su género: y vio Dios que era bueno.",descendencia,high,Termino teologico; revisar promesas y genealogias.,,,,
d885f7b24162564490e1,OT,GEN,1,12,GEN 1:12,simiente,4,105,113,simiente,"ierba que da simiente según su naturaleza, y árbol que da fruto, cuya","está en él, según su género: y vio Dios que era bueno.","Y produjo la tierra hierba verde, hierba que da simiente según su naturaleza, y árbol que da fruto, cuya simiente está en él, según su género: y vio Dios que era bueno.",descendencia,high,Termino teologico; revisar promesas y genealogias.,,,,
21266d77ad0db5966cc7,OT,GEN,1,29,GEN 1:29,simiente,5,56,64,simiente,Y dijo Dios: He aquí que les he dado toda hierba que da,", que está sobre la haz de toda la tierra; y todo árbol en que hay fru","Y dijo Dios: He aquí que les he dado toda hierba que da simiente, que está sobre la haz de toda la tierra; y todo árbol en que hay fruto de árbol que da simiente, serles ha para comer.",descendencia,high,Termino teologico; revisar promesas y genealogias.,,,,
df4197e6e468c35a2a6f,OT,GEN,1,29,GEN 1:29,simiente,6,153,161,simiente,haz de toda la tierra; y todo árbol en que hay fruto de árbol que da,", serles ha para comer.","Y dijo Dios: He aquí que les he dado toda hierba que da simiente, que está sobre la haz de toda la tierra; y todo árbol en que hay fruto de árbol que da simiente, serles ha para comer.",descendencia,high,Termino teologico; revisar promesas y genealogias.,,,,
5b39fbeb031940666156,OT,GEN,2,5,GEN 2:5,fuese,1,34,39,fuese,Y toda planta del campo antes que,"en la tierra, y toda hierba del campo antes que naciese: porque aun n","Y toda planta del campo antes que fuese en la tierra, y toda hierba del campo antes que naciese: porque aun no había Jehová Dios hecho llover sobre la tierra, ni había hombre para que labrase la tierra;",se fue,medium,Puede requerir ajustar la frase completa.,,,,
1cd3a728879d94a44ac3,OT,GEN,3,11,GEN 3:11,dijole,1,2,8,díjole,Y,: ¿Quién te enseñó que estabas desnudo? ¿Has comido del árbol de que y,Y díjole: ¿Quién te enseñó que estabas desnudo? ¿Has comido del árbol de que yo te mandé no comieses?,le dijo,low,Forma enclitica arcaica.,Codex-assisted,replace,le dijo,Modernización de forma enclítica arcaica.
beafba434f335f36a685,OT,GEN,3,15,GEN 3:15,simiente,7,51,59,simiente,"Y enemistad pondré entre ti y la mujer, y entre tu","y la simiente suya; ésta te herirá en la cabeza, y tú le herirás en e","Y enemistad pondré entre ti y la mujer, y entre tu simiente y la simiente suya; ésta te herirá en la cabeza, y tú le herirás en el calcañar.",descendencia,high,Termino teologico; revisar promesas y genealogias.,,,,
7fb6e5f58cee26e63602,OT,GEN,3,15,GEN 3:15,simiente,8,65,73,simiente,"Y enemistad pondré entre ti y la mujer, y entre tu simiente y la","suya; ésta te herirá en la cabeza, y tú le herirás en el calcañar.","Y enemistad pondré entre ti y la mujer, y entre tu simiente y la simiente suya; ésta te herirá en la cabeza, y tú le herirás en el calcañar.",descendencia,high,Termino teologico; revisar promesas y genealogias.,,,,
d0b2bd0c861be5427943,OT,GEN,4,15,GEN 4:15,respondiole,1,2,13,respondióle,Y,"Jehová: Cierto que cualquiera que mate a Caín, siete veces será casti","Y respondióle Jehová: Cierto que cualquiera que mate a Caín, siete veces será castigado. Entonces Jehová puso señal en Caín, para que no lo hiriese cualquiera que le hallara.",le respondio,low,Forma enclitica arcaica.,Codex-assisted,replace,le respondió,Modernización de forma enclítica arcaica.
ba26004a0a23ced8258d,OT,GEN,4,25,GEN 4:25,simiente,9,129,137,simiente,y llamó su nombre Seth: Porque Dios (dijo ella) me ha sustituído otra,"en lugar de Abel, a quien mató Caín.","Y conoció de nuevo Adam a su mujer, la cual parió un hijo, y llamó su nombre Seth: Porque Dios (dijo ella) me ha sustituído otra simiente en lugar de Abel, a quien mató Caín.",descendencia,high,Termino teologico; revisar promesas y genealogias.,,,,
93975c32d916391acf16,OT,GEN,8,20,GEN 8:20,holocausto,1,94,104,holocausto,"Jehová, y tomó de todo animal limpio y de toda ave limpia, y ofreció",en el altar.,"Y edificó Noé un altar a Jehová, y tomó de todo animal limpio y de toda ave limpia, y ofreció holocausto en el altar.",holocausto,high,Termino tecnico sacrificial; puede conservarse.,,,,
f6e37f8aa602d6b90d86,OT,GEN,9,9,GEN 9:9,simiente,10,61,69,simiente,"Yo, he aquí que yo establezco mi pacto con ustedes, y con su",después de ustedes;,"Yo, he aquí que yo establezco mi pacto con ustedes, y con su simiente después de ustedes;",descendencia,high,Termino teologico; revisar promesas y genealogias.,,,,
4fbf08d48ca2c7a18685,OT,GEN,12,4,GEN 12:4,fuese,2,2,7,fuése,Y,"Abram, como Jehová le dijo; y fue con él Lot: y era Abram de edad de","Y fuése Abram, como Jehová le dijo; y fue con él Lot: y era Abram de edad de setenta y cinco años cuando salió de Harán.",se fue,medium,Puede requerir ajustar la frase completa.,,,,
2af0a3ed46d12b92ef5a,OT,GEN,12,7,GEN 12:7,simiente,11,43,51,simiente,"Y apareció Jehová a Abram, y le dijo: A tu","daré esta tierra. Y edificó allí un altar a Jehová, que le había apar","Y apareció Jehová a Abram, y le dijo: A tu simiente daré esta tierra. Y edificó allí un altar a Jehová, que le había aparecido.",descendencia,high,Termino teologico; revisar promesas y genealogias.,,,,
fce881b4da1dc86a8757,OT,GEN,13,11,GEN 13:11,partiose,1,59,67,partióse,Entonces Lot escogió para sí toda la llanura del Jordán: y,"Lot de Oriente, y apartáronse el uno del otro.","Entonces Lot escogió para sí toda la llanura del Jordán: y partióse Lot de Oriente, y apartáronse el uno del otro.",se fue,medium,Puede significar partir/salir; revisar contexto.,,,,
143003bdf2b4a7141573,OT,GEN,13,15,GEN 13:15,simiente,12,51,59,simiente,"Porque toda la tierra que ves, la daré a ti y a tu",para siempre.,"Porque toda la tierra que ves, la daré a ti y a tu simiente para siempre.",descendencia,high,Termino teologico; revisar promesas y genealogias.,,,,
390c46aa49179fe7aef9,OT,GEN,13,16,GEN 13:16,simiente,13,10,18,simiente,Y haré tu,como el polvo de la tierra: que si alguno podrá contar el polvo de la,"Y haré tu simiente como el polvo de la tierra: que si alguno podrá contar el polvo de la tierra, también tu simiente será contada.",descendencia,high,Termino teologico; revisar promesas y genealogias.,,,,
f31d4f0b70c7657857f1,OT,GEN,13,16,GEN 13:16,simiente,14,108,116,simiente,"tierra: que si alguno podrá contar el polvo de la tierra, también tu",será contada.,"Y haré tu simiente como el polvo de la tierra: que si alguno podrá contar el polvo de la tierra, también tu simiente será contada.",descendencia,high,Termino teologico; revisar promesas y genealogias.,,,,
80ba79b0f397973537e5,OT,GEN,15,5,GEN 15:5,simiente,15,118,126,simiente,"y cuenta las estrellas, si las puedes contar. Y le dijo: Así será tu",.,"Y sacóle fuera, y dijo: Mira ahora a los cielos, y cuenta las estrellas, si las puedes contar. Y le dijo: Así será tu simiente.",descendencia,high,Termino teologico; revisar promesas y genealogias.,,,,
a0f3d5bb7b8f382bfad6,OT,GEN,15,7,GEN 15:7,dijole,2,2,8,díjole,Y,": Yo soy Jehová, que te saqué de Ur de los Caldeos, para darte a hered","Y díjole: Yo soy Jehová, que te saqué de Ur de los Caldeos, para darte a heredar esta tierra.",le dijo,low,Forma enclitica arcaica.,Codex-assisted,replace,le dijo,Modernización de forma enclítica arcaica.
6271dda3c04e8140a81c,OT,GEN,15,13,GEN 15:13,simiente,16,45,53,simiente,Entonces dijo a Abram: Ten por cierto que tu,"será peregrina en tierra no suya, y servirá a los de allí, y serán po","Entonces dijo a Abram: Ten por cierto que tu simiente será peregrina en tierra no suya, y servirá a los de allí, y serán por ellos afligidos cuatrocientos años.",descendencia,high,Termino teologico; revisar promesas y genealogias.,,,,
632cb6455cf3ac66b340,OT,GEN,15,18,GEN 15:18,simiente,17,59,67,simiente,En aquel día hizo Jehová un pacto con Abram diciendo: A tu,"daré esta tierra desde el río de Egipto hasta el río grande, el río E","En aquel día hizo Jehová un pacto con Abram diciendo: A tu simiente daré esta tierra desde el río de Egipto hasta el río grande, el río Eufrates;",descendencia,high,Termino teologico; revisar promesas y genealogias.,,,,
138ca6f7b3af8a44054e,OT,GEN,16,9,GEN 16:9,dijole,3,2,8,díjole,Y,"el ángel de Jehová: Vuélvete a tu señora, y ponte sumisa bajo de su m","Y díjole el ángel de Jehová: Vuélvete a tu señora, y ponte sumisa bajo de su mano.",le dijo,low,Forma enclitica arcaica.,Codex-assisted,replace,le dijo,Modernización de forma enclítica arcaica.
b4392a40d945f1622e67,OT,GEN,16,10,GEN 16:10,dijole,4,0,6,Díjole,,"también el ángel de Jehová: Multiplicaré tanto tu linaje, que no será","Díjole también el ángel de Jehová: Multiplicaré tanto tu linaje, que no será contado a causa de la muchedumbre.",le dijo,low,Forma enclitica arcaica.,Codex-assisted,replace,Le dijo,Modernización de forma enclítica arcaica.
eb894845e9c1b3016ee9,OT,GEN,16,11,GEN 16:11,dijole,5,0,6,Díjole,,"aún el ángel de Jehová: He aquí que has concebido, y parirás un hijo,","Díjole aún el ángel de Jehová: He aquí que has concebido, y parirás un hijo, y llamarás su nombre Ismael, porque oído ha Jehová tu aflicción.",le dijo,low,Forma enclitica arcaica.,Codex-assisted,replace,Le dijo,Modernización de forma enclítica arcaica.
abdc9651b4574f5addce,OT,GEN,17,7,GEN 17:7,simiente,18,43,51,simiente,"Y estableceré mi pacto entre mí y ti, y tu","después de ti en sus generaciones, por alianza perpetua, para serte a","Y estableceré mi pacto entre mí y ti, y tu simiente después de ti en sus generaciones, por alianza perpetua, para serte a ti por Dios, y a tu simiente después de ti.",descendencia,high,Termino teologico; revisar promesas y genealogias.,,,,
7d4c72fb50c8754c7e7b,OT,GEN,17,7,GEN 17:7,simiente,19,142,150,simiente,"generaciones, por alianza perpetua, para serte a ti por Dios, y a tu",después de ti.,"Y estableceré mi pacto entre mí y ti, y tu simiente después de ti en sus generaciones, por alianza perpetua, para serte a ti por Dios, y a tu simiente después de ti.",descendencia,high,Termino teologico; revisar promesas y genealogias.,,,,
73a7bed4122d707a87ce,OT,GEN,17,8,GEN 17:8,simiente,20,23,31,simiente,"Y te daré a ti, y a tu","después de ti, la tierra de tus peregrinaciones, toda la tierra de Ca","Y te daré a ti, y a tu simiente después de ti, la tierra de tus peregrinaciones, toda la tierra de Canaán en heredad perpetua; y seré el Dios de ellos.",descendencia,high,Termino teologico; revisar promesas y genealogias.,,,,
db5e6ab2679c5dba75c2,OT,GEN,17,9,GEN 17:9,simiente,21,66,74,simiente,"Dijo de nuevo Dios a Abraham: Tú pero guardarás mi pacto, tú y tu",después de ti por sus generaciones.,"Dijo de nuevo Dios a Abraham: Tú pero guardarás mi pacto, tú y tu simiente después de ti por sus generaciones.",descendencia,high,Termino teologico; revisar promesas y genealogias.,,,,
a5f1bf0084dca869776e,OT,GEN,17,10,GEN 17:10,simiente,22,58,66,simiente,"Este será mi pacto, que guardarán entre mí y ustedes y tu",después de ti: Será circuncidado todo varón de entre ustedes.,"Este será mi pacto, que guardarán entre mí y ustedes y tu simiente después de ti: Será circuncidado todo varón de entre ustedes.",descendencia,high,Termino teologico; revisar promesas y genealogias.,,,,
594faeea77610179f0b9,OT,GEN,17,12,GEN 17:12,simiente,23,172,180,simiente,"asa, y el comprado a dinero de cualquier extranjero, que no sea de tu",.,"Y de edad de ocho días será circuncidado todo varón entre ustedes por sus generaciones: el nacido en casa, y el comprado a dinero de cualquier extranjero, que no sea de tu simiente.",descendencia,high,Termino teologico; revisar promesas y genealogias.,,,,
dcc3ba0326b6485d0e9c,OT,GEN,17,19,GEN 17:19,simiente,24,149,157,simiente,mbre Isaac; y confirmaré mi pacto con él por alianza perpetua para su,después de él.,"Y respondió Dios: Ciertamente Sara tu mujer te parirá un hijo, y llamarás su nombre Isaac; y confirmaré mi pacto con él por alianza perpetua para su simiente después de él.",descendencia,high,Termino teologico; revisar promesas y genealogias.,,,,
1307a87efb3a31116f12,OT,GEN,18,33,GEN 18:33,fuese,3,2,7,fuése,Y,"Jehová, luego que acabó de hablar a Abraham: y Abraham se volvió a su","Y fuése Jehová, luego que acabó de hablar a Abraham: y Abraham se volvió a su lugar.",se fue,medium,Puede requerir ajustar la frase completa.,,,,
479da937b25895b75a66,OT,GEN,20,6,GEN 20:6,dijole,6,2,8,díjole,Y,Dios en sueños: Yo también sé que con integridad de tu corazón has he,"Y díjole Dios en sueños: Yo también sé que con integridad de tu corazón has hecho esto; y yo también te detuve de pecar contra mí, y así no te permití que la tocases.",le dijo,low,Forma enclitica arcaica.,Codex-assisted,replace,le dijo,Modernización de forma enclítica arcaica.
7992446870370d770d76,OT,GEN,21,13,GEN 21:13,simiente,25,61,69,simiente,"Y también al hijo de la sierva pondré en gente, porque es tu",.,"Y también al hijo de la sierva pondré en gente, porque es tu simiente.",descendencia,high,Termino teologico; revisar promesas y genealogias.,,,,
7b0942f78860d20b035f,OT,GEN,21,16,GEN 21:16,fuese,4,2,7,fuése,Y,"y sentóse enfrente, alejándose como un tiro de arco; porque decía: No","Y fuése y sentóse enfrente, alejándose como un tiro de arco; porque decía: No veré cuando el muchacho morirá: y sentóse enfrente, y alzó su voz y lloró.",se fue,medium,Puede requerir ajustar la frase completa.,,,,
bd01f9f80ab48ea8557f,OT,GEN,22,2,GEN 22:2,holocausto,2,105,115,holocausto,"o, Isaac, a quien amas, y vete a tierra de Moriah, y ofrécelo allí en",sobre uno de los montes que yo te diré.,"Y dijo: Toma ahora tu hijo, tu único, Isaac, a quien amas, y vete a tierra de Moriah, y ofrécelo allí en holocausto sobre uno de los montes que yo te diré.",holocausto,high,Termino tecnico sacrificial; puede conservarse.,,,,
d65f4776dc0fe72136b9,OT,GEN,22,3,GEN 22:3,holocausto,3,129,139,holocausto,"tomó consigo dos mozos suyos, y a Isaac su hijo: y cortó leña para el",", y levantóse, y fue al lugar que Dios le dijo.","Y Abraham se levantó muy de mañana, y enalbardó su asno, y tomó consigo dos mozos suyos, y a Isaac su hijo: y cortó leña para el holocausto, y levantóse, y fue al lugar que Dios le dijo.",holocausto,high,Termino tecnico sacrificial; puede conservarse.,,,,
26f5f6181bfea7b7d07e,OT,GEN,22,6,GEN 22:6,holocausto,4,27,37,holocausto,Y tomó Abraham la leña del,", y púsola sobre Isaac su hijo: y él tomó en su mano el fuego y el cuc","Y tomó Abraham la leña del holocausto, y púsola sobre Isaac su hijo: y él tomó en su mano el fuego y el cuchillo; y fueron ambos juntos.",holocausto,high,Termino tecnico sacrificial; puede conservarse.,,,,
645db6e2148c13a5fd11,OT,GEN,22,7,GEN 22:7,holocausto,5,171,181,holocausto,dijo: He aquí el fuego y la leña; pero ¿dónde está el cordero para el,?,"Entonces habló Isaac a Abraham su padre, y dijo: Padre mío. Y él respondió: Heme aquí, mi hijo. Y él dijo: He aquí el fuego y la leña; pero ¿dónde está el cordero para el holocausto?",holocausto,high,Termino tecnico sacrificial; puede conservarse.,,,,
7dc1f6682c7220477db8,OT,GEN,22,8,GEN 22:8,holocausto,6,57,67,holocausto,Y respondió Abraham: Dios se proveerá de cordero para el,", hijo mío. E iban juntos.","Y respondió Abraham: Dios se proveerá de cordero para el holocausto, hijo mío. E iban juntos.",holocausto,high,Termino tecnico sacrificial; puede conservarse.,,,,
29f5fbcc3af9287e8d19,OT,GEN,22,13,GEN 22:13,holocausto,7,163,173,holocausto,"zal por sus cuernos: y fue Abraham, y tomó el carnero, y ofrecióle en",en lugar de su hijo.,"Entonces alzó Abraham sus ojos, y miró, y he aquí un carnero a sus espaldas trabado en un zarzal por sus cuernos: y fue Abraham, y tomó el carnero, y ofrecióle en holocausto en lugar de su hijo.",holocausto,high,Termino tecnico sacrificial; puede conservarse.,,,,
abada70ef62ead786e96,OT,GEN,22,17,GEN 22:17,simiente,26,58,66,simiente,"Bendiciendo te bendeciré, y multiplicando multiplicaré tu","como las estrellas del cielo, y como la arena que está a la orilla de","Bendiciendo te bendeciré, y multiplicando multiplicaré tu simiente como las estrellas del cielo, y como la arena que está a la orilla del mar; y tu simiente poseerá las puertas de sus enemigos:",descendencia,high,Termino teologico; revisar promesas y genealogias.,,,,
a16232bf4575210fca9b,OT,GEN,22,17,GEN 22:17,simiente,27,148,156,simiente,"trellas del cielo, y como la arena que está a la orilla del mar; y tu",poseerá las puertas de sus enemigos:,"Bendiciendo te bendeciré, y multiplicando multiplicaré tu simiente como las estrellas del cielo, y como la arena que está a la orilla del mar; y tu simiente poseerá las puertas de sus enemigos:",descendencia,high,Termino teologico; revisar promesas y genealogias.,,,,
e6275743634403ec5405,OT,GEN,22,18,GEN 22:18,simiente,28,6,14,simiente,En tu,"serán benditas todas las gentes de la tierra, por cuanto obedeciste a","En tu simiente serán benditas todas las gentes de la tierra, por cuanto obedeciste a mi voz.",descendencia,high,Termino teologico; revisar promesas y genealogias.,,,,
27d9e4b1f8c0ff542ea6,OT,GEN,24,7,GEN 24:7,simiente,29,132,140,simiente,"y de la tierra de mi parentela, y me habló y me juró, diciendo: A tu","daré esta tierra; él enviará su ángel delante de ti, y tú tomarás de","Jehová, Dios de los cielos, que me tomó de la casa de mi padre y de la tierra de mi parentela, y me habló y me juró, diciendo: A tu simiente daré esta tierra; él enviará su ángel delante de ti, y tú tomarás de allá mujer para mi hijo.",descendencia,high,Termino teologico; revisar promesas y genealogias.,,,,
767b2d1c04da4be573a3,OT,GEN,24,10,GEN 24:10,fuese,5,62,67,fuése,"Y el criado tomó diez camellos de los camellos de su señor, y",", pues tenía a su disposición todos los bienes de su señor: y puesto e","Y el criado tomó diez camellos de los camellos de su señor, y fuése, pues tenía a su disposición todos los bienes de su señor: y puesto en camino, llegó a Mesopotamia, a la ciudad de Nachôr.",se fue,medium,Puede requerir ajustar la frase completa.,,,,
bd28ccdf209b9e01c381,OT,GEN,24,31,GEN 24:31,dijole,7,2,8,díjole,Y,": Ven, bendito de Jehová; ¿por qué estás fuera? yo he limpiado la casa","Y díjole: Ven, bendito de Jehová; ¿por qué estás fuera? yo he limpiado la casa, y el lugar para los camellos.",le dijo,low,Forma enclitica arcaica.,Codex-assisted,replace,le dijo,Modernización de forma enclítica arcaica.
93187832b518df6133a1,OT,GEN,24,61,GEN 24:61,fuese,6,122,127,fuése,"bre los camellos, y siguieron al hombre; y el criado tomó a Rebeca, y",.,"Levantóse entonces Rebeca y sus mozas, y subieron sobre los camellos, y siguieron al hombre; y el criado tomó a Rebeca, y fuése.",se fue,medium,Puede requerir ajustar la frase completa.,,,,
6c9e6da8c4e9de7a1e43,OT,GEN,25,23,GEN 25:23,respondiole,2,2,13,respondióle,Y,"Jehová: Dos gentes hay en tu seno, y dos pueblos serán divididos desd","Y respondióle Jehová: Dos gentes hay en tu seno, y dos pueblos serán divididos desde tus entrañas: y el un pueblo será más fuerte que el otro pueblo, y el mayor servirá al menor.",le respondio,low,Forma enclitica arcaica.,Codex-assisted,replace,le respondió,Modernización de forma enclítica arcaica.
a858755fba5eb29c62c2,OT,GEN,25,34,GEN 25:34,fuese,7,96,101,fuése,"pan y del guisado de las lentejas; y él comió y bebió, y levantóse, y",. Así menospreció Esaú la primogenitura.,"Entonces Jacob dio a Esaú pan y del guisado de las lentejas; y él comió y bebió, y levantóse, y fuése. Así menospreció Esaú la primogenitura.",se fue,medium,Puede requerir ajustar la frase completa.,,,,
3c099eef3d565f494699,OT,GEN,26,1,GEN 26:1,fuese,8,90,95,fuése,"tierra, además de la primera hambre que fue en los días de Abraham: y","Isaac a Abimelech rey de los Filisteos, en Gerar.","Y hubo hambre en la tierra, además de la primera hambre que fue en los días de Abraham: y fuése Isaac a Abimelech rey de los Filisteos, en Gerar.",se fue,medium,Puede requerir ajustar la frase completa.,,,,
0227d55625470f9758f0,OT,GEN,26,2,GEN 26:2,dijole,8,25,31,díjole,"Y apareciósele Jehová, y",: No desciendas a Egipto: habita en la tierra que yo te diré;,"Y apareciósele Jehová, y díjole: No desciendas a Egipto: habita en la tierra que yo te diré;",le dijo,low,Forma enclitica arcaica.,Codex-assisted,replace,le dijo,Modernización de forma enclítica arcaica.
0f71b6d25cf933600b5b,OT,GEN,26,3,GEN 26:3,simiente,30,74,82,simiente,"ta en esta tierra, y seré contigo, y te bendeciré; porque a ti y a tu","daré todas estas tierras, y confirmaré el juramento que juré a Abraha","Habita en esta tierra, y seré contigo, y te bendeciré; porque a ti y a tu simiente daré todas estas tierras, y confirmaré el juramento que juré a Abraham tu padre:",descendencia,high,Termino teologico; revisar promesas y genealogias.,,,,
9ff53b1775219511a2f8,OT,GEN,26,4,GEN 26:4,simiente,31,18,26,simiente,Y multiplicaré tu,"como las estrellas del cielo, y daré a tu simiente todas estas tierra","Y multiplicaré tu simiente como las estrellas del cielo, y daré a tu simiente todas estas tierras; y todas las gentes de la tierra serán benditas en tu simiente:",descendencia,high,Termino teologico; revisar promesas y genealogias.,,,,
23c033586b3f01297e43,OT,GEN,26,4,GEN 26:4,simiente,32,69,77,simiente,"Y multiplicaré tu simiente como las estrellas del cielo, y daré a tu",todas estas tierras; y todas las gentes de la tierra serán benditas e,"Y multiplicaré tu simiente como las estrellas del cielo, y daré a tu simiente todas estas tierras; y todas las gentes de la tierra serán benditas en tu simiente:",descendencia,high,Termino teologico; revisar promesas y genealogias.,,,,
1e2307b2ff86553d832c,OT,GEN,26,4,GEN 26:4,simiente,33,152,160,simiente,s estas tierras; y todas las gentes de la tierra serán benditas en tu,:,"Y multiplicaré tu simiente como las estrellas del cielo, y daré a tu simiente todas estas tierras; y todas las gentes de la tierra serán benditas en tu simiente:",descendencia,high,Termino teologico; revisar promesas y genealogias.,,,,
f3599dca433fcf5441eb,OT,GEN,26,5,GEN 26:5,estatuto,1,75,84,estatutos,"uanto oyó Abraham mi voz, y guardó mi precepto, mis mandamientos, mis",y mis leyes.,"Por cuanto oyó Abraham mi voz, y guardó mi precepto, mis mandamientos, mis estatutos y mis leyes.",estatuto,medium,Puede conservarse como termino legal.,,,,
f8058c94d5b73b8bd6c2,OT,GEN,26,24,GEN 26:24,simiente,34,148,156,simiente,"e; no temas, que yo soy contigo, y yo te bendeciré, y multiplicaré tu",por amor de Abraham mi siervo.,"Y apareciósele Jehová aquella noche, y dijo: Yo soy el Dios de Abraham tu padre; no temas, que yo soy contigo, y yo te bendeciré, y multiplicaré tu simiente por amor de Abraham mi siervo.",descendencia,high,Termino teologico; revisar promesas y genealogias.,,,,
7dfcaeb79b89fdbb3be5,OT,GEN,27,1,GEN 27:1,dijole,9,124,130,díjole,"os se ofuscaron quedando sin vista, llamó a Esaú, su hijo el mayor, y",: Mi hijo. Y él respondió: Heme aquí.,"Y aconteció que cuando hubo Isaac envejecido, y sus ojos se ofuscaron quedando sin vista, llamó a Esaú, su hijo el mayor, y díjole: Mi hijo. Y él respondió: Heme aquí.",le dijo,low,Forma enclitica arcaica.,Codex-assisted,replace,le dijo,Modernización de forma enclítica arcaica.
98db3f528a703e563c44,OT,GEN,27,5,GEN 27:5,fuese,9,63,68,fuése,"Y Rebeca estaba oyendo, cuando hablaba Isaac a Esaú su hijo: y",Esaú al campo para coger la caza que había de traer.,"Y Rebeca estaba oyendo, cuando hablaba Isaac a Esaú su hijo: y fuése Esaú al campo para coger la caza que había de traer.",se fue,medium,Puede requerir ajustar la frase completa.,,,,
bdb98d7b51e07186ca0b,OT,GEN,27,26,GEN 27:26,dijole,10,2,8,díjole,Y,"Isaac su padre: Acércate ahora, y bésame, hijo mío.","Y díjole Isaac su padre: Acércate ahora, y bésame, hijo mío.",le dijo,low,Forma enclitica arcaica.,Codex-assisted,replace,le dijo,Modernización de forma enclítica arcaica.
43ba7099d426ea2e309a,OT,GEN,27,31,GEN 27:31,dijole,11,50,56,díjole,"E hizo él también guisados, y trajo a su padre, y",": Levántese mi padre, y coma de la caza de su hijo, para que me bendig","E hizo él también guisados, y trajo a su padre, y díjole: Levántese mi padre, y coma de la caza de su hijo, para que me bendiga tu alma.",le dijo,low,Forma enclitica arcaica.,Codex-assisted,replace,le dijo,Modernización de forma enclítica arcaica.
0cf814ee01bdbc1727cf,OT,GEN,27,39,GEN 27:39,dijole,12,32,38,díjole,Entonces Isaac su padre habló y,": He aquí será tu habitación en grosuras de la tierra, y del rocío de","Entonces Isaac su padre habló y díjole: He aquí será tu habitación en grosuras de la tierra, y del rocío de los cielos de arriba;",le dijo,low,Forma enclitica arcaica.,Codex-assisted,replace,le dijo,Modernización de forma enclítica arcaica.
abcf160b053a1e854a00,OT,GEN,27,42,GEN 27:42,dijole,13,107,113,díjole,"de Esaú su hijo mayor: y ella envió y llamó a Jacob su hijo menor, y",": He aquí, Esaú tu hermano se consuela acerca de ti con la idea de mat","Y fueron dichas a Rebeca las palabras de Esaú su hijo mayor: y ella envió y llamó a Jacob su hijo menor, y díjole: He aquí, Esaú tu hermano se consuela acerca de ti con la idea de matarte.",le dijo,low,Forma enclitica arcaica.,Codex-assisted,replace,le dijo,Modernización de forma enclítica arcaica.
618f33d922eb4c74a4ed,OT,GEN,28,4,GEN 28:4,simiente,35,40,48,simiente,"Y te dé la bendición de Abraham, y a tu","contigo, para que heredes la tierra de tus peregrinaciones, que Dios","Y te dé la bendición de Abraham, y a tu simiente contigo, para que heredes la tierra de tus peregrinaciones, que Dios dio a Abraham.",descendencia,high,Termino teologico; revisar promesas y genealogias.,,,,
adb0d687c85a939c5622,OT,GEN,28,9,GEN 28:9,fuese,10,2,7,fuése,Y,"Esaú a Ismael, y tomó para sí por mujer a Mahaleth, hija de Ismael, h","Y fuése Esaú a Ismael, y tomó para sí por mujer a Mahaleth, hija de Ismael, hijo de Abraham, hermana de Nabaioth, además de sus otras mujeres.",se fue,medium,Puede requerir ajustar la frase completa.,,,,
6540e6c1958efb962b5d,OT,GEN,28,13,GEN 28:13,simiente,36,178,186,simiente,Dios de Isaac: la tierra en que estás acostado te la daré a ti y a tu,.,"Y he aquí, Jehová estaba en lo alto de ella, el cual dijo: Yo soy Jehová, el Dios de Abraham tu padre, y el Dios de Isaac: la tierra en que estás acostado te la daré a ti y a tu simiente.",descendencia,high,Termino teologico; revisar promesas y genealogias.,,,,
e1f66a0e1d5e2e95ff67,OT,GEN,28,14,GEN 28:14,simiente,37,10,18,simiente,Y será tu,"como el polvo de la tierra, y te extenderás al occidente, y al orient","Y será tu simiente como el polvo de la tierra, y te extenderás al occidente, y al oriente, y al aquilón, y al mediodía; y todas las familias de la tierra serán benditas en ti y en tu simiente.",descendencia,high,Termino teologico; revisar promesas y genealogias.,,,,
62d93bb63f9cf3a1a239,OT,GEN,28,14,GEN 28:14,simiente,38,183,191,simiente,iodía; y todas las familias de la tierra serán benditas en ti y en tu,.,"Y será tu simiente como el polvo de la tierra, y te extenderás al occidente, y al oriente, y al aquilón, y al mediodía; y todas las familias de la tierra serán benditas en ti y en tu simiente.",descendencia,high,Termino teologico; revisar promesas y genealogias.,,,,
659db765e24f9a179ea4,OT,GEN,30,34,GEN 30:34,fuese,11,26,31,fuese,"Y dijo Labán: Mira, ojalá",como tú dices.,"Y dijo Labán: Mira, ojalá fuese como tú dices.",se fue,medium,Puede requerir ajustar la frase completa.,,,,
ac045de0915a1fd9fde7,OT,GEN,32,12,GEN 32:12,simiente,39,45,53,simiente,"Y tú has dicho: Yo te haré bien, y pondré tu","como la arena del mar, que no se puede contar por la multitud.","Y tú has dicho: Yo te haré bien, y pondré tu simiente como la arena del mar, que no se puede contar por la multitud.",descendencia,high,Termino teologico; revisar promesas y genealogias.,,,,
a73423f5ce6462051d46,OT,GEN,32,13,GEN 32:13,presente,1,67,75,presente,"Y durmió allí aquella noche, y tomó de lo que le vino a la mano un",para su hermano Esaú:,"Y durmió allí aquella noche, y tomó de lo que le vino a la mano un presente para su hermano Esaú:",ofrenda,high,"Puede ser regalo, ofrenda o presencia.",,,,
39809315f9fb8a792ba1,OT,GEN,32,18,GEN 32:18,presente,2,16,24,Presente,Entonces dirás:,"es de tu siervo Jacob, que envía a mi señor Esaú; y he aquí también é","Entonces dirás: Presente es de tu siervo Jacob, que envía a mi señor Esaú; y he aquí también él viene tras nosotros.",ofrenda,high,"Puede ser regalo, ofrenda o presencia.",,,,
b7bcd9007208d4d879d2,OT,GEN,32,20,GEN 32:20,presente,3,100,108,presente,ervo Jacob viene tras nosotros. Porque dijo: Apaciguaré su ira con el,"que va delante de mí, y después veré su rostro: quizá le seré acepto.","Y dirán también: He aquí tu siervo Jacob viene tras nosotros. Porque dijo: Apaciguaré su ira con el presente que va delante de mí, y después veré su rostro: quizá le seré acepto.",ofrenda,high,"Puede ser regalo, ofrenda o presencia.",,,,
b75dee581d776fbd9c68,OT,GEN,32,21,GEN 32:21,presente,4,10,18,presente,Y pasó el,delante de él; y él durmió aquella noche en el campamento.,Y pasó el presente delante de él; y él durmió aquella noche en el campamento.,ofrenda,high,"Puede ser regalo, ofrenda o presencia.",,,,
2bcc93a08a08d044c9cf,OT,GEN,33,10,GEN 33:10,presente,5,79,87,presente,"cob: No, yo te ruego, si he hallado ahora gracia en tus ojos, toma mi","de mi mano, pues que así he visto tu rostro, como si hubiera visto el","Y dijo Jacob: No, yo te ruego, si he hallado ahora gracia en tus ojos, toma mi presente de mi mano, pues que así he visto tu rostro, como si hubiera visto el rostro de Dios; y hazme placer.",ofrenda,high,"Puede ser regalo, ofrenda o presencia.",,,,
eb0a797fdaf77727a387,OT,GEN,35,10,GEN 35:10,dijole,14,2,8,díjole,Y,"Dios: Tu nombre es Jacob; no se llamará más tu nombre Jacob, sino Isr","Y díjole Dios: Tu nombre es Jacob; no se llamará más tu nombre Jacob, sino Israel será tu nombre: y llamó su nombre Israel.",le dijo,low,Forma enclitica arcaica.,Codex-assisted,replace,le dijo,Modernización de forma enclítica arcaica.
225a8046bd5695ba7c67,OT,GEN,35,11,GEN 35:11,dijole,15,2,8,díjole,Y,Dios: Yo soy el Dios Omnipotente: crece y multiplícate; una nación y,"Y díjole Dios: Yo soy el Dios Omnipotente: crece y multiplícate; una nación y conjunto de naciones procederá de ti, y reyes saldrán de tus lomos:",le dijo,low,Forma enclitica arcaica.,Codex-assisted,replace,le dijo,Modernización de forma enclítica arcaica.
2790f180f7051e53bd01,OT,GEN,35,11,GEN 35:11,lomos,1,139,144,lomos,"nación y conjunto de naciones procederá de ti, y reyes saldrán de tus",:,"Y díjole Dios: Yo soy el Dios Omnipotente: crece y multiplícate; una nación y conjunto de naciones procederá de ti, y reyes saldrán de tus lomos:",cintura,medium,Puede ser literal o modismo.,,,,
cb5c8a66451b668b9ebd,OT,GEN,35,12,GEN 35:12,simiente,40,69,77,simiente,"Y la tierra que yo he dado a Abraham y a Isaac, la daré a ti: y a tu",después de ti daré la tierra.,"Y la tierra que yo he dado a Abraham y a Isaac, la daré a ti: y a tu simiente después de ti daré la tierra.",descendencia,high,Termino teologico; revisar promesas y genealogias.,,,,
3ea8842322a81a5620c2,OT,GEN,35,13,GEN 35:13,fuese,12,2,7,fuése,Y,"de él Dios, del lugar donde con él había hablado.","Y fuése de él Dios, del lugar donde con él había hablado.",se fue,medium,Puede requerir ajustar la frase completa.,,,,
da58f77842a3ee7dd2f6,OT,GEN,35,17,GEN 35:17,dijole,16,49,55,díjole,"Y aconteció, que como había trabajo en su parir,","la partera: No temas, que también tendrás este hijo.","Y aconteció, que como había trabajo en su parir, díjole la partera: No temas, que también tendrás este hijo.",le dijo,low,Forma enclitica arcaica.,Codex-assisted,replace,le dijo,Modernización de forma enclítica arcaica.
f8d0e68bf2faa2382810,OT,GEN,36,6,GEN 36:6,fuese,13,185,190,fuése,"ias, y toda su hacienda que había adquirido en la tierra de Canaán, y",a otra tierra de delante de Jacob su hermano:,"Y Esaú tomó sus mujeres, y sus hijos, y sus hijas, y todas las personas de su casa, y sus ganados, y todas sus bestias, y toda su hacienda que había adquirido en la tierra de Canaán, y fuése a otra tierra de delante de Jacob su hermano:",se fue,medium,Puede requerir ajustar la frase completa.,,,,
72245111e6466afc6990,OT,GEN,37,10,GEN 37:10,dijole,17,66,72,díjole,"Y contólo a su padre y a sus hermanos: y su padre le reprendió, y",": ¿Qué sueño es este que soñaste? ¿Hemos de venir yo y tu madre, y tus","Y contólo a su padre y a sus hermanos: y su padre le reprendió, y díjole: ¿Qué sueño es este que soñaste? ¿Hemos de venir yo y tu madre, y tus hermanos, a inclinarnos a ti a tierra?",le dijo,low,Forma enclitica arcaica.,Codex-assisted,replace,le dijo,Modernización de forma enclítica arcaica.
0db2dd6ec44776f20f2c,OT,GEN,37,34,GEN 37:34,lomos,2,57,62,lomos,"Entonces Jacob rasgó sus vestidos, y puso saco sobre sus",", y enlutóse por su hijo muchos días.","Entonces Jacob rasgó sus vestidos, y puso saco sobre sus lomos, y enlutóse por su hijo muchos días.",cintura,medium,Puede ser literal o modismo.,,,,
709f2e3d30a687fd1251,OT,GEN,38,1,GEN 38:1,fuese,14,71,76,fuése,"aconteció en aquel tiempo, que Judá descendió de con sus hermanos, y","a un varón Adullamita, que se llamaba Hira.","Y aconteció en aquel tiempo, que Judá descendió de con sus hermanos, y fuése a un varón Adullamita, que se llamaba Hira.",se fue,medium,Puede requerir ajustar la frase completa.,,,,
46465f42841654c66ba6,OT,GEN,38,8,GEN 38:8,simiente,41,91,99,simiente,"Onán: Entra a la mujer de tu hermano, y despósate con ella, y suscita",a tu hermano.,"Entonces Judá dijo a Onán: Entra a la mujer de tu hermano, y despósate con ella, y suscita simiente a tu hermano.",descendencia,high,Termino teologico; revisar promesas y genealogias.,,,,
3c3bb91808b9fe1197a2,OT,GEN,38,9,GEN 38:9,simiente,42,23,31,simiente,Y sabiendo Onán que la,"no había de ser suya, sucedía que cuando entraba a la mujer de su her","Y sabiendo Onán que la simiente no había de ser suya, sucedía que cuando entraba a la mujer de su hermano vertía en tierra, por no dar simiente a su hermano.",descendencia,high,Termino teologico; revisar promesas y genealogias.,,,,
2dbc4c1e851d4d3b37b1,OT,GEN,38,9,GEN 38:9,simiente,43,135,143,simiente,"cuando entraba a la mujer de su hermano vertía en tierra, por no dar",a su hermano.,"Y sabiendo Onán que la simiente no había de ser suya, sucedía que cuando entraba a la mujer de su hermano vertía en tierra, por no dar simiente a su hermano.",descendencia,high,Termino teologico; revisar promesas y genealogias.,,,,
2918a835d6fc6d0700c3,OT,GEN,38,11,GEN 38:11,fuese,15,160,165,fuése,hijo; porque dijo: Que quizá no muera él también como sus hermanos. Y,"Thamar, y estúvose en casa de su padre.","Y Judá dijo a Thamar su nuera: Estáte viuda en casa de tu padre, hasta que crezca Sela mi hijo; porque dijo: Que quizá no muera él también como sus hermanos. Y fuése Thamar, y estúvose en casa de su padre.",se fue,medium,Puede requerir ajustar la frase completa.,,,,
1dcb1b175d130315c34c,OT,GEN,38,16,GEN 38:16,dijole,18,36,42,díjole,"Y apartóse del camino hacia ella, y",": Ea, pues, ahora entraré a ti; porque no sabía que era su nuera; y el","Y apartóse del camino hacia ella, y díjole: Ea, pues, ahora entraré a ti; porque no sabía que era su nuera; y ella dijo: ¿Qué me has de dar, si entrares a mí?",le dijo,low,Forma enclitica arcaica.,Codex-assisted,replace,le dijo,Modernización de forma enclítica arcaica.
c224fda4bbc67f43bc39,OT,GEN,38,19,GEN 38:19,fuese,16,15,20,fuése,"Y levantóse, y",": y quitóse el velo de sobre sí, y vistióse las ropas de su viudez.","Y levantóse, y fuése: y quitóse el velo de sobre sí, y vistióse las ropas de su viudez.",se fue,medium,Puede requerir ajustar la frase completa.,,,,
ad5010d7bf88510575a4,OT,GEN,40,9,GEN 40:9,dijole,19,62,68,díjole,"Entonces el principal de los coperos contó su sueño a José, y",": Yo soñaba que veía una vid delante de mí,","Entonces el principal de los coperos contó su sueño a José, y díjole: Yo soñaba que veía una vid delante de mí,",le dijo,low,Forma enclitica arcaica.,Codex-assisted,replace,le dijo,Modernización de forma enclítica arcaica.
f21b47df89b2ca3f1dca,OT,GEN,40,12,GEN 40:12,dijole,20,2,8,díjole,Y,José: Esta es su declaración: Los tres sarmientos son tres días:,Y díjole José: Esta es su declaración: Los tres sarmientos son tres días:,le dijo,low,Forma enclitica arcaica.,Codex-assisted,replace,le dijo,Modernización de forma enclítica arcaica.
34bd60e7dc663b931462,OT,GEN,43,11,GEN 43:11,presente,6,137,145,presente,"omen de lo mejor de la tierra en sus vasos, y lleven a aquel varón un",", un poco de bálsamo, y un poco de miel, aromas y mirra, nueces y alme","Entonces Israel su padre les respondió: Pues que así es, háganlo; tomen de lo mejor de la tierra en sus vasos, y lleven a aquel varón un presente, un poco de bálsamo, y un poco de miel, aromas y mirra, nueces y almendras.",ofrenda,high,"Puede ser regalo, ofrenda o presencia.",,,,
b550353590c9fafd2da5,OT,GEN,43,15,GEN 43:15,presente,7,37,45,presente,Entonces tomaron aquellos varones el,", y tomaron en su mano doblado dinero, y a Benjamín; y se levantaron,","Entonces tomaron aquellos varones el presente, y tomaron en su mano doblado dinero, y a Benjamín; y se levantaron, y descendieron a Egipto, y presentáronse delante de José.",ofrenda,high,"Puede ser regalo, ofrenda o presencia.",,,,
06dc5398afecefbafeec,OT,GEN,43,25,GEN 43:25,presente,8,22,30,presente,Y ellos prepararon el,"entretanto que venía José al medio día, porque habían oído que allí h","Y ellos prepararon el presente entretanto que venía José al medio día, porque habían oído que allí habían de comer pan.",ofrenda,high,"Puede ser regalo, ofrenda o presencia.",,,,
b440b19ed95841d0f0c2,OT,GEN,43,26,GEN 43:26,presente,9,43,51,presente,"Y vino José a casa, y ellos le trajeron el","que tenían en su mano dentro de casa, e inclináronse a él hasta tierr","Y vino José a casa, y ellos le trajeron el presente que tenían en su mano dentro de casa, e inclináronse a él hasta tierra.",ofrenda,high,"Puede ser regalo, ofrenda o presencia.",,,,
9728d861a5532858cad8,OT,GEN,46,1,GEN 46:1,partiose,2,2,10,partióse,Y,"Israel con todo lo que tenía, y vino a Beer-seba, y ofreció sacrifici","Y partióse Israel con todo lo que tenía, y vino a Beer-seba, y ofreció sacrificios al Dios de su padre Isaac.",se fue,medium,Puede significar partir/salir; revisar contexto.,,,,
44374a56c8da7370942f,OT,GEN,46,6,GEN 46:6,simiente,44,121,129,simiente,"irido en la tierra de Canaán, y viniéronse a Egipto, Jacob, y toda su",consigo;,"Y tomaron sus ganados, y su hacienda que había adquirido en la tierra de Canaán, y viniéronse a Egipto, Jacob, y toda su simiente consigo;",descendencia,high,Termino teologico; revisar promesas y genealogias.,,,,
60f5780e00899978b96a,OT,GEN,46,7,GEN 46:7,simiente,45,94,102,simiente,"e sus hijos consigo; sus hijas, y las hijas de sus hijos, y a toda su",trajo consigo a Egipto.,"Sus hijos, y los hijos de sus hijos consigo; sus hijas, y las hijas de sus hijos, y a toda su simiente trajo consigo a Egipto.",descendencia,high,Termino teologico; revisar promesas y genealogias.,,,,
7c9ee503688b1c464662,OT,GEN,46,26,GEN 46:26,lomos,3,71,76,lomos,"odas las personas que vinieron con Jacob a Egipto, procedentes de sus",", sin las mujeres de los hijos de Jacob, todas las personas fueron ses","Todas las personas que vinieron con Jacob a Egipto, procedentes de sus lomos, sin las mujeres de los hijos de Jacob, todas las personas fueron sesenta y seis.",cintura,medium,Puede ser literal o modismo.,,,,
82762450f1242e5eb8e6,OT,GEN,47,19,GEN 47:19,simiente,46,186,194,simiente,"r pan, y seremos nosotros y nuestra tierra siervos de Faraón: y danos","para que vivamos y no muramos, y no sea asolada la tierra.","¿Por qué moriremos delante de tus ojos, así nosotros como nuestra tierra? Cómpranos a nosotros y a nuestra tierra por pan, y seremos nosotros y nuestra tierra siervos de Faraón: y danos simiente para que vivamos y no muramos, y no sea asolada la tierra.",descendencia,high,Termino teologico; revisar promesas y genealogias.,,,,
a0d6971822576a5e459c,OT,GEN,47,23,GEN 47:23,simiente,47,88,96,simiente,blo: He aquí les he hoy comprado y a su tierra para Faraón: vean aquí,", y sembrarán la tierra.","Y José dijo al pueblo: He aquí les he hoy comprado y a su tierra para Faraón: vean aquí simiente, y sembrarán la tierra.",descendencia,high,Termino teologico; revisar promesas y genealogias.,,,,
666e9fa386115cdc2e73,OT,GEN,48,4,GEN 48:4,simiente,48,117,125,simiente,"iplicaré, y te pondré por estirpe de pueblos: y daré esta tierra a tu",después de ti por heredad perpetua.,"Y díjome: He aquí, yo te haré crecer, y te multiplicaré, y te pondré por estirpe de pueblos: y daré esta tierra a tu simiente después de ti por heredad perpetua.",descendencia,high,Termino teologico; revisar promesas y genealogias.,,,,
6a63e35afccb3ef63844,OT,GEN,48,11,GEN 48:11,simiente,49,93,101,simiente,"o pensaba yo ver tu rostro, y he aquí Dios me ha hecho ver también tu",.,"Y dijo Israel a José: No pensaba yo ver tu rostro, y he aquí Dios me ha hecho ver también tu simiente.",descendencia,high,Termino teologico; revisar promesas y genealogias.,,,,
9ccc424d58ea7b7fa29f,OT,GEN,48,19,GEN 48:19,simiente,50,170,178,simiente,"mbién acrecentado; pero su hermano menor será más grande que él, y su",será plenitud de gentes.,"Pero su padre no quiso, y dijo: Lo sé, hijo mío, lo sé: también él vendrá a ser un pueblo, y será también acrecentado; pero su hermano menor será más grande que él, y su simiente será plenitud de gentes.",descendencia,high,Termino teologico; revisar promesas y genealogias.,,,,
e60297ee36639f477784,OT,EXO,4,6,EXO 4:6,dijole,21,2,8,díjole,Y,más Jehová: Mete ahora tu mano en tu seno. Y él metió la mano en su s,"Y díjole más Jehová: Mete ahora tu mano en tu seno. Y él metió la mano en su seno; y como la sacó, he aquí que su mano estaba leprosa como la nieve.",le dijo,low,Forma enclitica arcaica.,Codex-assisted,replace,le dijo,Modernización de forma enclítica arcaica.
a7a5b6d0ee19f85e3ed7,OT,EXO,4,18,EXO 4:18,dijole,22,51,57,díjole,"Así se fue Moisés, y volviendo a su suegro Jethro,",": Iré ahora, y volveré a mis hermanos que están en Egipto, para ver si","Así se fue Moisés, y volviendo a su suegro Jethro, díjole: Iré ahora, y volveré a mis hermanos que están en Egipto, para ver si aun viven. Y Jethro dijo a Moisés: Ve en paz.",le dijo,low,Forma enclitica arcaica.,Codex-assisted,replace,le dijo,Modernización de forma enclítica arcaica.
d3f76ff7c7ff03a94958,OT,EXO,6,2,EXO 6:2,dijole,23,31,37,díjole,"Habló todavía Dios a Moisés, y",: Yo soy JEHOVÁ;,"Habló todavía Dios a Moisés, y díjole: Yo soy JEHOVÁ;",le dijo,low,Forma enclitica arcaica.,Codex-assisted,replace,le dijo,Modernización de forma enclítica arcaica.
26c4a27b0cb2e147346b,OT,EXO,9,29,EXO 9:29,respondiole,3,2,13,respondióle,Y,"Moisés: En saliendo yo de la ciudad extenderé mis manos a Jehová, y l","Y respondióle Moisés: En saliendo yo de la ciudad extenderé mis manos a Jehová, y los truenos cesarán, y no habrá más granizo; para que sepas que de Jehová es la tierra.",le respondio,low,Forma enclitica arcaica.,Codex-assisted,replace,le respondió,Modernización de forma enclítica arcaica.
f53f25d296eeaaabf6ac,OT,EXO,10,25,EXO 10:25,holocausto,8,60,71,holocaustos,Y Moisés respondió: Tú también nos entregarás sacrificios y,que sacrifiquemos a Jehová nuestro Dios.,Y Moisés respondió: Tú también nos entregarás sacrificios y holocaustos que sacrifiquemos a Jehová nuestro Dios.,holocausto,high,Termino tecnico sacrificial; puede conservarse.,,,,
37ba28cd218aad3870ea,OT,EXO,10,28,EXO 10:28,dijole,24,2,8,díjole,Y,"Faraón: Retírate de mí: guárdate que no veas más mi rostro, porque en","Y díjole Faraón: Retírate de mí: guárdate que no veas más mi rostro, porque en cualquier día que vieres mi rostro, morirás.",le dijo,low,Forma enclitica arcaica.,Codex-assisted,replace,le dijo,Modernización de forma enclítica arcaica.
805aa9a184b6cd8878dc,OT,EXO,12,11,EXO 12:11,lomos,4,34,39,lomos,Y así han de comerlo: ceñidos sus,", sus zapatos en sus pies, y su bordón en su mano; y lo comerán apresu","Y así han de comerlo: ceñidos sus lomos, sus zapatos en sus pies, y su bordón en su mano; y lo comerán apresuradamente: es la Pascua de Jehová.",cintura,medium,Puede ser literal o modismo.,,,,
e24cb55ea67c118d1ef8,OT,EXO,12,14,EXO 12:14,estatuto,2,109,117,estatuto,han de celebrarlo como solemne a Jehová durante sus generaciones: por,perpetuo lo celebrarán.,"Y este día les ha de ser en memoria, y han de celebrarlo como solemne a Jehová durante sus generaciones: por estatuto perpetuo lo celebrarán.",estatuto,medium,Puede conservarse como termino legal.,,,,
9db025652a8b18242b29,OT,EXO,12,24,EXO 12:24,estatuto,3,21,29,estatuto,Y guardarán esto por,para ustedes y para sus hijos para siempre.,Y guardarán esto por estatuto para ustedes y para sus hijos para siempre.,estatuto,medium,Puede conservarse como termino legal.,,,,
003b3ab25c19389e7ec0,OT,EXO,15,25,EXO 15:25,estatuto,4,139,148,estatutos,"o que hubo dentro de las aguas, las aguas se endulzaron. Allí les dio","y ordenanzas, y allí los probó;","Y Moisés clamó a Jehová; y Jehová le mostró un árbol, el cual metídolo que hubo dentro de las aguas, las aguas se endulzaron. Allí les dio estatutos y ordenanzas, y allí los probó;",estatuto,medium,Puede conservarse como termino legal.,,,,
687190cfeeb033bd1cea,OT,EXO,15,26,EXO 15:26,estatuto,5,153,162,estatutos,"de sus ojos, y dieres oído a sus mandamientos, y guardares todos sus",", ninguna enfermedad de las que envié a los Egipcios te enviaré a ti;","Y dijo: Si oyeres atentamente la voz de Jehová tu Dios, e hicieres lo recto delante de sus ojos, y dieres oído a sus mandamientos, y guardares todos sus estatutos, ninguna enfermedad de las que envié a los Egipcios te enviaré a ti; porque yo soy Jehová tu Sanador.",estatuto,medium,Puede conservarse como termino legal.,,,,
8a4ed76d38320c4ac7f1,OT,EXO,16,31,EXO 16:31,simiente,51,46,54,simiente,Y la casa de Israel lo llamó Maná; y era como,"de culantro, blanco, y su sabor como de hojuelas con miel.","Y la casa de Israel lo llamó Maná; y era como simiente de culantro, blanco, y su sabor como de hojuelas con miel.",descendencia,high,Termino teologico; revisar promesas y genealogias.,,,,
b41d5c2026d62beed5ab,OT,EXO,18,12,EXO 18:12,holocausto,9,33,44,holocaustos,"Y tomó Jethro, suegro de Moisés,",y sacrificios para Dios: y vino Aarón y todos los ancianos de Israel,"Y tomó Jethro, suegro de Moisés, holocaustos y sacrificios para Dios: y vino Aarón y todos los ancianos de Israel a comer pan con el suegro de Moisés delante de Dios.",holocausto,high,Termino tecnico sacrificial; puede conservarse.,,,,
828624e55066344c213b,OT,EXO,18,27,EXO 18:27,fuese,17,33,38,fuése,"Y despidió Moisés a su suegro, y",a su tierra.,"Y despidió Moisés a su suegro, y fuése a su tierra.",se fue,medium,Puede requerir ajustar la frase completa.,,,,
66275ea5636bd54ab3bb,OT,EXO,20,24,EXO 20:24,holocausto,10,59,70,holocaustos,"Altar de tierra harás para mí, y sacrificarás sobre él tus","y tus pacíficos, tus ovejas y tus vacas: en cualquier lugar donde yo","Altar de tierra harás para mí, y sacrificarás sobre él tus holocaustos y tus pacíficos, tus ovejas y tus vacas: en cualquier lugar donde yo haga que esté la memoria de mi nombre, vendré a ti, y te bendeciré.",holocausto,high,Termino tecnico sacrificial; puede conservarse.,,,,
0bffa49296d646ca6409,OT,EXO,22,15,EXO 22:15,presente,10,19,27,presente,Si el dueño estaba,", no la pagará. Si era alquilada, él vendrá por su alquiler.","Si el dueño estaba presente, no la pagará. Si era alquilada, él vendrá por su alquiler.",ofrenda,high,"Puede ser regalo, ofrenda o presencia.",,,,
32ef6d5118f6f21809a4,OT,EXO,23,8,EXO 23:8,presente,11,13,21,presente,No recibirás,"; porque el presente ciega a los que ven, y pervierte las palabras jus","No recibirás presente; porque el presente ciega a los que ven, y pervierte las palabras justas.",ofrenda,high,"Puede ser regalo, ofrenda o presencia.",,,,
fdf08e3039038e6a1d5f,OT,EXO,23,8,EXO 23:8,presente,12,33,41,presente,No recibirás presente; porque el,"ciega a los que ven, y pervierte las palabras justas.","No recibirás presente; porque el presente ciega a los que ven, y pervierte las palabras justas.",ofrenda,high,"Puede ser regalo, ofrenda o presencia.",,,,
c4a0ee60481fcede38a8,OT,EXO,24,5,EXO 24:5,holocausto,11,69,80,holocaustos,"Y envió a los mancebos de los hijos de Israel, los cuales ofrecieron",", y sacrificaron pacíficos a Jehová, becerros.","Y envió a los mancebos de los hijos de Israel, los cuales ofrecieron holocaustos, y sacrificaron pacíficos a Jehová, becerros.",holocausto,high,Termino tecnico sacrificial; puede conservarse.,,,,
4753e475476d84600363,OT,EXO,25,9,EXO 25:9,tabernaculo,1,52,63,tabernáculo,"Conforme a todo lo que yo te muestre, el diseño del",", y el diseño de todos sus vasos, así lo harán.","Conforme a todo lo que yo te muestre, el diseño del tabernáculo, y el diseño de todos sus vasos, así lo harán.",tabernaculo,medium,Termino biblico tecnico; normalmente conservar.,,,,
0275288fa5fcf6458c6c,OT,EXO,26,1,EXO 26:1,tabernaculo,2,11,22,tabernáculo,Y harás el,"de diez cortinas de lino torcido, cárdeno, y púrpura, y carmesí: y ha","Y harás el tabernáculo de diez cortinas de lino torcido, cárdeno, y púrpura, y carmesí: y harás querubines de obra delicada.",tabernaculo,medium,Termino biblico tecnico; normalmente conservar.,,,,
5fe1f6d6ccf1adda5178,OT,EXO,26,6,EXO 26:6,tabernaculo,3,115,126,tabernáculo,"los cuales juntarás las cortinas la una con la otra, y se formará un",.,"Harás también cincuenta corchetes de oro, con los cuales juntarás las cortinas la una con la otra, y se formará un tabernáculo.",tabernaculo,medium,Termino biblico tecnico; normalmente conservar.,,,,
b0677ce93d50557d862a,OT,EXO,26,7,EXO 26:7,tabernaculo,4,69,80,tabernáculo,Harás asimismo cortinas de pelo de cabras para una cubierta sobre el,; once cortinas harás.,Harás asimismo cortinas de pelo de cabras para una cubierta sobre el tabernáculo; once cortinas harás.,tabernaculo,medium,Termino biblico tecnico; normalmente conservar.,,,,
b1279dcec0707456bd5b,OT,EXO,26,9,EXO 26:9,tabernaculo,5,128,139,tabernáculo,inas separadamente; y doblarás la sexta cortina delante de la faz del,.,Y juntarás las cinco cortinas aparte y las otras seis cortinas separadamente; y doblarás la sexta cortina delante de la faz del tabernáculo.,tabernaculo,medium,Termino biblico tecnico; normalmente conservar.,,,,
f1971394b1a42da8a0e4,OT,EXO,26,12,EXO 26:12,tabernaculo,6,121,132,tabernáculo,"nda, la mitad de la una cortina que sobra, quedará a las espaldas del",.,"Y el sobrante que resulta en las cortinas de la tienda, la mitad de la una cortina que sobra, quedará a las espaldas del tabernáculo.",tabernaculo,medium,Termino biblico tecnico; normalmente conservar.,,,,
b1b41140a957ccb6761a,OT,EXO,26,13,EXO 26:13,tabernaculo,7,133,144,tabernáculo,"la longitud de las cortinas de la tienda, cargará sobre los lados del","de la una parte y de la otra, para cubrirlo.","Y un codo de la una parte, y otro codo de la otra que sobra en la longitud de las cortinas de la tienda, cargará sobre los lados del tabernáculo de la una parte y de la otra, para cubrirlo.",tabernaculo,medium,Termino biblico tecnico; normalmente conservar.,,,,
b8aea206dce3439d57f4,OT,EXO,26,15,EXO 26:15,tabernaculo,8,16,27,tabernáculo,Y harás para el,"tablas de madera de Sittim, que estén derechas.","Y harás para el tabernáculo tablas de madera de Sittim, que estén derechas.",tabernaculo,medium,Termino biblico tecnico; normalmente conservar.,,,,
bc9e9058ec30f5bb9cfc,OT,EXO,26,17,EXO 26:17,tabernaculo,9,91,102,tabernáculo,"da tabla, trabadas la una con la otra; así harás todas las tablas del",.,"Dos quicios tendrá cada tabla, trabadas la una con la otra; así harás todas las tablas del tabernáculo.",tabernaculo,medium,Termino biblico tecnico; normalmente conservar.,,,,
8f2d6454d51b0b5d49b7,OT,EXO,26,18,EXO 26:18,tabernaculo,10,28,39,tabernáculo,"Harás, pues, las tablas del",": veinte tablas al lado del mediodía, al austro.","Harás, pues, las tablas del tabernáculo: veinte tablas al lado del mediodía, al austro.",tabernaculo,medium,Termino biblico tecnico; normalmente conservar.,,,,
d00568db237acdb0d6b8,OT,EXO,26,20,EXO 26:20,tabernaculo,11,19,30,tabernáculo,Y al otro lado del,", a la parte del aquilón, veinte tablas;","Y al otro lado del tabernáculo, a la parte del aquilón, veinte tablas;",tabernaculo,medium,Termino biblico tecnico; normalmente conservar.,,,,
eae24f493db9e716a835,OT,EXO,26,22,EXO 26:22,tabernaculo,12,19,30,tabernáculo,Y para el lado del,", al occidente, harás seis tablas.","Y para el lado del tabernáculo, al occidente, harás seis tablas.",tabernaculo,medium,Termino biblico tecnico; normalmente conservar.,,,,
ee34c3d57854321f06b0,OT,EXO,26,23,EXO 26:23,tabernaculo,13,46,57,tabernáculo,Harás además dos tablas para las esquinas del,en los dos ángulos posteriores;,Harás además dos tablas para las esquinas del tabernáculo en los dos ángulos posteriores;,tabernaculo,medium,Termino biblico tecnico; normalmente conservar.,,,,
df41258b2fe1dd59f491,OT,EXO,26,26,EXO 26:26,tabernaculo,14,80,91,tabernáculo,"ién cinco barras de madera de Sittim, para las tablas del un lado del",",","Harás también cinco barras de madera de Sittim, para las tablas del un lado del tabernáculo,",tabernaculo,medium,Termino biblico tecnico; normalmente conservar.,,,,
21577c3093bd6bb3c272,OT,EXO,26,27,EXO 26:27,tabernaculo,15,49,60,tabernáculo,Y cinco barras para las tablas del otro lado del,", y cinco barras para el otro lado del tabernáculo, que está al occide","Y cinco barras para las tablas del otro lado del tabernáculo, y cinco barras para el otro lado del tabernáculo, que está al occidente.",tabernaculo,medium,Termino biblico tecnico; normalmente conservar.,,,,
47d242c3c4c1bb38be1f,OT,EXO,26,27,EXO 26:27,tabernaculo,16,99,110,tabernáculo,"s del otro lado del tabernáculo, y cinco barras para el otro lado del",", que está al occidente.","Y cinco barras para las tablas del otro lado del tabernáculo, y cinco barras para el otro lado del tabernáculo, que está al occidente.",tabernaculo,medium,Termino biblico tecnico; normalmente conservar.,,,,
9312bf3e1a7a5a8c6348,OT,EXO,26,30,EXO 26:30,tabernaculo,17,13,24,tabernáculo,Y alzarás el,conforme a su traza que te fue mostrada en el monte.,Y alzarás el tabernáculo conforme a su traza que te fue mostrada en el monte.,tabernaculo,medium,Termino biblico tecnico; normalmente conservar.,,,,
18fdefd5bba1502dceaf,OT,EXO,26,35,EXO 26:35,tabernaculo,18,81,92,tabernáculo,"a mesa fuera del velo, y el candelero enfrente de la mesa al lado del",al mediodía; y pondrás la mesa al lado del aquilón.,"Y pondrás la mesa fuera del velo, y el candelero enfrente de la mesa al lado del tabernáculo al mediodía; y pondrás la mesa al lado del aquilón.",tabernaculo,medium,Termino biblico tecnico; normalmente conservar.,,,,
4b8f1feefa252772b814,OT,EXO,26,36,EXO 26:36,tabernaculo,19,24,35,tabernáculo,Y harás a la puerta del,"una cortina de cárdeno, y púrpura, y carmesí, y lino torcido, obra de","Y harás a la puerta del tabernáculo una cortina de cárdeno, y púrpura, y carmesí, y lino torcido, obra de bordador.",tabernaculo,medium,Termino biblico tecnico; normalmente conservar.,,,,
3d2ebb607be271bb5927,OT,EXO,27,9,EXO 27:9,tabernaculo,20,28,39,tabernáculo,Asimismo harás el atrio del,": al lado del mediodía, al austro, tendrá el atrio cortinas de lino to","Asimismo harás el atrio del tabernáculo: al lado del mediodía, al austro, tendrá el atrio cortinas de lino torcido, de cien codos de longitud cada un lado;",tabernaculo,medium,Termino biblico tecnico; normalmente conservar.,,,,
1ee8560bf430d5c277bb,OT,EXO,27,19,EXO 27:19,tabernaculo,21,20,31,tabernáculo,Todos los vasos del,"en todo su servicio, y todos sus clavos, y todos los clavos del atrio","Todos los vasos del tabernáculo en todo su servicio, y todos sus clavos, y todos los clavos del atrio, serán de metal.",tabernaculo,medium,Termino biblico tecnico; normalmente conservar.,,,,
39d81910415501d76e61,OT,EXO,27,21,EXO 27:21,estatuto,6,177,185,estatuto,"n y sus hijos, delante de Jehová desde la tarde hasta la mañana, como",perpetuo de los hijos de Israel por sus generaciones.,"En el tabernáculo del testimonio, afuera del velo que está delante del testimonio, las pondrá en orden Aarón y sus hijos, delante de Jehová desde la tarde hasta la mañana, como estatuto perpetuo de los hijos de Israel por sus generaciones.",estatuto,medium,Puede conservarse como termino legal.,,,,
e9f6c7abfa07537f9012,OT,EXO,27,21,EXO 27:21,tabernaculo,22,6,17,tabernáculo,En el,"del testimonio, afuera del velo que está delante del testimonio, las","En el tabernáculo del testimonio, afuera del velo que está delante del testimonio, las pondrá en orden Aarón y sus hijos, delante de Jehová desde la tarde hasta la mañana, como estatuto perpetuo de los hijos de Israel por sus generaciones.",tabernaculo,medium,Termino biblico tecnico; normalmente conservar.,,,,
3dd2d0af0a236fccba16,OT,EXO,28,42,EXO 28:42,lomos,5,77,82,lomos,arás pañetes de lino para cubrir la carne vergonzosa; serán desde los,hasta los muslos:,Y les harás pañetes de lino para cubrir la carne vergonzosa; serán desde los lomos hasta los muslos:,cintura,medium,Puede ser literal o modismo.,,,,
878ba8849f801850beab,OT,EXO,28,43,EXO 28:43,simiente,52,218,226,simiente,"rque no lleven pecado, y mueran. Estatuto perpetuo para él, y para su",después de él.,"Y estarán sobre Aarón y sobre sus hijos cuando entren en el tabernáculo del testimonio, o cuando se lleguen al altar para servir en el santuario, porque no lleven pecado, y mueran. Estatuto perpetuo para él, y para su simiente después de él.",descendencia,high,Termino teologico; revisar promesas y genealogias.,,,,
efbe2beb945e72f02850,OT,EXO,28,43,EXO 28:43,estatuto,7,181,189,Estatuto,"altar para servir en el santuario, porque no lleven pecado, y mueran.","perpetuo para él, y para su simiente después de él.","Y estarán sobre Aarón y sobre sus hijos cuando entren en el tabernáculo del testimonio, o cuando se lleguen al altar para servir en el santuario, porque no lleven pecado, y mueran. Estatuto perpetuo para él, y para su simiente después de él.",estatuto,medium,Puede conservarse como termino legal.,,,,
fd41608455663e4ff0b4,OT,EXO,28,43,EXO 28:43,tabernaculo,23,60,71,tabernáculo,Y estarán sobre Aarón y sobre sus hijos cuando entren en el,"del testimonio, o cuando se lleguen al altar para servir en el santua","Y estarán sobre Aarón y sobre sus hijos cuando entren en el tabernáculo del testimonio, o cuando se lleguen al altar para servir en el santuario, porque no lleven pecado, y mueran. Estatuto perpetuo para él, y para su simiente después de él.",tabernaculo,medium,Termino biblico tecnico; normalmente conservar.,,,,
ee0354cab9f32623c60b,OT,EXO,29,4,EXO 29:4,tabernaculo,24,53,64,tabernáculo,Y harás llegar a Aarón y a sus hijos a la puerta del,"del testimonio, y los lavarás con agua.","Y harás llegar a Aarón y a sus hijos a la puerta del tabernáculo del testimonio, y los lavarás con agua.",tabernaculo,medium,Termino biblico tecnico; normalmente conservar.,,,,
75225d9c45959a6bb664,OT,EXO,29,10,EXO 29:10,tabernaculo,25,38,49,tabernáculo,Y harás llegar el becerro delante del,"del testimonio, y Aarón y sus hijos pondrán sus manos sobre la cabeza","Y harás llegar el becerro delante del tabernáculo del testimonio, y Aarón y sus hijos pondrán sus manos sobre la cabeza del becerro.",tabernaculo,medium,Termino biblico tecnico; normalmente conservar.,,,,
de45fb8e6ab525686687,OT,EXO,29,11,EXO 29:11,tabernaculo,26,55,66,tabernáculo,Y matarás el becerro delante de Jehová a la puerta del,del testimonio.,Y matarás el becerro delante de Jehová a la puerta del tabernáculo del testimonio.,tabernaculo,medium,Termino biblico tecnico; normalmente conservar.,,,,
db280b85f14df75c692e,OT,EXO,29,18,EXO 29:18,holocausto,12,46,56,holocausto,Y quemarás todo el carnero sobre el altar: es,"a Jehová, olor grato, es ofrenda quemada a Jehová.","Y quemarás todo el carnero sobre el altar: es holocausto a Jehová, olor grato, es ofrenda quemada a Jehová.",holocausto,high,Termino tecnico sacrificial; puede conservarse.,,,,
a6aae01b30407bf0cabb,OT,EXO,29,25,EXO 29:25,holocausto,13,68,78,holocausto,"Después lo tomarás de sus manos, y lo harás arder sobre el altar en",", por olor agradable delante de Jehová. Es ofrenda encendida a Jehová.","Después lo tomarás de sus manos, y lo harás arder sobre el altar en holocausto, por olor agradable delante de Jehová. Es ofrenda encendida a Jehová.",holocausto,high,Termino tecnico sacrificial; puede conservarse.,,,,
dab49da92f53572a32a5,OT,EXO,29,28,EXO 29:28,estatuto,8,39,47,estatuto,Y será para Aarón y para sus hijos por,"perpetuo de los hijos de Israel, porque es porción elevada; y será to","Y será para Aarón y para sus hijos por estatuto perpetuo de los hijos de Israel, porque es porción elevada; y será tomada de los hijos de Israel de sus sacrificios pacíficos, porción de ellos elevada en ofrenda a Jehová.",estatuto,medium,Puede conservarse como termino legal.,,,,
01345298f99ed425348e,OT,EXO,29,30,EXO 29:30,tabernaculo,27,79,90,tabernáculo,"días las vestirá el sacerdote de sus hijos, que en su lugar venga al",del testimonio a servir en el santuario.,"Por siete días las vestirá el sacerdote de sus hijos, que en su lugar venga al tabernáculo del testimonio a servir en el santuario.",tabernaculo,medium,Termino biblico tecnico; normalmente conservar.,,,,
1f652b276befe935da91,OT,EXO,29,32,EXO 29:32,tabernaculo,28,102,113,tabernáculo,"arne del carnero, y el pan que está en el canastillo, a la puerta del",del testimonio.,"Y Aarón y sus hijos comerán la carne del carnero, y el pan que está en el canastillo, a la puerta del tabernáculo del testimonio.",tabernaculo,medium,Termino biblico tecnico; normalmente conservar.,,,,
b97b47affb0543270a28,OT,EXO,29,42,EXO 29:42,holocausto,14,10,20,holocausto,Esto será,continuo por sus generaciones a la puerta del tabernáculo del testimo,"Esto será holocausto continuo por sus generaciones a la puerta del tabernáculo del testimonio delante de Jehová, en el cual me concertaré con ustedes, para hablarles allí,",holocausto,high,Termino tecnico sacrificial; puede conservarse.,,,,
44f4ab6d1f0704d4c848,OT,EXO,29,42,EXO 29:42,tabernaculo,29,67,78,tabernáculo,Esto será holocausto continuo por sus generaciones a la puerta del,"del testimonio delante de Jehová, en el cual me concertaré con ustede","Esto será holocausto continuo por sus generaciones a la puerta del tabernáculo del testimonio delante de Jehová, en el cual me concertaré con ustedes, para hablarles allí,",tabernaculo,medium,Termino biblico tecnico; normalmente conservar.,,,,
32b3da3268d2acaf3174,OT,EXO,29,44,EXO 29:44,tabernaculo,30,17,28,tabernáculo,Y santificaré el,del testimonio y el altar: santificaré asimismo a Aarón y a sus hijos,"Y santificaré el tabernáculo del testimonio y el altar: santificaré asimismo a Aarón y a sus hijos, para que sean mis sacerdotes.",tabernaculo,medium,Termino biblico tecnico; normalmente conservar.,,,,
83455bf820a3f8c5df14,OT,EXO,30,9,EXO 30:9,holocausto,15,44,54,holocausto,"No ofrecerán sobre él sahumerio extraño, ni",", ni presente; ni tampoco derramarán sobre él libación.","No ofrecerán sobre él sahumerio extraño, ni holocausto, ni presente; ni tampoco derramarán sobre él libación.",holocausto,high,Termino tecnico sacrificial; puede conservarse.,,,,
a95bdc477a49c3a671a9,OT,EXO,30,9,EXO 30:9,presente,13,59,67,presente,"No ofrecerán sobre él sahumerio extraño, ni holocausto, ni",; ni tampoco derramarán sobre él libación.,"No ofrecerán sobre él sahumerio extraño, ni holocausto, ni presente; ni tampoco derramarán sobre él libación.",ofrenda,high,"Puede ser regalo, ofrenda o presencia.",,,,
e6128a6127274287d5a4,OT,EXO,30,16,EXO 30:16,tabernaculo,31,91,102,tabernáculo,"s de Israel el dinero de las expiaciones, y lo darás para la obra del",del testimonio: y será por memoria a los hijos de Israel delante de J,"Y tomarás de los hijos de Israel el dinero de las expiaciones, y lo darás para la obra del tabernáculo del testimonio: y será por memoria a los hijos de Israel delante de Jehová, para expiar sus personas.",tabernaculo,medium,Termino biblico tecnico; normalmente conservar.,,,,
f44ceb7cbf6f5f43de5d,OT,EXO,30,18,EXO 30:18,tabernaculo,32,96,107,tabernáculo,"e metal, con su basa de metal, para lavar; y la has de poner entre el",del testimonio y el altar; y pondrás en ella agua.,"Harás también una fuente de metal, con su basa de metal, para lavar; y la has de poner entre el tabernáculo del testimonio y el altar; y pondrás en ella agua.",tabernaculo,medium,Termino biblico tecnico; normalmente conservar.,,,,
5a14a400fefefdeb70e9,OT,EXO,30,20,EXO 30:20,tabernaculo,33,20,31,tabernáculo,Cuando entren en el,"del testimonio, se han de lavar con agua, y no morirán: y cuando se l","Cuando entren en el tabernáculo del testimonio, se han de lavar con agua, y no morirán: y cuando se lleguen al altar para ministrar, para encender a Jehová la ofrenda que se ha de consumir al fuego,",tabernaculo,medium,Termino biblico tecnico; normalmente conservar.,,,,
132ce4141078487c697d,OT,EXO,30,21,EXO 30:21,simiente,53,98,106,simiente,"y los pies, y no morirán. Y lo tendrán por estatuto perpetuo él y su",por sus generaciones.,"También se lavarán las manos y los pies, y no morirán. Y lo tendrán por estatuto perpetuo él y su simiente por sus generaciones.",descendencia,high,Termino teologico; revisar promesas y genealogias.,,,,
1c6bab2a31f8e8f115a7,OT,EXO,30,21,EXO 30:21,estatuto,9,72,80,estatuto,"mbién se lavarán las manos y los pies, y no morirán. Y lo tendrán por",perpetuo él y su simiente por sus generaciones.,"También se lavarán las manos y los pies, y no morirán. Y lo tendrán por estatuto perpetuo él y su simiente por sus generaciones.",estatuto,medium,Puede conservarse como termino legal.,,,,
dd1c898c7ed28a1a5954,OT,EXO,30,26,EXO 30:26,tabernaculo,34,18,29,tabernáculo,Con él ungirás el,"del testimonio, y el arca del testimonio,","Con él ungirás el tabernáculo del testimonio, y el arca del testimonio,",tabernaculo,medium,Termino biblico tecnico; normalmente conservar.,,,,
1bf9249bd79ebbb461a2,OT,EXO,30,28,EXO 30:28,holocausto,16,15,25,holocausto,Y el altar del,", todos sus vasos, y la fuente y su basa.","Y el altar del holocausto, todos sus vasos, y la fuente y su basa.",holocausto,high,Termino tecnico sacrificial; puede conservarse.,,,,
7f35ed6056be931ce620,OT,EXO,30,36,EXO 30:36,tabernaculo,35,83,94,tabernáculo,"una de ella pulverizándola, y la pondrás delante del testimonio en el","del testimonio, donde yo te testificaré de mí. Les será cosa santísim","Y molerás alguna de ella pulverizándola, y la pondrás delante del testimonio en el tabernáculo del testimonio, donde yo te testificaré de mí. Les será cosa santísima.",tabernaculo,medium,Termino biblico tecnico; normalmente conservar.,,,,
697662c7bc2d5f205d47,OT,EXO,31,7,EXO 31:7,tabernaculo,36,3,14,tabernáculo,El,"del testimonio, y el arca del testimonio, y la cubierta que está sobr","El tabernáculo del testimonio, y el arca del testimonio, y la cubierta que está sobre ella, y todos los vasos del tabernáculo;",tabernaculo,medium,Termino biblico tecnico; normalmente conservar.,,,,
89fbce28c7333cff041e,OT,EXO,31,7,EXO 31:7,tabernaculo,37,114,125,tabernáculo,"testimonio, y la cubierta que está sobre ella, y todos los vasos del",;,"El tabernáculo del testimonio, y el arca del testimonio, y la cubierta que está sobre ella, y todos los vasos del tabernáculo;",tabernaculo,medium,Termino biblico tecnico; normalmente conservar.,,,,
a3e6b9fd3b6bc45aa0b1,OT,EXO,31,9,EXO 31:9,holocausto,17,15,25,holocausto,Y el altar del,"y todos sus vasos, y la fuente y su basa;","Y el altar del holocausto y todos sus vasos, y la fuente y su basa;",holocausto,high,Termino tecnico sacrificial; puede conservarse.,,,,
a0a13e6bb6b810d5db85,OT,EXO,32,6,EXO 32:6,holocausto,18,44,55,holocaustos,"Y el día siguiente madrugaron, y ofrecieron",", y presentaron pacíficos: y sentóse el pueblo a comer y a beber, y le","Y el día siguiente madrugaron, y ofrecieron holocaustos, y presentaron pacíficos: y sentóse el pueblo a comer y a beber, y levantáronse a regocijarse.",holocausto,high,Termino tecnico sacrificial; puede conservarse.,,,,
5b041474e196f58509b1,OT,EXO,32,13,EXO 32:13,simiente,54,127,135,simiente,"a los cuales has jurado por ti mismo, y dícholes: Yo multiplicaré su",como las estrellas del cielo; y daré a su simiente toda esta tierra q,"Acuérdate de Abraham, de Isaac, y de Israel, tus siervos, a los cuales has jurado por ti mismo, y dícholes: Yo multiplicaré su simiente como las estrellas del cielo; y daré a su simiente toda esta tierra que he dicho, y la tomarán por heredad para siempre.",descendencia,high,Termino teologico; revisar promesas y genealogias.,,,,
fdfa589d7e6abc38a301,OT,EXO,32,13,EXO 32:13,simiente,55,178,186,simiente,Yo multiplicaré su simiente como las estrellas del cielo; y daré a su,"toda esta tierra que he dicho, y la tomarán por heredad para siempre.","Acuérdate de Abraham, de Isaac, y de Israel, tus siervos, a los cuales has jurado por ti mismo, y dícholes: Yo multiplicaré su simiente como las estrellas del cielo; y daré a su simiente toda esta tierra que he dicho, y la tomarán por heredad para siempre.",descendencia,high,Termino teologico; revisar promesas y genealogias.,,,,
a7124ca84b2525570f2a,OT,EXO,33,1,EXO 33:1,simiente,56,163,171,simiente,"a la tierra de la cual juré a Abraham, Isaac, y Jacob, diciendo: A tu",la daré:,"Y Jehová dijo a Moisés: Ve, sube de aquí, tú y el pueblo que sacaste de la tierra de Egipto, a la tierra de la cual juré a Abraham, Isaac, y Jacob, diciendo: A tu simiente la daré:",descendencia,high,Termino teologico; revisar promesas y genealogias.,,,,
1f76748a04ea6ffd8b4a,OT,EXO,33,7,EXO 33:7,tabernaculo,38,17,28,tabernáculo,Y Moisés tomó el,", y extendiólo fuera del campo, lejos del campo, y llamólo el Tabernác","Y Moisés tomó el tabernáculo, y extendiólo fuera del campo, lejos del campo, y llamólo el Tabernáculo del Testimonio. Y fue, que cualquiera que requería a Jehová, salía al tabernáculo del testimonio, que estaba fuera del campo.",tabernaculo,medium,Termino biblico tecnico; normalmente conservar.,,,,
eaa2ae3d14843dad92cf,OT,EXO,33,7,EXO 33:7,tabernaculo,39,90,101,Tabernáculo,"ernáculo, y extendiólo fuera del campo, lejos del campo, y llamólo el","del Testimonio. Y fue, que cualquiera que requería a Jehová, salía al","Y Moisés tomó el tabernáculo, y extendiólo fuera del campo, lejos del campo, y llamólo el Tabernáculo del Testimonio. Y fue, que cualquiera que requería a Jehová, salía al tabernáculo del testimonio, que estaba fuera del campo.",tabernaculo,medium,Termino biblico tecnico; normalmente conservar.,,,,
6dfa8df4a3224532d34e,OT,EXO,33,7,EXO 33:7,tabernaculo,40,172,183,tabernáculo,"del Testimonio. Y fue, que cualquiera que requería a Jehová, salía al","del testimonio, que estaba fuera del campo.","Y Moisés tomó el tabernáculo, y extendiólo fuera del campo, lejos del campo, y llamólo el Tabernáculo del Testimonio. Y fue, que cualquiera que requería a Jehová, salía al tabernáculo del testimonio, que estaba fuera del campo.",tabernaculo,medium,Termino biblico tecnico; normalmente conservar.,,,,
f12d59ba740b27d86173,OT,EXO,33,8,EXO 33:8,tabernaculo,41,38,49,tabernáculo,"Y sucedía que, cuando salía Moisés al",", todo el pueblo se levantaba, y estaba cada cual en pie a la puerta d","Y sucedía que, cuando salía Moisés al tabernáculo, todo el pueblo se levantaba, y estaba cada cual en pie a la puerta de su tienda, y miraban en pos de Moisés, hasta que él entraba en el tabernáculo.",tabernaculo,medium,Termino biblico tecnico; normalmente conservar.,,,,
4c9198ffcf2b2dcefc2c,OT,EXO,33,8,EXO 33:8,tabernaculo,42,187,198,tabernáculo,"de su tienda, y miraban en pos de Moisés, hasta que él entraba en el",.,"Y sucedía que, cuando salía Moisés al tabernáculo, todo el pueblo se levantaba, y estaba cada cual en pie a la puerta de su tienda, y miraban en pos de Moisés, hasta que él entraba en el tabernáculo.",tabernaculo,medium,Termino biblico tecnico; normalmente conservar.,,,,
c435f9316a6860393506,OT,EXO,33,9,EXO 33:9,tabernaculo,43,30,41,tabernáculo,Y cuando Moisés entraba en el,", la columna de nube descendía, y poníase a la puerta del tabernáculo,","Y cuando Moisés entraba en el tabernáculo, la columna de nube descendía, y poníase a la puerta del tabernáculo, y Jehová hablaba con Moisés.",tabernaculo,medium,Termino biblico tecnico; normalmente conservar.,,,,
ebbdba4b78bf7793e08e,OT,EXO,33,9,EXO 33:9,tabernaculo,44,99,110,tabernáculo,"tabernáculo, la columna de nube descendía, y poníase a la puerta del",", y Jehová hablaba con Moisés.","Y cuando Moisés entraba en el tabernáculo, la columna de nube descendía, y poníase a la puerta del tabernáculo, y Jehová hablaba con Moisés.",tabernaculo,medium,Termino biblico tecnico; normalmente conservar.,,,,
f792a679b63bc25998e3,OT,EXO,33,10,EXO 33:10,tabernaculo,45,74,85,tabernáculo,"endo todo el pueblo la columna de la nube, que estaba a la puerta del",", levantábase todo el pueblo, cada uno a la puerta de su tienda, y ado","Y viendo todo el pueblo la columna de la nube, que estaba a la puerta del tabernáculo, levantábase todo el pueblo, cada uno a la puerta de su tienda, y adoraba.",tabernaculo,medium,Termino biblico tecnico; normalmente conservar.,,,,
dfa6e7418434a318b99c,OT,EXO,33,11,EXO 33:11,tabernaculo,46,177,188,tabernáculo,"oven Josué, su criado, hijo de Nun, nunca se apartaba de en medio del",.,"Y hablaba Jehová a Moisés cara a cara, como habla cualquiera a su compañero. Y volvíase al campo; pero el joven Josué, su criado, hijo de Nun, nunca se apartaba de en medio del tabernáculo.",tabernaculo,medium,Termino biblico tecnico; normalmente conservar.,,,,
2d3ca48d1cde5ee4b4aa,OT,EXO,33,19,EXO 33:19,respondiole,4,2,13,respondióle,Y,": Yo haré pasar todo mi bien delante de tu rostro, y proclamaré el nom","Y respondióle: Yo haré pasar todo mi bien delante de tu rostro, y proclamaré el nombre de Jehová delante de ti; y tendré misericordia del que tendré misericordia, y seré clemente para con el que seré clemente.",le respondio,low,Forma enclitica arcaica.,Codex-assisted,replace,le respondió,Modernización de forma enclítica arcaica.
b1cd6279e7b65daf1f54,OT,EXO,35,11,EXO 35:11,tabernaculo,47,3,14,tabernáculo,El,", su tienda, y su cubierta, y sus anillos, y sus tablas, sus barras, s","El tabernáculo, su tienda, y su cubierta, y sus anillos, y sus tablas, sus barras, sus columnas, y sus basas;",tabernaculo,medium,Termino biblico tecnico; normalmente conservar.,,,,
71429733d746fc30ae68,OT,EXO,35,15,EXO 35:15,tabernaculo,48,135,146,tabernáculo,"el perfume aromático, y el pabellón de la puerta, para la entrada del",;,"Y el altar del perfume, y sus varas, y el aceite de la unción, y el perfume aromático, y el pabellón de la puerta, para la entrada del tabernáculo;",tabernaculo,medium,Termino biblico tecnico; normalmente conservar.,,,,
ce8774be21060409e895,OT,EXO,35,16,EXO 35:16,holocausto,19,13,23,holocausto,El altar del,", y su enrejado de metal, y sus varas, y todos sus vasos, y la fuente","El altar del holocausto, y su enrejado de metal, y sus varas, y todos sus vasos, y la fuente con su basa;",holocausto,high,Termino tecnico sacrificial; puede conservarse.,,,,
9865e40c817a6b76b066,OT,EXO,35,18,EXO 35:18,tabernaculo,49,16,27,tabernáculo,Las estacas del,", y las estacas del atrio, y sus cuerdas;","Las estacas del tabernáculo, y las estacas del atrio, y sus cuerdas;",tabernaculo,medium,Termino biblico tecnico; normalmente conservar.,,,,
d66819b4db18e1b4ad04,OT,EXO,35,21,EXO 35:21,tabernaculo,50,142,153,tabernáculo,"spíritu le dio voluntad, y trajeron ofrenda a Jehová para la obra del","del testimonio, y para toda su fábrica, y para las sagradas vestidura","Y vino todo varón a quien su corazón estimuló, y todo aquel a quien su espíritu le dio voluntad, y trajeron ofrenda a Jehová para la obra del tabernáculo del testimonio, y para toda su fábrica, y para las sagradas vestiduras.",tabernaculo,medium,Termino biblico tecnico; normalmente conservar.,,,,
5544925fe33775cd6436,OT,EXO,36,8,EXO 36:8,tabernaculo,51,72,83,tabernáculo,"todos los sabios de corazón entre los que hacían la obra, hicieron el","de diez cortinas, de lino torcido, y de jacinto, y de púrpura y carme","Y todos los sabios de corazón entre los que hacían la obra, hicieron el tabernáculo de diez cortinas, de lino torcido, y de jacinto, y de púrpura y carmesí; las cuales hicieron de obra prima, con querubines.",tabernaculo,medium,Termino biblico tecnico; normalmente conservar.,,,,
8b055babbe61016a066f,OT,EXO,36,13,EXO 36:13,tabernaculo,52,108,119,tabernáculo,"o, con los cuales juntó las cortinas, la una con la otra; e hízose un",.,"Hizo también cincuenta corchetes de oro, con los cuales juntó las cortinas, la una con la otra; e hízose un tabernáculo.",tabernaculo,medium,Termino biblico tecnico; normalmente conservar.,,,,
0e162b26f1a8dc6f54a2,OT,EXO,36,14,EXO 36:14,tabernaculo,53,65,76,tabernáculo,Hizo asimismo cortinas de pelo de cabras para la tienda sobre el,", e hízolas en número de once.","Hizo asimismo cortinas de pelo de cabras para la tienda sobre el tabernáculo, e hízolas en número de once.",tabernaculo,medium,Termino biblico tecnico; normalmente conservar.,,,,
831fe6a08438c90bdd56,OT,EXO,36,18,EXO 36:18,fuese,18,77,82,fuese,"mbién cincuenta corchetes de metal para juntar la tienda, de modo que",una.,"Hizo también cincuenta corchetes de metal para juntar la tienda, de modo que fuese una.",se fue,medium,Puede requerir ajustar la frase completa.,,,,
af2d53a7298fe3fa849f,OT,EXO,36,20,EXO 36:20,tabernaculo,54,31,42,tabernáculo,Además hizo las tablas para el,"de madera de Sittim, para estar derechas.","Además hizo las tablas para el tabernáculo de madera de Sittim, para estar derechas.",tabernaculo,medium,Termino biblico tecnico; normalmente conservar.,,,,
95b53171c1beb1a485ed,OT,EXO,36,22,EXO 36:22,tabernaculo,55,97,108,tabernáculo,s enclavijados el uno delante del otro: así hizo todas las tablas del,.,Cada tabla tenía dos quicios enclavijados el uno delante del otro: así hizo todas las tablas del tabernáculo.,tabernaculo,medium,Termino biblico tecnico; normalmente conservar.,,,,
0463f7aff439eac39e51,OT,EXO,36,23,EXO 36:23,tabernaculo,56,31,42,tabernáculo,"Hizo, pues, las tablas para el",": veinte tablas al lado del austro, al mediodía.","Hizo, pues, las tablas para el tabernáculo: veinte tablas al lado del austro, al mediodía.",tabernaculo,medium,Termino biblico tecnico; normalmente conservar.,,,,
cca723255886f9e39b93,OT,EXO,36,25,EXO 36:25,tabernaculo,57,24,35,tabernáculo,Y para el otro lado del,", a la parte del aquilón, hizo veinte tablas,","Y para el otro lado del tabernáculo, a la parte del aquilón, hizo veinte tablas,",tabernaculo,medium,Termino biblico tecnico; normalmente conservar.,,,,
d1bd808c8a4ba38c8e9a,OT,EXO,36,27,EXO 36:27,tabernaculo,58,30,41,tabernáculo,Y para el lado occidental del,hizo seis tablas.,Y para el lado occidental del tabernáculo hizo seis tablas.,tabernaculo,medium,Termino biblico tecnico; normalmente conservar.,,,,
142e3f385b74e560ffa7,OT,EXO,36,28,EXO 36:28,tabernaculo,59,22,33,tabernáculo,Para las esquinas del,"en los dos lados hizo dos tablas,","Para las esquinas del tabernáculo en los dos lados hizo dos tablas,",tabernaculo,medium,Termino biblico tecnico; normalmente conservar.,,,,
319ff3489ed532921735,OT,EXO,36,31,EXO 36:31,tabernaculo,60,83,94,tabernáculo,las barras de madera de Sittim; cinco para las tablas del un lado del,",","Hizo también las barras de madera de Sittim; cinco para las tablas del un lado del tabernáculo,",tabernaculo,medium,Termino biblico tecnico; normalmente conservar.,,,,
c536536aa664a2555783,OT,EXO,36,32,EXO 36:32,tabernaculo,61,49,60,tabernáculo,Y cinco barras para las tablas del otro lado del,", y cinco barras para las tablas del lado del tabernáculo a la parte o","Y cinco barras para las tablas del otro lado del tabernáculo, y cinco barras para las tablas del lado del tabernáculo a la parte occidental.",tabernaculo,medium,Termino biblico tecnico; normalmente conservar.,,,,
03433d158c65b5c68d6c,OT,EXO,36,32,EXO 36:32,tabernaculo,62,106,117,tabernáculo,"tro lado del tabernáculo, y cinco barras para las tablas del lado del",a la parte occidental.,"Y cinco barras para las tablas del otro lado del tabernáculo, y cinco barras para las tablas del lado del tabernáculo a la parte occidental.",tabernaculo,medium,Termino biblico tecnico; normalmente conservar.,,,,
b69851db62ff8122bf9c,OT,EXO,36,37,EXO 36:37,tabernaculo,63,40,51,tabernáculo,Hizo también el velo para la puerta del,", de jacinto, y púrpura, y carmesí, y lino torcido, obra de recamador;","Hizo también el velo para la puerta del tabernáculo, de jacinto, y púrpura, y carmesí, y lino torcido, obra de recamador;",tabernaculo,medium,Termino biblico tecnico; normalmente conservar.,,,,
17113bb1fc4da9cafcaa,OT,EXO,38,1,EXO 38:1,holocausto,20,29,39,holocausto,Igualmente hizo el altar del,"de madera de Sittim: su longitud de cinco codos, y su anchura de otro","Igualmente hizo el altar del holocausto de madera de Sittim: su longitud de cinco codos, y su anchura de otros cinco codos, cuadrado, y de tres codos de altura.",holocausto,high,Termino tecnico sacrificial; puede conservarse.,,,,
edef25414aae999c67b8,OT,EXO,38,8,EXO 38:8,tabernaculo,64,105,116,tabernáculo,"n su basa de metal, de los espejos de las que velaban a la puerta del",del testimonio.,"También hizo la fuente de metal, con su basa de metal, de los espejos de las que velaban a la puerta del tabernáculo del testimonio.",tabernaculo,medium,Termino biblico tecnico; normalmente conservar.,,,,
1ada2f228006521bdc91,OT,EXO,38,20,EXO 38:20,tabernaculo,65,24,35,tabernáculo,Y todas las estacas del,y del atrio alrededor fueron de metal.,Y todas las estacas del tabernáculo y del atrio alrededor fueron de metal.,tabernaculo,medium,Termino biblico tecnico; normalmente conservar.,,,,
cd818ba519760c846039,OT,EXO,38,21,EXO 38:21,tabernaculo,66,26,37,tabernáculo,Estas son las cuentas del,", del tabernáculo del testimonio, lo que fue contado de orden de Moisé","Estas son las cuentas del tabernáculo, del tabernáculo del testimonio, lo que fue contado de orden de Moisés por mano de Ithamar, hijo de Aarón sacerdote, para el ministerio de los Levitas.",tabernaculo,medium,Termino biblico tecnico; normalmente conservar.,,,,
954aabb9ddb8881588a4,OT,EXO,38,21,EXO 38:21,tabernaculo,67,43,54,tabernáculo,"Estas son las cuentas del tabernáculo, del","del testimonio, lo que fue contado de orden de Moisés por mano de Ith","Estas son las cuentas del tabernáculo, del tabernáculo del testimonio, lo que fue contado de orden de Moisés por mano de Ithamar, hijo de Aarón sacerdote, para el ministerio de los Levitas.",tabernaculo,medium,Termino biblico tecnico; normalmente conservar.,,,,
3a12e5961db127925a3c,OT,EXO,38,30,EXO 38:30,tabernaculo,68,41,52,tabernáculo,Del cual hizo las basas de la puerta del,"del testimonio, y el altar de metal, y su enrejado de metal, y todos","Del cual hizo las basas de la puerta del tabernáculo del testimonio, y el altar de metal, y su enrejado de metal, y todos los vasos del altar.",tabernaculo,medium,Termino biblico tecnico; normalmente conservar.,,,,
69a0bd4e5a46dfc931e2,OT,EXO,38,31,EXO 38:31,tabernaculo,69,93,104,tabernáculo,"lrededor, y las basas de la puerta del atrio, y todas las estacas del",", y todas las estacas del atrio alrededor.","Y las basas del atrio alrededor, y las basas de la puerta del atrio, y todas las estacas del tabernáculo, y todas las estacas del atrio alrededor.",tabernaculo,medium,Termino biblico tecnico; normalmente conservar.,,,,
5a0f22c877dbd1ea67c0,OT,EXO,39,32,EXO 39:32,tabernaculo,70,31,42,tabernáculo,Y fue acabada toda la obra del,", del tabernáculo del testimonio: e hicieron los hijos de Israel como","Y fue acabada toda la obra del tabernáculo, del tabernáculo del testimonio: e hicieron los hijos de Israel como Jehová lo había mandado a Moisés: así lo hicieron.",tabernaculo,medium,Termino biblico tecnico; normalmente conservar.,,,,
c518ee4b99e35377fcf7,OT,EXO,39,32,EXO 39:32,tabernaculo,71,48,59,tabernáculo,"Y fue acabada toda la obra del tabernáculo, del",del testimonio: e hicieron los hijos de Israel como Jehová lo había m,"Y fue acabada toda la obra del tabernáculo, del tabernáculo del testimonio: e hicieron los hijos de Israel como Jehová lo había mandado a Moisés: así lo hicieron.",tabernaculo,medium,Termino biblico tecnico; normalmente conservar.,,,,
1a1cc4f167a317507eee,OT,EXO,39,33,EXO 39:33,tabernaculo,72,14,25,tabernáculo,Y trajeron el,"a Moisés, el tabernáculo y todos sus vasos; sus corchetes, sus tablas","Y trajeron el tabernáculo a Moisés, el tabernáculo y todos sus vasos; sus corchetes, sus tablas, sus barras, y sus columnas, y sus basas;",tabernaculo,medium,Termino biblico tecnico; normalmente conservar.,,,,
76bc7734af049f3b9925,OT,EXO,39,33,EXO 39:33,tabernaculo,73,39,50,tabernáculo,"Y trajeron el tabernáculo a Moisés, el","y todos sus vasos; sus corchetes, sus tablas, sus barras, y sus colum","Y trajeron el tabernáculo a Moisés, el tabernáculo y todos sus vasos; sus corchetes, sus tablas, sus barras, y sus columnas, y sus basas;",tabernaculo,medium,Termino biblico tecnico; normalmente conservar.,,,,
2c697b00238f1682020c,OT,EXO,39,38,EXO 39:38,tabernaculo,74,102,113,tabernáculo,"e la unción, y el perfume aromático, y el pabellón para la puerta del",;,"Y el altar de oro, y el aceite de la unción, y el perfume aromático, y el pabellón para la puerta del tabernáculo;",tabernaculo,medium,Termino biblico tecnico; normalmente conservar.,,,,
da6d1b6fd7e4e3331716,OT,EXO,39,40,EXO 39:40,tabernaculo,75,158,169,tabernáculo,"rio, y sus cuerdas, y sus estacas, y todos los vasos del servicio del",", del tabernáculo del testimonio;","Las cortinas del atrio, y sus columnas, y sus basas, y el pabellón para la puerta del atrio, y sus cuerdas, y sus estacas, y todos los vasos del servicio del tabernáculo, del tabernáculo del testimonio;",tabernaculo,medium,Termino biblico tecnico; normalmente conservar.,,,,
ef50a2f7d0e3fda4d364,OT,EXO,39,40,EXO 39:40,tabernaculo,76,175,186,tabernáculo,"s, y sus estacas, y todos los vasos del servicio del tabernáculo, del",del testimonio;,"Las cortinas del atrio, y sus columnas, y sus basas, y el pabellón para la puerta del atrio, y sus cuerdas, y sus estacas, y todos los vasos del servicio del tabernáculo, del tabernáculo del testimonio;",tabernaculo,medium,Termino biblico tecnico; normalmente conservar.,,,,
12224cfd985da08d9bad,OT,EXO,40,2,EXO 40:2,tabernaculo,77,51,62,tabernáculo,En el primer día del mes primero harás levantar el,", el tabernáculo del testimonio:","En el primer día del mes primero harás levantar el tabernáculo, el tabernáculo del testimonio:",tabernaculo,medium,Termino biblico tecnico; normalmente conservar.,,,,
0970e24a57d8bd628744,OT,EXO,40,2,EXO 40:2,tabernaculo,78,67,78,tabernáculo,"En el primer día del mes primero harás levantar el tabernáculo, el",del testimonio:,"En el primer día del mes primero harás levantar el tabernáculo, el tabernáculo del testimonio:",tabernaculo,medium,Termino biblico tecnico; normalmente conservar.,,,,
8892dd9a1cdb7c113ea3,OT,EXO,40,5,EXO 40:5,tabernaculo,79,122,133,tabernáculo,"l arca del testimonio, y pondrás el pabellón delante de la puerta del",.,"Y pondrás el altar de oro para el perfume delante del arca del testimonio, y pondrás el pabellón delante de la puerta del tabernáculo.",tabernaculo,medium,Termino biblico tecnico; normalmente conservar.,,,,
09ff0577be179ddfe660,OT,EXO,40,6,EXO 40:6,holocausto,21,29,39,holocausto,Después pondrás el altar del,"delante de la puerta del tabernáculo, del tabernáculo del testimonio.","Después pondrás el altar del holocausto delante de la puerta del tabernáculo, del tabernáculo del testimonio.",holocausto,high,Termino tecnico sacrificial; puede conservarse.,,,,
14b84e4715caef8ad9c1,OT,EXO,40,6,EXO 40:6,tabernaculo,80,65,76,tabernáculo,Después pondrás el altar del holocausto delante de la puerta del,", del tabernáculo del testimonio.","Después pondrás el altar del holocausto delante de la puerta del tabernáculo, del tabernáculo del testimonio.",tabernaculo,medium,Termino biblico tecnico; normalmente conservar.,,,,
858253c7442454564ede,OT,EXO,40,10,EXO 40:10,holocausto,22,29,39,holocausto,Ungirás también el altar del,"y todos sus vasos: y santificarás el altar, y será un altar santísimo","Ungirás también el altar del holocausto y todos sus vasos: y santificarás el altar, y será un altar santísimo.",holocausto,high,Termino tecnico sacrificial; puede conservarse.,,,,
66cdb875ee7e3f6b0efd,OT,EXO,40,29,EXO 40:29,holocausto,23,22,32,holocausto,Y colocó el altar del,"a la puerta del tabernáculo, del tabernáculo del testimonio; y ofreci","Y colocó el altar del holocausto a la puerta del tabernáculo, del tabernáculo del testimonio; y ofreció sobre él holocausto y presente; como Jehová había mandado a Moisés.",holocausto,high,Termino tecnico sacrificial; puede conservarse.,,,,
a3e14763e461ce40ae0b,OT,EXO,40,29,EXO 40:29,holocausto,24,113,123,holocausto,"a del tabernáculo, del tabernáculo del testimonio; y ofreció sobre él",y presente; como Jehová había mandado a Moisés.,"Y colocó el altar del holocausto a la puerta del tabernáculo, del tabernáculo del testimonio; y ofreció sobre él holocausto y presente; como Jehová había mandado a Moisés.",holocausto,high,Termino tecnico sacrificial; puede conservarse.,,,,
46484a7e38962b9d6272,OT,EXO,40,29,EXO 40:29,presente,14,126,134,presente,"culo, del tabernáculo del testimonio; y ofreció sobre él holocausto y",; como Jehová había mandado a Moisés.,"Y colocó el altar del holocausto a la puerta del tabernáculo, del tabernáculo del testimonio; y ofreció sobre él holocausto y presente; como Jehová había mandado a Moisés.",ofrenda,high,"Puede ser regalo, ofrenda o presencia.",,,,
103f73d3faf4d442c620,OT,LEV,1,3,LEV 1:3,holocausto,25,17,27,holocausto,Si su ofrenda es,"de vacas, macho sin tacha lo ofrecerá: de su voluntad lo ofrecerá a l","Si su ofrenda es holocausto de vacas, macho sin tacha lo ofrecerá: de su voluntad lo ofrecerá a la puerta del tabernáculo del testimonio delante de Jehová.",holocausto,high,Termino tecnico sacrificial; puede conservarse.,,,,
232fd28c6cffadcbaac1,OT,LEV,1,4,LEV 1:4,holocausto,26,37,47,holocausto,Y pondrá su mano sobre la cabeza del,; y él lo aceptará para expiarle.,Y pondrá su mano sobre la cabeza del holocausto; y él lo aceptará para expiarle.,holocausto,high,Termino tecnico sacrificial; puede conservarse.,,,,
c96375d145587e5fa8cb,OT,LEV,1,6,LEV 1:6,holocausto,27,15,25,holocausto,Y desollará el,", y lo dividirá en sus piezas.","Y desollará el holocausto, y lo dividirá en sus piezas.",holocausto,high,Termino tecnico sacrificial; puede conservarse.,,,,
e7f09b876f7878c54132,OT,LEV,1,9,LEV 1:9,holocausto,28,95,105,holocausto,estinos y sus piernas: y el sacerdote hará arder todo sobre el altar:,"es, ofrenda encendida de olor suave a Jehová.","Y lavará con agua sus intestinos y sus piernas: y el sacerdote hará arder todo sobre el altar: holocausto es, ofrenda encendida de olor suave a Jehová.",holocausto,high,Termino tecnico sacrificial; puede conservarse.,,,,
342f42efe22c791f5d1f,OT,LEV,1,10,LEV 1:10,holocausto,29,21,31,holocausto,Y si su ofrenda para,"es de ovejas, de los corderos, o de las cabras, macho sin defecto lo","Y si su ofrenda para holocausto es de ovejas, de los corderos, o de las cabras, macho sin defecto lo ofrecerá.",holocausto,high,Termino tecnico sacrificial; puede conservarse.,,,,
0a315eaa03bc6e78870e,OT,LEV,1,13,LEV 1:13,holocausto,30,111,121,holocausto,"gua; y el sacerdote lo ofrecerá todo, y lo hará arder sobre el altar;","es, ofrenda encendida de olor suave a Jehová.","Y lavará sus entrañas y sus piernas con agua; y el sacerdote lo ofrecerá todo, y lo hará arder sobre el altar; holocausto es, ofrenda encendida de olor suave a Jehová.",holocausto,high,Termino tecnico sacrificial; puede conservarse.,,,,
41d005e8d23099e29f60,OT,LEV,1,14,LEV 1:14,holocausto,31,8,18,holocausto,Y si el,"se ha de ofrecer a Jehová de aves, presentará su ofrenda de tórtolas,","Y si el holocausto se ha de ofrecer a Jehová de aves, presentará su ofrenda de tórtolas, o de palominos.",holocausto,high,Termino tecnico sacrificial; puede conservarse.,,,,
6d050ded40129e96b267,OT,LEV,1,17,LEV 1:17,holocausto,32,138,148,holocausto,"e la hará arder sobre el altar, sobre la leña que estará en el fuego;","es, ofrenda encendida de olor suave a Jehová.","Y la henderá por sus alas, pero no la dividirá en dos: y el sacerdote la hará arder sobre el altar, sobre la leña que estará en el fuego; holocausto es, ofrenda encendida de olor suave a Jehová.",holocausto,high,Termino tecnico sacrificial; puede conservarse.,,,,
ff6421fc9bfe88288842,OT,LEV,2,1,LEV 2:1,oblacion,1,32,40,oblación,Y cuando alguna persona ofrezca,"de presente a Jehová, su ofrenda será flor de harina, sobre la cual e","Y cuando alguna persona ofrezca oblación de presente a Jehová, su ofrenda será flor de harina, sobre la cual echará aceite, y pondrá sobre ella incienso:",ofrenda,medium,Termino sacrificial; revisar contexto ritual.,,,,
066de26ec8f5d31b4c8e,OT,LEV,2,1,LEV 2:1,presente,15,44,52,presente,Y cuando alguna persona ofrezca oblación de,"a Jehová, su ofrenda será flor de harina, sobre la cual echará aceite","Y cuando alguna persona ofrezca oblación de presente a Jehová, su ofrenda será flor de harina, sobre la cual echará aceite, y pondrá sobre ella incienso:",ofrenda,high,"Puede ser regalo, ofrenda o presencia.",,,,
f1d4fef92260d14257a7,OT,LEV,2,3,LEV 2:3,presente,16,15,23,presente,Y la sobra del,será de Aarón y de sus hijos: es cosa santísima de las ofrendas que s,Y la sobra del presente será de Aarón y de sus hijos: es cosa santísima de las ofrendas que se queman a Jehová.,ofrenda,high,"Puede ser regalo, ofrenda o presencia.",,,,
76807cfdc10ab34cf554,OT,LEV,2,4,LEV 2:4,presente,17,31,39,presente,Y cuando ofrecieres ofrenda de,"cocida en horno, será de tortas de flor de harina sin levadura, amasa","Y cuando ofrecieres ofrenda de presente cocida en horno, será de tortas de flor de harina sin levadura, amasadas con aceite, y hojaldres sin levadura untadas con aceite.",ofrenda,high,"Puede ser regalo, ofrenda o presencia.",,,,
1bd494ec27186f03549d,OT,LEV,2,5,LEV 2:5,presente,18,11,19,presente,Pero si tu,"es ofrenda de sartén, será de flor de harina sin levadura, amasada co","Pero si tu presente es ofrenda de sartén, será de flor de harina sin levadura, amasada con aceite,",ofrenda,high,"Puede ser regalo, ofrenda o presencia.",,,,
f3e4eb489e69b780a0e5,OT,LEV,2,6,LEV 2:6,presente,19,60,68,presente,"La cual partirás en piezas, y echarás sobre ella aceite: es",.,"La cual partirás en piezas, y echarás sobre ella aceite: es presente.",ofrenda,high,"Puede ser regalo, ofrenda o presencia.",,,,
dfb488fae195af6ad65e,OT,LEV,2,7,LEV 2:7,presente,20,8,16,presente,Y si tu,"es ofrenda cocida en cazuela, se hará de flor de harina con aceite.","Y si tu presente es ofrenda cocida en cazuela, se hará de flor de harina con aceite.",ofrenda,high,"Puede ser regalo, ofrenda o presencia.",,,,
c746c44248e33a952b5d,OT,LEV,2,9,LEV 2:9,presente,21,31,39,presente,Y tomará el sacerdote de aquel,", en memoria del mismo, y lo hará arder sobre el altar; ofrenda encend","Y tomará el sacerdote de aquel presente, en memoria del mismo, y lo hará arder sobre el altar; ofrenda encendida, de suave olor a Jehová.",ofrenda,high,"Puede ser regalo, ofrenda o presencia.",,,,
052d8a00e3b1897c22d5,OT,LEV,2,10,LEV 2:10,presente,22,18,26,presente,Y lo restante del,será de Aarón y de sus hijos: es cosa santísima de las ofrendas que s,Y lo restante del presente será de Aarón y de sus hijos: es cosa santísima de las ofrendas que se queman a Jehová.,ofrenda,high,"Puede ser regalo, ofrenda o presencia.",,,,
bab1780f1696952713b2,OT,LEV,2,11,LEV 2:11,presente,23,7,15,presente,Ningún,"que ofrezcan a Jehová, será con levadura: porque de ninguna cosa leud","Ningún presente que ofrezcan a Jehová, será con levadura: porque de ninguna cosa leuda, ni de ninguna miel, se ha de quemar ofrenda a Jehová.",ofrenda,high,"Puede ser regalo, ofrenda o presencia.",,,,
fed5c250ae6a13fd9f00,OT,LEV,2,13,LEV 2:13,presente,24,31,39,presente,Y sazonarás toda ofrenda de tu,con sal; y no harás que falte jamás de tu presente la sal de la alian,Y sazonarás toda ofrenda de tu presente con sal; y no harás que falte jamás de tu presente la sal de la alianza de tu Dios: en toda ofrenda tuya ofrecerás sal.,ofrenda,high,"Puede ser regalo, ofrenda o presencia.",,,,
8284d1e3e2d60c289da4,OT,LEV,2,13,LEV 2:13,presente,25,82,90,presente,toda ofrenda de tu presente con sal; y no harás que falte jamás de tu,la sal de la alianza de tu Dios: en toda ofrenda tuya ofrecerás sal.,Y sazonarás toda ofrenda de tu presente con sal; y no harás que falte jamás de tu presente la sal de la alianza de tu Dios: en toda ofrenda tuya ofrecerás sal.,ofrenda,high,"Puede ser regalo, ofrenda o presencia.",,,,
91dd517e3e14bb5d3be5,OT,LEV,2,14,LEV 2:14,presente,26,25,33,presente,Y si ofrecieres a Jehová,"de primicias, tostarás al fuego las espigas verdes, y el grano desmen","Y si ofrecieres a Jehová presente de primicias, tostarás al fuego las espigas verdes, y el grano desmenuzado ofrecerás por ofrenda de tus primicias.",ofrenda,high,"Puede ser regalo, ofrenda o presencia.",,,,
c0ff3ac1d0bdc11d3366,OT,LEV,2,15,LEV 2:15,presente,27,63,71,presente,"Y pondrás sobre ella aceite, y pondrás sobre ella incienso: es",.,"Y pondrás sobre ella aceite, y pondrás sobre ella incienso: es presente.",ofrenda,high,"Puede ser regalo, ofrenda o presencia.",,,,
c2ded641de3b52183fa5,OT,LEV,3,5,LEV 3:5,holocausto,33,60,70,holocausto,"Y los hijos de Aarón harán arder esto en el altar, sobre el",que estará sobre la leña que habrá encima del fuego; es ofrenda de ol,"Y los hijos de Aarón harán arder esto en el altar, sobre el holocausto que estará sobre la leña que habrá encima del fuego; es ofrenda de olor suave a Jehová.",holocausto,high,Termino tecnico sacrificial; puede conservarse.,,,,
c842610a07b86fac32cc,OT,LEV,3,17,LEV 3:17,estatuto,10,0,8,Estatuto,,"perpetuo por sus edades; en todas sus moradas, ningún sebo ni ninguna","Estatuto perpetuo por sus edades; en todas sus moradas, ningún sebo ni ninguna sangre comerán.",estatuto,medium,Puede conservarse como termino legal.,,,,
ea21ed880b416f14c11d,OT,LEV,4,7,LEV 4:7,holocausto,34,204,214,holocausto,e de Jehová: y echará toda la sangre del becerro al pie del altar del,", que está a la puerta del tabernáculo del testimonio.","Y pondrá el sacerdote de la sangre sobre los cuernos del altar del perfume aromático, que está en el tabernáculo del testimonio delante de Jehová: y echará toda la sangre del becerro al pie del altar del holocausto, que está a la puerta del tabernáculo del testimonio.",holocausto,high,Termino tecnico sacrificial; puede conservarse.,,,,
8567f1f2815a48fa910f,OT,LEV,4,10,LEV 4:10,holocausto,35,112,122,holocausto,rificio de las paces: y el sacerdote lo hará arder sobre el altar del,.,De la manera que se quita del buey del sacrificio de las paces: y el sacerdote lo hará arder sobre el altar del holocausto.,holocausto,high,Termino tecnico sacrificial; puede conservarse.,,,,
5324f676398992040b3a,OT,LEV,4,18,LEV 4:18,holocausto,36,164,174,holocausto,"áculo del testimonio, y derramará toda la sangre al pie del altar del",", que está a la puerta del tabernáculo del testimonio.","Y de aquella sangre pondrá sobre los cuernos del altar que está delante de Jehová en el tabernáculo del testimonio, y derramará toda la sangre al pie del altar del holocausto, que está a la puerta del tabernáculo del testimonio.",holocausto,high,Termino tecnico sacrificial; puede conservarse.,,,,
28ab6b6b4d750a884bca,OT,LEV,4,24,LEV 4:24,holocausto,37,99,109,holocausto,"eza del macho cabrío, y lo degollará en el lugar donde se degüella el",delante de Jehová; es expiación.,"Y pondrá su mano sobre la cabeza del macho cabrío, y lo degollará en el lugar donde se degüella el holocausto delante de Jehová; es expiación.",holocausto,high,Termino tecnico sacrificial; puede conservarse.,,,,
6f292408c04eea72953b,OT,LEV,4,25,LEV 4:25,holocausto,38,105,115,holocausto,"e la sangre de la expiación, y pondrá sobre los cuernos del altar del",", y derramará la sangre al pie del altar del holocausto:","Y tomará el sacerdote con su dedo de la sangre de la expiación, y pondrá sobre los cuernos del altar del holocausto, y derramará la sangre al pie del altar del holocausto:",holocausto,high,Termino tecnico sacrificial; puede conservarse.,,,,
db009ab45405f9715629,OT,LEV,4,25,LEV 4:25,holocausto,39,160,170,holocausto,"del altar del holocausto, y derramará la sangre al pie del altar del",:,"Y tomará el sacerdote con su dedo de la sangre de la expiación, y pondrá sobre los cuernos del altar del holocausto, y derramará la sangre al pie del altar del holocausto:",holocausto,high,Termino tecnico sacrificial; puede conservarse.,,,,
eeee15e73190a6be593d,OT,LEV,4,29,LEV 4:29,holocausto,40,81,91,holocausto,"mano sobre la cabeza de la expiación, y la degollará en el lugar del",.,"Y pondrá su mano sobre la cabeza de la expiación, y la degollará en el lugar del holocausto.",holocausto,high,Termino tecnico sacrificial; puede conservarse.,,,,
238be20fed6ef498473f,OT,LEV,4,30,LEV 4:30,holocausto,41,92,102,holocausto,"ote en su dedo de su sangre, y pondrá sobre los cuernos del altar del",", y derramará toda su sangre al pie del altar:","Luego tomará el sacerdote en su dedo de su sangre, y pondrá sobre los cuernos del altar del holocausto, y derramará toda su sangre al pie del altar:",holocausto,high,Termino tecnico sacrificial; puede conservarse.,,,,
2bab1f971ced07e37626,OT,LEV,4,33,LEV 4:33,holocausto,42,112,122,holocausto,"iación, y la degollará por expiación en el lugar donde se degüella el",.,"Y pondrá su mano sobre la cabeza de la expiación, y la degollará por expiación en el lugar donde se degüella el holocausto.",holocausto,high,Termino tecnico sacrificial; puede conservarse.,,,,
c7d976bab16e9cb17402,OT,LEV,4,34,LEV 4:34,holocausto,43,111,121,holocausto,"e la sangre de la expiación, y pondrá sobre los cuernos del altar del",; y derramará toda la sangre al pie del altar:,"Después tomará el sacerdote con su dedo de la sangre de la expiación, y pondrá sobre los cuernos del altar del holocausto; y derramará toda la sangre al pie del altar:",holocausto,high,Termino tecnico sacrificial; puede conservarse.,,,,
0ca50fab5b4ed8552218,OT,LEV,5,7,LEV 5:7,holocausto,44,160,170,holocausto,"tolas o dos palominos a Jehová; el uno para expiación, y el otro para",.,"Y si no le alcanza para un cordero, traerá en expiación por su pecado que cometió, dos tórtolas o dos palominos a Jehová; el uno para expiación, y el otro para holocausto.",holocausto,high,Termino tecnico sacrificial; puede conservarse.,,,,
e184d6d6006fd18c1d5a,OT,LEV,5,10,LEV 5:10,holocausto,45,16,26,holocausto,Y del otro hará,conforme al rito; y hará por él el sacerdote expiación de su pecado q,"Y del otro hará holocausto conforme al rito; y hará por él el sacerdote expiación de su pecado que cometió, y será perdonado.",holocausto,high,Termino tecnico sacrificial; puede conservarse.,,,,
bd17028a87c59ef0fd77,OT,LEV,5,13,LEV 5:13,presente,28,148,156,presente,"as cosas, y será perdonado; y el sobrante será del sacerdote, como el",de vianda.,"Y hará el sacerdote expiación por él de su pecado que cometió en alguna de estas cosas, y será perdonado; y el sobrante será del sacerdote, como el presente de vianda.",ofrenda,high,"Puede ser regalo, ofrenda o presencia.",,,,
7cca8f733c84681b1a0a,OT,LEV,6,9,LEV 6:9,holocausto,46,57,67,holocausto,Manda a Aarón y a sus hijos diciendo: Esta es la ley del,": (es holocausto, porque se quema sobre el altar toda la noche hasta l","Manda a Aarón y a sus hijos diciendo: Esta es la ley del holocausto: (es holocausto, porque se quema sobre el altar toda la noche hasta la mañana, y el fuego del altar arderá en él:)",holocausto,high,Termino tecnico sacrificial; puede conservarse.,,,,
5f195cae0403f2c5d2c4,OT,LEV,6,9,LEV 6:9,holocausto,47,73,83,holocausto,da a Aarón y a sus hijos diciendo: Esta es la ley del holocausto: (es,", porque se quema sobre el altar toda la noche hasta la mañana, y el f","Manda a Aarón y a sus hijos diciendo: Esta es la ley del holocausto: (es holocausto, porque se quema sobre el altar toda la noche hasta la mañana, y el fuego del altar arderá en él:)",holocausto,high,Termino tecnico sacrificial; puede conservarse.,,,,
13d295fcffbfe371ccd5,OT,LEV,6,10,LEV 6:10,holocausto,48,127,137,holocausto,á pañetes de lino sobre su carne; y cuando el fuego haya consumido el,", apartará él las cenizas de sobre el altar, y pondrálas junto al alta","El sacerdote se pondrá su vestimenta de lino, y se vestirá pañetes de lino sobre su carne; y cuando el fuego haya consumido el holocausto, apartará él las cenizas de sobre el altar, y pondrálas junto al altar.",holocausto,high,Termino tecnico sacrificial; puede conservarse.,,,,
ea43fde486e814f566f6,OT,LEV,6,12,LEV 6:12,holocausto,49,132,142,holocausto,"e el sacerdote pondrá en él leña cada mañana, y acomodará sobre él el",", y quemará sobre él los sebos de las paces.","Y el fuego encendido sobre el altar no ha de apagarse, sino que el sacerdote pondrá en él leña cada mañana, y acomodará sobre él el holocausto, y quemará sobre él los sebos de las paces.",holocausto,high,Termino tecnico sacrificial; puede conservarse.,,,,
4373377936cc4b4abcc7,OT,LEV,6,14,LEV 6:14,presente,29,21,29,presente,Y esta es la ley del,": Han de ofrecerlo los hijos de Aarón delante de Jehová, delante del a","Y esta es la ley del presente: Han de ofrecerlo los hijos de Aarón delante de Jehová, delante del altar.",ofrenda,high,"Puede ser regalo, ofrenda o presencia.",,,,
3a1c3cd23ae8f6584f17,OT,LEV,6,15,LEV 6:15,presente,30,50,58,presente,Y tomará de él un puñado de la flor de harina del,", y de su aceite, y todo el incienso que está sobre el presente, y lo","Y tomará de él un puñado de la flor de harina del presente, y de su aceite, y todo el incienso que está sobre el presente, y lo hará arder sobre el altar por memoria, en olor suavísimo a Jehová.",ofrenda,high,"Puede ser regalo, ofrenda o presencia.",,,,
f680c608b62d233b1a6f,OT,LEV,6,15,LEV 6:15,presente,31,113,121,presente,"na del presente, y de su aceite, y todo el incienso que está sobre el",", y lo hará arder sobre el altar por memoria, en olor suavísimo a Jeho","Y tomará de él un puñado de la flor de harina del presente, y de su aceite, y todo el incienso que está sobre el presente, y lo hará arder sobre el altar por memoria, en olor suavísimo a Jehová.",ofrenda,high,"Puede ser regalo, ofrenda o presencia.",,,,
7f3757ac81c65c34d05e,OT,LEV,6,18,LEV 6:18,estatuto,11,57,65,Estatuto,Todos los varones de los hijos de Aarón comerán de ella.,perpetuo será para sus generaciones tocante a las ofrendas encendidas,Todos los varones de los hijos de Aarón comerán de ella. Estatuto perpetuo será para sus generaciones tocante a las ofrendas encendidas de Jehová: toda cosa que toque en ellas será santificada.,estatuto,medium,Puede conservarse como termino legal.,,,,
1c812cfe6e3336736b33,OT,LEV,6,20,LEV 6:20,presente,32,139,147,presente,"día que serán ungidos: la décima parte de un epha de flor de harina,","perpetuo, la mitad a la mañana y la mitad a la tarde.","Esta es la ofrenda de Aarón y de sus hijos, que ofrecerán a Jehová el día que serán ungidos: la décima parte de un epha de flor de harina, presente perpetuo, la mitad a la mañana y la mitad a la tarde.",ofrenda,high,"Puede ser regalo, ofrenda o presencia.",,,,
906f8633dded49066562,OT,LEV,6,21,LEV 6:21,presente,33,79,87,presente,"se aderezará con aceite; frita la traerás, y los pedazos cocidos del",ofrecerás a Jehová en olor de suavidad.,"En sartén se aderezará con aceite; frita la traerás, y los pedazos cocidos del presente ofrecerás a Jehová en olor de suavidad.",ofrenda,high,"Puede ser regalo, ofrenda o presencia.",,,,
42ed3393965265795ea0,OT,LEV,6,22,LEV 6:22,estatuto,12,85,93,estatuto,"que en lugar de Aarón sea ungido de entre sus hijos, hará la ofrenda;",perpetuo de Jehová: toda ella será quemada.,"Y el sacerdote que en lugar de Aarón sea ungido de entre sus hijos, hará la ofrenda; estatuto perpetuo de Jehová: toda ella será quemada.",estatuto,medium,Puede conservarse como termino legal.,,,,
d019642948d0306fccd5,OT,LEV,6,23,LEV 6:23,presente,34,7,15,presente,Y todo,de sacerdote será enteramente quemado; no se comerá.,Y todo presente de sacerdote será enteramente quemado; no se comerá.,ofrenda,high,"Puede ser regalo, ofrenda o presencia.",,,,
00130e005e7848faa53a,OT,LEV,6,25,LEV 6:25,holocausto,50,107,117,holocausto,: Esta es la ley de la expiación: en el lugar donde será degollado el,", será degollada la expiación por el pecado delante de Jehová: es cosa","Habla a Aarón y a sus hijos, diciendo: Esta es la ley de la expiación: en el lugar donde será degollado el holocausto, será degollada la expiación por el pecado delante de Jehová: es cosa santísima.",holocausto,high,Termino tecnico sacrificial; puede conservarse.,,,,
12e70dfbd4e2e1269aab,OT,LEV,7,2,LEV 7:2,holocausto,51,31,41,holocausto,En el lugar donde degüellen el,", degollarán la víctima por la culpa; y rociará su sangre en derredor","En el lugar donde degüellen el holocausto, degollarán la víctima por la culpa; y rociará su sangre en derredor sobre el altar:",holocausto,high,Termino tecnico sacrificial; puede conservarse.,,,,
8d945fa6c27c780f74c8,OT,LEV,7,8,LEV 7:8,holocausto,52,27,37,holocausto,Y el sacerdote que ofrezca,"de alguno, el cuero del holocausto que ofrezca, será para él.","Y el sacerdote que ofrezca holocausto de alguno, el cuero del holocausto que ofrezca, será para él.",holocausto,high,Termino tecnico sacrificial; puede conservarse.,,,,
0228286d63f8c341b33b,OT,LEV,7,8,LEV 7:8,holocausto,53,62,72,holocausto,"Y el sacerdote que ofrezca holocausto de alguno, el cuero del","que ofrezca, será para él.","Y el sacerdote que ofrezca holocausto de alguno, el cuero del holocausto que ofrezca, será para él.",holocausto,high,Termino tecnico sacrificial; puede conservarse.,,,,
50b00bfb234c2673f846,OT,LEV,7,9,LEV 7:9,presente,35,14,22,presente,Asimismo todo,"que se cueza en horno, y todo el que sea aderezado en sartén, o en ca","Asimismo todo presente que se cueza en horno, y todo el que sea aderezado en sartén, o en cazuela, será del sacerdote que lo ofrezca.",ofrenda,high,"Puede ser regalo, ofrenda o presencia.",,,,
b8eb6b5066f817ea113a,OT,LEV,7,10,LEV 7:10,presente,36,7,15,presente,Y todo,"amasado con aceite, y seco, será de todos los hijos de Aarón, tanto a","Y todo presente amasado con aceite, y seco, será de todos los hijos de Aarón, tanto al uno como al otro.",ofrenda,high,"Puede ser regalo, ofrenda o presencia.",,,,
b643d83948311246550b,OT,LEV,7,34,LEV 7:34,estatuto,13,186,194,estatuto,"vada en ofrenda, y lo he dado a Aarón el sacerdote y a sus hijos, por",perpetuo de los hijos de Israel.,"Porque he tomado de los hijos de Israel, de los sacrificios de sus paces, el pecho que se agita, y la espaldilla elevada en ofrenda, y lo he dado a Aarón el sacerdote y a sus hijos, por estatuto perpetuo de los hijos de Israel.",estatuto,medium,Puede conservarse como termino legal.,,,,
6b3cb5b807dcf75318e2,OT,LEV,7,36,LEV 7:36,estatuto,14,101,109,estatuto,"esen, desde el día que él los ungió de entre los hijos de Israel, por",perpetuo en sus generaciones.,"Lo cual mandó Jehová que les diesen, desde el día que él los ungió de entre los hijos de Israel, por estatuto perpetuo en sus generaciones.",estatuto,medium,Puede conservarse como termino legal.,,,,
a7516717a4153f79d245,OT,LEV,7,37,LEV 7:37,holocausto,54,19,29,holocausto,Esta es la ley del,", del presente, de la expiación por el pecado, y de la culpa, y de las","Esta es la ley del holocausto, del presente, de la expiación por el pecado, y de la culpa, y de las consagraciones, y del sacrificio de las paces:",holocausto,high,Termino tecnico sacrificial; puede conservarse.,,,,
3d09de12bde30f682622,OT,LEV,7,37,LEV 7:37,presente,37,35,43,presente,"Esta es la ley del holocausto, del",", de la expiación por el pecado, y de la culpa, y de las consagracione","Esta es la ley del holocausto, del presente, de la expiación por el pecado, y de la culpa, y de las consagraciones, y del sacrificio de las paces:",ofrenda,high,"Puede ser regalo, ofrenda o presencia.",,,,
cb1c6988e2806aa148ba,OT,LEV,8,18,LEV 8:18,holocausto,55,35,45,holocausto,Después hizo llegar el carnero del,", y Aarón y sus hijos pusieron sus manos sobre la cabeza del carnero:","Después hizo llegar el carnero del holocausto, y Aarón y sus hijos pusieron sus manos sobre la cabeza del carnero:",holocausto,high,Termino tecnico sacrificial; puede conservarse.,,,,
601aa4eeee33d10b76dd,OT,LEV,8,21,LEV 8:21,holocausto,56,93,103,holocausto,"intestinos y piernas, y quemó Moisés todo el carnero sobre el altar:","en olor de suavidad, ofrenda encendida a Jehová; como lo había Jehová","Lavó luego con agua los intestinos y piernas, y quemó Moisés todo el carnero sobre el altar: holocausto en olor de suavidad, ofrenda encendida a Jehová; como lo había Jehová mandado a Moisés.",holocausto,high,Termino tecnico sacrificial; puede conservarse.,,,,
75ff8fff2684e9d8f59e,OT,LEV,8,28,LEV 8:28,holocausto,57,95,105,holocausto,"as Moisés de las manos de ellos, e hízolas arder en el altar sobre el",": las consagraciones en olor de suavidad, ofrenda encendida a Jehová.","Después tomó aquellas cosas Moisés de las manos de ellos, e hízolas arder en el altar sobre el holocausto: las consagraciones en olor de suavidad, ofrenda encendida a Jehová.",holocausto,high,Termino tecnico sacrificial; puede conservarse.,,,,
97b80be900ccfee266af,OT,LEV,9,2,LEV 9:2,holocausto,58,79,89,holocausto,"Aarón: Toma de la vacada un becerro para expiación, y un carnero para",", sin defecto, y ofrécelos delante de Jehová.","Y dijo a Aarón: Toma de la vacada un becerro para expiación, y un carnero para holocausto, sin defecto, y ofrécelos delante de Jehová.",holocausto,high,Termino tecnico sacrificial; puede conservarse.,,,,
b3a11bd35c1f5286fbf9,OT,LEV,9,3,LEV 9:3,holocausto,59,135,145,holocausto,"para expiación, y un becerro y un cordero de un año, sin tacha, para",;,"Y a los hijos de Israel hablarás, diciendo: Tomen un macho cabrío para expiación, y un becerro y un cordero de un año, sin tacha, para holocausto;",holocausto,high,Termino tecnico sacrificial; puede conservarse.,,,,
75622620e046fe03781f,OT,LEV,9,4,LEV 9:4,presente,38,92,100,presente,"carnero para sacrificio de paces, que inmolen delante de Jehová; y un",amasado con aceite: porque Jehová se aparecerá hoy a ustedes.,"Asimismo un buey y un carnero para sacrificio de paces, que inmolen delante de Jehová; y un presente amasado con aceite: porque Jehová se aparecerá hoy a ustedes.",ofrenda,high,"Puede ser regalo, ofrenda o presencia.",,,,
016cec0f2b3fa3584b9f,OT,LEV,9,7,LEV 9:7,holocausto,60,66,76,holocausto,"Y dijo Moisés a Aarón: Llégate al altar, y haz tu expiación, y tu",", y haz la reconciliación por ti y por el pueblo: haz también la ofren","Y dijo Moisés a Aarón: Llégate al altar, y haz tu expiación, y tu holocausto, y haz la reconciliación por ti y por el pueblo: haz también la ofrenda del pueblo, y haz la reconciliación por ellos; como ha mandado Jehová.",holocausto,high,Termino tecnico sacrificial; puede conservarse.,,,,
bd397defe797410c8f09,OT,LEV,9,12,LEV 9:12,holocausto,61,20,30,holocausto,Degolló asimismo el,", y los hijos de Aarón le presentaron la sangre, la cual roció él alre","Degolló asimismo el holocausto, y los hijos de Aarón le presentaron la sangre, la cual roció él alrededor sobre el altar.",holocausto,high,Termino tecnico sacrificial; puede conservarse.,,,,
3efabf91fe90d6ccaf0a,OT,LEV,9,13,LEV 9:13,holocausto,62,25,35,holocausto,Presentáronle después el,", a trozos, y la cabeza; e hízolos quemar sobre el altar.","Presentáronle después el holocausto, a trozos, y la cabeza; e hízolos quemar sobre el altar.",holocausto,high,Termino tecnico sacrificial; puede conservarse.,,,,
46da0f43d5d838604be2,OT,LEV,9,14,LEV 9:14,holocausto,63,61,71,holocausto,"Luego lavó los intestinos y las piernas, y quemólos sobre el",en el altar.,"Luego lavó los intestinos y las piernas, y quemólos sobre el holocausto en el altar.",holocausto,high,Termino tecnico sacrificial; puede conservarse.,,,,
e61eeb69021309c685de,OT,LEV,9,16,LEV 9:16,holocausto,64,13,23,holocausto,Y ofreció el,", e hizo según el rito.","Y ofreció el holocausto, e hizo según el rito.",holocausto,high,Termino tecnico sacrificial; puede conservarse.,,,,
8de9665525352a5c9c33,OT,LEV,9,17,LEV 9:17,holocausto,65,99,109,holocausto,"e hinchió de él su mano, y lo hizo quemar sobre el altar, además del",de la mañana.,"Ofreció asimismo el presente, e hinchió de él su mano, y lo hizo quemar sobre el altar, además del holocausto de la mañana.",holocausto,high,Termino tecnico sacrificial; puede conservarse.,,,,
59a952711bf3b012b74f,OT,LEV,9,17,LEV 9:17,presente,39,20,28,presente,Ofreció asimismo el,", e hinchió de él su mano, y lo hizo quemar sobre el altar, además del","Ofreció asimismo el presente, e hinchió de él su mano, y lo hizo quemar sobre el altar, además del holocausto de la mañana.",ofrenda,high,"Puede ser regalo, ofrenda o presencia.",,,,
e06798117cc5f11ae482,OT,LEV,9,22,LEV 9:22,holocausto,66,99,109,holocausto,"hacia el pueblo y bendíjolos: y descendió de hacer la expiación, y el",", y el sacrificio de las paces.","Después alzó Aarón sus manos hacia el pueblo y bendíjolos: y descendió de hacer la expiación, y el holocausto, y el sacrificio de las paces.",holocausto,high,Termino tecnico sacrificial; puede conservarse.,,,,
a8f782de3de89eb43426,OT,LEV,9,24,LEV 9:24,holocausto,67,50,60,holocausto,"Y salió fuego de delante de Jehová, y consumió el","y los sebos sobre el altar; y viéndolo todo el pueblo, alabaron, y ca","Y salió fuego de delante de Jehová, y consumió el holocausto y los sebos sobre el altar; y viéndolo todo el pueblo, alabaron, y cayeron sobre sus rostros.",holocausto,high,Termino tecnico sacrificial; puede conservarse.,,,,
30711faa293f5d475f49,OT,LEV,10,9,LEV 10:9,estatuto,15,126,134,estatuto,"o hayan de entrar en el tabernáculo del testimonio, porque no mueran:",perpetuo por sus generaciones;,"Tú, y tus hijos contigo, no beberán vino ni sidra, cuando hayan de entrar en el tabernáculo del testimonio, porque no mueran: estatuto perpetuo por sus generaciones;",estatuto,medium,Puede conservarse como termino legal.,,,,
dc5d8bc0c2b8f8114c8e,OT,LEV,10,11,LEV 10:11,estatuto,16,47,56,estatutos,Y para enseñar a los hijos de Israel todos los,que Jehová les ha dicho por medio de Moisés.,Y para enseñar a los hijos de Israel todos los estatutos que Jehová les ha dicho por medio de Moisés.,estatuto,medium,Puede conservarse como termino legal.,,,,
10d9242d69ac94018451,OT,LEV,10,12,LEV 10:12,presente,40,87,95,presente,"arón, y a Eleazar y a Ithamar, sus hijos que habían quedado: Tomen el","que queda de las ofrendas encendidas a Jehová, y cómanlo sin levadura","Y Moisés dijo a Aarón, y a Eleazar y a Ithamar, sus hijos que habían quedado: Tomen el presente que queda de las ofrendas encendidas a Jehová, y cómanlo sin levadura junto al altar, porque es cosa muy santa.",ofrenda,high,"Puede ser regalo, ofrenda o presencia.",,,,
b5c9bbd07b2e41419673,OT,LEV,10,19,LEV 10:19,holocausto,68,71,81,holocausto,respondió Aarón a Moisés: He aquí hoy han ofrecido su expiación y su,delante de Jehová: pero me han acontecido estas cosas: pues si comier,"Y respondió Aarón a Moisés: He aquí hoy han ofrecido su expiación y su holocausto delante de Jehová: pero me han acontecido estas cosas: pues si comiera yo hoy de la expiación, ¿hubiera sido acepto a Jehová?",holocausto,high,Termino tecnico sacrificial; puede conservarse.,,,,
3c4b1bb0a01bb568bd23,OT,LEV,11,37,LEV 11:37,simiente,57,45,53,simiente,Y si cae de sus cuerpos muertos sobre alguna,"que se haya de sembrar, será limpia.","Y si cae de sus cuerpos muertos sobre alguna simiente que se haya de sembrar, será limpia.",descendencia,high,Termino teologico; revisar promesas y genealogias.,,,,
901f3e330ad728c80dc9,OT,LEV,11,38,LEV 11:38,simiente,58,32,40,simiente,Pero si se ha puesto agua en la,", y cae de sus cuerpos muertos sobre ella, tendréisla por inmunda.","Pero si se ha puesto agua en la simiente, y cae de sus cuerpos muertos sobre ella, tendréisla por inmunda.",descendencia,high,Termino teologico; revisar promesas y genealogias.,,,,
7428a831b9ea5bfbf360,OT,LEV,12,6,LEV 12:6,holocausto,69,104,114,holocausto,"sean cumplidos, por hijo o por hija, traerá un cordero de un año para",", y un palomino o una tórtola para expiación, a la puerta del tabernác","Y cuando los días de su purgación sean cumplidos, por hijo o por hija, traerá un cordero de un año para holocausto, y un palomino o una tórtola para expiación, a la puerta del tabernáculo del testimonio, al sacerdote:",holocausto,high,Termino tecnico sacrificial; puede conservarse.,,,,
6d0e88b9357b38e6c1a3,OT,LEV,12,8,LEV 12:8,holocausto,70,110,120,holocausto,"ra un cordero, tomará entonces dos tórtolas o dos palominos, uno para",", y otro para expiación: y el sacerdote hará expiación por ella, y ser","Y si no alcanza su mano lo suficiente para un cordero, tomará entonces dos tórtolas o dos palominos, uno para holocausto, y otro para expiación: y el sacerdote hará expiación por ella, y será limpia.",holocausto,high,Termino tecnico sacrificial; puede conservarse.,,,,
66d4cc8df1d925374d97,OT,LEV,14,10,LEV 14:10,presente,41,122,130,presente,na cordera de un año sin tacha; y tres décimas de flor de harina para,", amasada con aceite, y un log de aceite.","Y el día octavo tomará dos corderos sin defecto, y una cordera de un año sin tacha; y tres décimas de flor de harina para presente, amasada con aceite, y un log de aceite.",ofrenda,high,"Puede ser regalo, ofrenda o presencia.",,,,
fa987097b5382ef21c03,OT,LEV,14,13,LEV 14:13,holocausto,71,81,91,holocausto,el cordero en el lugar donde degüellan la víctima por el pecado y el,", en el lugar del santuario: porque como la víctima por el pecado, así","Y degollará el cordero en el lugar donde degüellan la víctima por el pecado y el holocausto, en el lugar del santuario: porque como la víctima por el pecado, así también la víctima por la culpa es del sacerdote: es cosa muy sagrada.",holocausto,high,Termino tecnico sacrificial; puede conservarse.,,,,
b3e9d667126b1c538299,OT,LEV,14,19,LEV 14:19,holocausto,72,145,155,holocausto,"or el que se ha de purificar de su inmundicia, y después degollará el",:,"Ofrecerá luego el sacerdote el sacrificio por el pecado, y hará expiación por el que se ha de purificar de su inmundicia, y después degollará el holocausto:",holocausto,high,Termino tecnico sacrificial; puede conservarse.,,,,
373327b3a9a58cc8b3e7,OT,LEV,14,20,LEV 14:20,holocausto,73,29,39,holocausto,Y hará subir el sacerdote el,"y el presente sobre el altar. Así hará el sacerdote expiación por él,","Y hará subir el sacerdote el holocausto y el presente sobre el altar. Así hará el sacerdote expiación por él, y será limpio.",holocausto,high,Termino tecnico sacrificial; puede conservarse.,,,,
a2651197519f8998572d,OT,LEV,14,20,LEV 14:20,presente,42,45,53,presente,Y hará subir el sacerdote el holocausto y el,"sobre el altar. Así hará el sacerdote expiación por él, y será limpio","Y hará subir el sacerdote el holocausto y el presente sobre el altar. Así hará el sacerdote expiación por él, y será limpio.",ofrenda,high,"Puede ser regalo, ofrenda o presencia.",,,,
f1cd4d871dea3d6f8efe,OT,LEV,14,21,LEV 14:21,presente,43,205,213,presente,"reconciliarse, y una décima de flor de harina amasada con aceite para",", y un log de aceite;","Pero si es pobre, que no alcanza su mano a tanto, entonces tomará un cordero para ser ofrecido como ofrenda agitada por la culpa, para reconciliarse, y una décima de flor de harina amasada con aceite para presente, y un log de aceite;",ofrenda,high,"Puede ser regalo, ofrenda o presencia.",,,,
b800b02c1bfd5dc85a22,OT,LEV,14,22,LEV 14:22,holocausto,74,116,126,holocausto,"e su mano: y el uno será para expiación por el pecado, y el otro para",;,"Y dos tórtolas, o dos palominos, lo que alcance su mano: y el uno será para expiación por el pecado, y el otro para holocausto;",holocausto,high,Termino tecnico sacrificial; puede conservarse.,,,,
fb16079a5ad03bd7689b,OT,LEV,14,31,LEV 14:31,holocausto,75,75,85,holocausto,"o de lo que alcance su mano, en expiación por el pecado, y el otro en",", además del presente: y hará el sacerdote expiación por el que se ha","El uno de lo que alcance su mano, en expiación por el pecado, y el otro en holocausto, además del presente: y hará el sacerdote expiación por el que se ha de purificar, delante de Jehová.",holocausto,high,Termino tecnico sacrificial; puede conservarse.,,,,
27cbedc5f93eb26f5440,OT,LEV,14,31,LEV 14:31,presente,44,98,106,presente,"mano, en expiación por el pecado, y el otro en holocausto, además del",": y hará el sacerdote expiación por el que se ha de purificar, delante","El uno de lo que alcance su mano, en expiación por el pecado, y el otro en holocausto, además del presente: y hará el sacerdote expiación por el que se ha de purificar, delante de Jehová.",ofrenda,high,"Puede ser regalo, ofrenda o presencia.",,,,
cc21a9c3d1ee100f7100,OT,LEV,15,2,LEV 15:2,simiente,59,69,77,simiente,"Hablen a los hijos de Israel, y díganles: Cualquier varón, cuando su","mane de su carne, será inmundo.","Hablen a los hijos de Israel, y díganles: Cualquier varón, cuando su simiente mane de su carne, será inmundo.",descendencia,high,Termino teologico; revisar promesas y genealogias.,,,,
cce45f6f31a8f80f8823,OT,LEV,15,15,LEV 15:15,holocausto,76,65,75,holocausto,"Y los hará el sacerdote, el uno ofrenda por el pecado, y el otro",: y le purificará el sacerdote de su flujo delante de Jehová.,"Y los hará el sacerdote, el uno ofrenda por el pecado, y el otro holocausto: y le purificará el sacerdote de su flujo delante de Jehová.",holocausto,high,Termino tecnico sacrificial; puede conservarse.,,,,
35b882a1b103a3d12c9d,OT,LEV,15,30,LEV 15:30,holocausto,77,60,70,holocausto,"Y el sacerdote hará el uno ofrenda por el pecado, y el otro",; y la purificará el sacerdote delante de Jehová del flujo de su inmun,"Y el sacerdote hará el uno ofrenda por el pecado, y el otro holocausto; y la purificará el sacerdote delante de Jehová del flujo de su inmundicia.",holocausto,high,Termino tecnico sacrificial; puede conservarse.,,,,
a7b2edfa3dcc6711185d,OT,LEV,16,3,LEV 16:3,holocausto,78,86,96,holocausto,"Aarón en el santuario: con un becerro por expiación, y un carnero en",.,"Con esto entrará Aarón en el santuario: con un becerro por expiación, y un carnero en holocausto.",holocausto,high,Termino tecnico sacrificial; puede conservarse.,,,,
93d7b977ed53fe006f7d,OT,LEV,16,5,LEV 16:5,holocausto,79,106,116,holocausto,"Israel tomará dos machos de cabrío para expiación, y un carnero para",.,"Y de la congregación de los hijos de Israel tomará dos machos de cabrío para expiación, y un carnero para holocausto.",holocausto,high,Termino tecnico sacrificial; puede conservarse.,,,,
01b49c753d321da50a56,OT,LEV,16,24,LEV 16:24,holocausto,80,110,120,holocausto,"ar del santuario, y después de ponerse sus vestidos saldrá, y hará su",", y el holocausto del pueblo, y hará la reconciliación por sí y por el","Lavará luego su carne con agua en el lugar del santuario, y después de ponerse sus vestidos saldrá, y hará su holocausto, y el holocausto del pueblo, y hará la reconciliación por sí y por el pueblo.",holocausto,high,Termino tecnico sacrificial; puede conservarse.,,,,
1e2549fdac2fdae84c69,OT,LEV,16,29,LEV 16:29,estatuto,17,19,27,estatuto,Y esto tendrán por,"perpetuo: En el mes séptimo, a los diez del mes, afligirán sus almas,","Y esto tendrán por estatuto perpetuo: En el mes séptimo, a los diez del mes, afligirán sus almas, y ninguna obra harán, ni el natural ni el extranjero que peregrina entre ustedes:",estatuto,medium,Puede conservarse como termino legal.,,,,
630e0579e0e63d601ad6,OT,LEV,16,31,LEV 16:31,estatuto,18,61,69,estatuto,"Sábado de reposo es para ustedes, y afligirán sus almas, por",perpetuo.,"Sábado de reposo es para ustedes, y afligirán sus almas, por estatuto perpetuo.",estatuto,medium,Puede conservarse como termino legal.,,,,
e0f2e7e0161cf7a6c92a,OT,LEV,16,34,LEV 16:34,estatuto,19,19,27,estatuto,Y esto tendrán por,"perpetuo, para expiar a los hijos de Israel de todos sus pecados una","Y esto tendrán por estatuto perpetuo, para expiar a los hijos de Israel de todos sus pecados una vez en el año. Y Moisés lo hizo como Jehová le mandó.",estatuto,medium,Puede conservarse como termino legal.,,,,
bce897eea575393fea77,OT,LEV,17,7,LEV 17:7,estatuto,20,108,116,estatuto,"os a los demonios, tras de los cuales han fornicado: tendrán esto por",perpetuo por sus edades.,"Y nunca más sacrificarán sus sacrificios a los demonios, tras de los cuales han fornicado: tendrán esto por estatuto perpetuo por sus edades.",estatuto,medium,Puede conservarse como termino legal.,,,,
42d23ee108aa9c1240e4,OT,LEV,18,3,LEV 18:3,estatuto,21,153,162,estatutos,"en la tierra de Canaán, a la cual yo les conduzco; ni andarán en sus",.,"No harán como hacen en la tierra de Egipto, en la cual moraron; ni harán como hacen en la tierra de Canaán, a la cual yo les conduzco; ni andarán en sus estatutos.",estatuto,medium,Puede conservarse como termino legal.,,,,
53f7e06da94bc1f02d77,OT,LEV,18,4,LEV 18:4,estatuto,22,37,46,estatutos,"Mis derechos pondrán por obra, y mis","guardarán, andando en ellos: Yo Jehová su Dios.","Mis derechos pondrán por obra, y mis estatutos guardarán, andando en ellos: Yo Jehová su Dios.",estatuto,medium,Puede conservarse como termino legal.,,,,
dcafb7dd8fabca8e3ab7,OT,LEV,18,5,LEV 18:5,estatuto,23,14,23,estatutos,Por tanto mis,"y mis derechos guardarán, los cuales haciendo el hombre, vivirá en el","Por tanto mis estatutos y mis derechos guardarán, los cuales haciendo el hombre, vivirá en ellos: Yo Jehová.",estatuto,medium,Puede conservarse como termino legal.,,,,
76cb881fc5c5ce122cea,OT,LEV,18,21,LEV 18:21,simiente,60,15,23,simiente,Y no des de tu,para hacerla pasar por el fuego a Moloch; no contamines el nombre de,Y no des de tu simiente para hacerla pasar por el fuego a Moloch; no contamines el nombre de tu Dios: Yo Jehová.,descendencia,high,Termino teologico; revisar promesas y genealogias.,,,,
377d6a7c15f39bd66a05,OT,LEV,18,26,LEV 18:26,estatuto,24,27,36,estatutos,"Guarden, pues, ustedes mis","y mis derechos, y no hagan ninguna de todas estas abominaciones: ni e","Guarden, pues, ustedes mis estatutos y mis derechos, y no hagan ninguna de todas estas abominaciones: ni el natural ni el extranjero que peregrina entre ustedes.",estatuto,medium,Puede conservarse como termino legal.,,,,
1f225c4c83289cbbe351,OT,LEV,19,19,LEV 19:19,estatuto,25,4,13,estatutos,Mis,guardarán. A tu animal no harás ayuntar para misturas; tu haza no sem,"Mis estatutos guardarán. A tu animal no harás ayuntar para misturas; tu haza no sembrarás con mistura de semillas, y no te pondrás vestidos con mezcla de diversas cosas.",estatuto,medium,Puede conservarse como termino legal.,,,,
16073ef10b76407dfce7,OT,LEV,19,37,LEV 19:37,estatuto,26,23,32,estatutos,Guarden pues todos mis,", y todos mis derechos, y pónganlos por obra: Yo Jehová.","Guarden pues todos mis estatutos, y todos mis derechos, y pónganlos por obra: Yo Jehová.",estatuto,medium,Puede conservarse como termino legal.,,,,
0dc4a77885b78f0559c3,OT,LEV,20,2,LEV 20:2,simiente,61,138,146,simiente,"e Israel, o de los extranjeros que peregrinan en Israel, que dé de su","a Moloch, de seguro morirá: el pueblo de la tierra lo apedreará con p","Dirás asimismo a los hijos de Israel: Cualquier varón de los hijos de Israel, o de los extranjeros que peregrinan en Israel, que dé de su simiente a Moloch, de seguro morirá: el pueblo de la tierra lo apedreará con piedras.",descendencia,high,Termino teologico; revisar promesas y genealogias.,,,,
e310fff870b57555075f,OT,LEV,20,3,LEV 20:3,simiente,62,97,105,simiente,"a el tal varón, y lo cortaré de entre su pueblo; por cuanto dio de su","a Moloch, contaminando mi santuario, y amancillando mi santo nombre.","Y yo pondré mi rostro contra el tal varón, y lo cortaré de entre su pueblo; por cuanto dio de su simiente a Moloch, contaminando mi santuario, y amancillando mi santo nombre.",descendencia,high,Termino teologico; revisar promesas y genealogias.,,,,
5649cc93da25a27e96b0,OT,LEV,20,4,LEV 20:4,simiente,63,80,88,simiente,onde el pueblo de la tierra sus ojos de aquel varón que ha dado de su,"a Moloch, para no matarle,","Que si esconde el pueblo de la tierra sus ojos de aquel varón que ha dado de su simiente a Moloch, para no matarle,",descendencia,high,Termino teologico; revisar promesas y genealogias.,,,,
3c8f72561aa5ed0dfbf0,OT,LEV,20,8,LEV 20:8,estatuto,27,14,23,estatutos,Y guarden mis,", y pónganlos por obra: Yo Jehová que les santifico.","Y guarden mis estatutos, y pónganlos por obra: Yo Jehová que les santifico.",estatuto,medium,Puede conservarse como termino legal.,,,,
2ad0b7c952ec9779c709,OT,LEV,20,22,LEV 20:22,estatuto,28,25,34,estatutos,"Guarden, pues, todos mis","y todos mis derechos, y pónganlos por obra: y no les vomitará la tier","Guarden, pues, todos mis estatutos y todos mis derechos, y pónganlos por obra: y no les vomitará la tierra, en la cual yo les introduzco para que habiten en ella.",estatuto,medium,Puede conservarse como termino legal.,,,,
8b8e907f8e133b595868,OT,LEV,21,15,LEV 21:15,simiente,64,20,28,simiente,Y no amancillará su,en sus pueblos; porque yo Jehová soy el que los santifico.,Y no amancillará su simiente en sus pueblos; porque yo Jehová soy el que los santifico.,descendencia,high,Termino teologico; revisar promesas y genealogias.,,,,
d6237d6292c77cbc61ac,OT,LEV,21,17,LEV 21:17,simiente,65,38,46,simiente,"Habla a Aarón, y dile: El varón de tu","en sus generaciones, en el cual haya falta, no se allegará para ofrec","Habla a Aarón, y dile: El varón de tu simiente en sus generaciones, en el cual haya falta, no se allegará para ofrecer el pan de su Dios.",descendencia,high,Termino teologico; revisar promesas y genealogias.,,,,
af44407a994c9bff5be3,OT,LEV,21,21,LEV 21:21,simiente,66,19,27,simiente,Ningún varón de la,"de Aarón sacerdote, en el cual haya falta, se allegará para ofrecer l","Ningún varón de la simiente de Aarón sacerdote, en el cual haya falta, se allegará para ofrecer las ofrendas encendidas de Jehová. Hay falta en él; no se allegará a ofrecer el pan de su Dios.",descendencia,high,Termino teologico; revisar promesas y genealogias.,,,,
0445fd4408c52659fad9,OT,LEV,22,3,LEV 22:3,simiente,67,29,37,simiente,Diles: Todo varón de toda su,"en sus generaciones que llegue a las cosas sagradas, que los hijos de","Diles: Todo varón de toda su simiente en sus generaciones que llegue a las cosas sagradas, que los hijos de Israel consagran a Jehová, teniendo inmundicia sobre sí, de delante de mí será cortada su alma: Yo Jehová.",descendencia,high,Termino teologico; revisar promesas y genealogias.,,,,
721af7d76f585036d9b3,OT,LEV,22,4,LEV 22:4,simiente,68,22,30,simiente,Cualquier varón de la,"de Aarón que sea leproso, o padezca flujo, no comerá de las cosas sag","Cualquier varón de la simiente de Aarón que sea leproso, o padezca flujo, no comerá de las cosas sagradas hasta que esté limpio: y el que toque cualquiera cosa inmunda de mortecino, o el varón del cual haya salido derramamiento de semen;",descendencia,high,Termino teologico; revisar promesas y genealogias.,,,,
ac540282ff1805ee21bb,OT,LEV,22,18,LEV 22:18,oblacion,2,211,221,oblaciones,"e ofrezca su ofrenda por todos sus votos, y por todas sus voluntarias",que ofrezcan a Jehová en holocausto;,"Habla a Aarón y a sus hijos, y a todos los hijos de Israel, y diles: Cualquier varón de la casa de Israel, o de los extranjeros en Israel, que ofrezca su ofrenda por todos sus votos, y por todas sus voluntarias oblaciones que ofrezcan a Jehová en holocausto;",ofrenda,medium,Termino sacrificial; revisar contexto ritual.,,,,
8c71d28da243fe9387b5,OT,LEV,23,13,LEV 23:13,presente,45,5,13,presente,Y su,"será dos décimas de flor de harina amasada con aceite, ofrenda encend","Y su presente será dos décimas de flor de harina amasada con aceite, ofrenda encendida a Jehová en olor suavísimo; y su libación de vino, la cuarta parte de un hin.",ofrenda,high,"Puede ser regalo, ofrenda o presencia.",,,,
ce0828aa2bf551fa40ec,OT,LEV,23,14,LEV 23:14,estatuto,29,124,132,estatuto,"hasta este mismo día, hasta que hayan ofrecido la ofrenda de su Dios;",perpetuo es por sus edades en todas sus habitaciones.,"Y no comerán pan, ni grano tostado, ni espiga fresca, hasta este mismo día, hasta que hayan ofrecido la ofrenda de su Dios; estatuto perpetuo es por sus edades en todas sus habitaciones.",estatuto,medium,Puede conservarse como termino legal.,,,,
d57daeaaa4549c2698d6,OT,LEV,23,16,LEV 23:16,presente,46,92,100,presente,del sábado séptimo contarán cincuenta días; entonces ofrecerán nuevo,a Jehová.,Hasta el siguiente día del sábado séptimo contarán cincuenta días; entonces ofrecerán nuevo presente a Jehová.,ofrenda,high,"Puede ser regalo, ofrenda o presencia.",,,,
6d38d2b6c9c42a2f4eed,OT,LEV,23,18,LEV 23:18,presente,47,137,145,presente,"ecerro de la vacada y dos carneros: serán holocausto a Jehová, con su",y sus libaciones; ofrenda encendida de suave olor a Jehová.,"Y ofrecerán con el pan siete corderos de un año sin defecto, y un becerro de la vacada y dos carneros: serán holocausto a Jehová, con su presente y sus libaciones; ofrenda encendida de suave olor a Jehová.",ofrenda,high,"Puede ser regalo, ofrenda o presencia.",,,,
fc102687cb3399504b1f,OT,LEV,23,21,LEV 23:21,estatuto,30,87,95,estatuto,ste mismo día; les será santa convocación: ninguna obra servil harán:,perpetuo en todas sus habitaciones por sus edades.,Y convocarán en este mismo día; les será santa convocación: ninguna obra servil harán: estatuto perpetuo en todas sus habitaciones por sus edades.,estatuto,medium,Puede conservarse como termino legal.,,,,
19bbc9e26a294768185e,OT,LEV,23,31,LEV 23:31,estatuto,31,20,28,estatuto,Ninguna obra harán:,perpetuo es por sus edades en todas sus habitaciones.,Ninguna obra harán: estatuto perpetuo es por sus edades en todas sus habitaciones.,estatuto,medium,Puede conservarse como termino legal.,,,,
8b69448db4a6adc45d38,OT,LEV,23,37,LEV 23:37,presente,48,131,139,presente,"ntas reuniones, para ofrecer ofrenda encendida a Jehová, holocausto y",", sacrificio y libaciones, cada cosa en su tiempo:","Estas son las solemnidades de Jehová, a las que convocarán santas reuniones, para ofrecer ofrenda encendida a Jehová, holocausto y presente, sacrificio y libaciones, cada cosa en su tiempo:",ofrenda,high,"Puede ser regalo, ofrenda o presencia.",,,,
4a781e3c390d4edd4171,OT,LEV,23,41,LEV 23:41,estatuto,32,60,68,estatuto,Y le harán fiesta a Jehová por siete días cada un año; será,perpetuo por sus edades; en el mes séptimo la harán.,Y le harán fiesta a Jehová por siete días cada un año; será estatuto perpetuo por sus edades; en el mes séptimo la harán.,estatuto,medium,Puede conservarse como termino legal.,,,,
3b2bac609937b5960e7d,OT,LEV,24,3,LEV 24:3,estatuto,33,148,156,estatuto,"Aarón desde la tarde hasta la mañana delante de Jehová, de continuo:",perpetuo por sus edades.,"Fuera del velo del testimonio, en el tabernáculo del testimonio, las aderezará Aarón desde la tarde hasta la mañana delante de Jehová, de continuo: estatuto perpetuo por sus edades.",estatuto,medium,Puede conservarse como termino legal.,,,,
62a44129888025ffa60f,OT,LEV,24,12,LEV 24:12,fuese,19,41,46,fuese,"Y pusiéronlo en la cárcel, hasta que les",declarado por palabra de Jehová.,"Y pusiéronlo en la cárcel, hasta que les fuese declarado por palabra de Jehová.",se fue,medium,Puede requerir ajustar la frase completa.,,,,
338c24f4e0932b7f39ef,OT,LEV,25,18,LEV 25:18,estatuto,34,20,29,estatutos,"Ejecuten, pues, mis",", y guarden mis derechos, y pónganlos por obra, y habitarán en la tier","Ejecuten, pues, mis estatutos, y guarden mis derechos, y pónganlos por obra, y habitarán en la tierra seguros;",estatuto,medium,Puede conservarse como termino legal.,,,,
16a6ea62851babfa1fb8,OT,LEV,26,16,LEV 26:16,simiente,69,157,165,simiente,", que consuman los ojos y atormenten el alma: y sembrarán en balde su",", porque sus enemigos la comerán:","Yo también haré con ustedes esto: enviaré sobre ustedes terror, extenuación y calentura, que consuman los ojos y atormenten el alma: y sembrarán en balde su simiente, porque sus enemigos la comerán:",descendencia,high,Termino teologico; revisar promesas y genealogias.,,,,
48bc5d3b860dbfa92c51,OT,LEV,26,43,LEV 26:43,estatuto,35,238,247,estatutos,"menospreciaron mis derechos, y tuvo el alma de ellos fastidio de mis",.,"Que la tierra estará desamparada de ellos, y holgará sus sábados, estando yerma a causa de ellos; pero entretanto se someterán al castigo de sus iniquidades: por cuanto menospreciaron mis derechos, y tuvo el alma de ellos fastidio de mis estatutos.",estatuto,medium,Puede conservarse como termino legal.,,,,
4572d0d2f683e6a7ecd3,OT,LEV,27,30,LEV 27:30,simiente,70,44,52,simiente,"Y todas las décimas de la tierra, así de la","de la tierra como del fruto de los árboles, de Jehová son: es cosa co","Y todas las décimas de la tierra, así de la simiente de la tierra como del fruto de los árboles, de Jehová son: es cosa consagrada a Jehová.",descendencia,high,Termino teologico; revisar promesas y genealogias.,,,,
ded859b75a7f57559209,OT,NUM,4,16,NUM 4:16,presente,49,117,125,presente,"rdote, estará el aceite de la luminaria, y el perfume aromático, y el","continuo, y el aceite de la unción; el cargo de todo el tabernáculo,","Pero al cargo de Eleazar, hijo de Aarón el sacerdote, estará el aceite de la luminaria, y el perfume aromático, y el presente continuo, y el aceite de la unción; el cargo de todo el tabernáculo, y de todo lo que está en él, en el santuario, y en sus vasos.",ofrenda,high,"Puede ser regalo, ofrenda o presencia.",,,,
53906b1064f63d82e429,OT,NUM,5,15,NUM 5:15,presente,50,191,199,presente,"no echará sobre ella aceite, ni pondrá sobre ella incienso: porque es","de celos, presente de recordación, que trae en memoria pecado.","Entonces el marido traerá su mujer al sacerdote, y traerá su ofrenda con ella, la décima de un epha de harina de cebada; no echará sobre ella aceite, ni pondrá sobre ella incienso: porque es presente de celos, presente de recordación, que trae en memoria pecado.",ofrenda,high,"Puede ser regalo, ofrenda o presencia.",,,,
1678d600998df1b42568,OT,NUM,5,15,NUM 5:15,presente,51,210,218,presente,"a aceite, ni pondrá sobre ella incienso: porque es presente de celos,","de recordación, que trae en memoria pecado.","Entonces el marido traerá su mujer al sacerdote, y traerá su ofrenda con ella, la décima de un epha de harina de cebada; no echará sobre ella aceite, ni pondrá sobre ella incienso: porque es presente de celos, presente de recordación, que trae en memoria pecado.",ofrenda,high,"Puede ser regalo, ofrenda o presencia.",,,,
796b8d6e265005e825a3,OT,NUM,5,18,NUM 5:18,presente,52,127,135,presente,"hová, y descubrirá la cabeza de la mujer, y pondrá sobre sus manos el","de la recordación, que es el presente de celos: y el sacerdote tendrá","Y hará el sacerdote estar en pie a la mujer delante de Jehová, y descubrirá la cabeza de la mujer, y pondrá sobre sus manos el presente de la recordación, que es el presente de celos: y el sacerdote tendrá en la mano las aguas amargas que acarrean maldición.",ofrenda,high,"Puede ser regalo, ofrenda o presencia.",,,,
7f07b7a7e5892f176a44,OT,NUM,5,18,NUM 5:18,presente,53,165,173,presente,"er, y pondrá sobre sus manos el presente de la recordación, que es el",de celos: y el sacerdote tendrá en la mano las aguas amargas que acar,"Y hará el sacerdote estar en pie a la mujer delante de Jehová, y descubrirá la cabeza de la mujer, y pondrá sobre sus manos el presente de la recordación, que es el presente de celos: y el sacerdote tendrá en la mano las aguas amargas que acarrean maldición.",ofrenda,high,"Puede ser regalo, ofrenda o presencia.",,,,
aad76df3a2f0953fe0a6,OT,NUM,5,25,NUM 5:25,presente,54,54,62,presente,Después tomará el sacerdote de la mano de la mujer el,"de los celos, y lo mecerá delante de Jehová, y lo ofrecerá delante de","Después tomará el sacerdote de la mano de la mujer el presente de los celos, y lo mecerá delante de Jehová, y lo ofrecerá delante del altar:",ofrenda,high,"Puede ser regalo, ofrenda o presencia.",,,,
90119f6cfd1523349900,OT,NUM,5,26,NUM 5:26,presente,55,36,44,presente,Y tomará el sacerdote un puñado del,", en memoria de ella, y lo quemará sobre el altar, y después dará a be","Y tomará el sacerdote un puñado del presente, en memoria de ella, y lo quemará sobre el altar, y después dará a beber las aguas a la mujer.",ofrenda,high,"Puede ser regalo, ofrenda o presencia.",,,,
308664babd68411bb93a,OT,NUM,6,15,NUM 6:15,presente,56,126,134,presente,"na amasadas con aceite, y hojaldres cenceñas untadas con aceite, y su",", y sus libaciones.","Además un canastillo de cenceñas, tortas de flor de harina amasadas con aceite, y hojaldres cenceñas untadas con aceite, y su presente, y sus libaciones.",ofrenda,high,"Puede ser regalo, ofrenda o presencia.",,,,
ff233265516d517c4230,OT,NUM,6,17,NUM 6:17,presente,57,124,132,presente,con el canastillo de las cenceñas; ofrecerá asimismo el sacerdote su,", y sus libaciones.","Y ofrecerá el carnero en sacrificio de paces a Jehová, con el canastillo de las cenceñas; ofrecerá asimismo el sacerdote su presente, y sus libaciones.",ofrenda,high,"Puede ser regalo, ofrenda o presencia.",,,,
87f846a274adf1a8388b,OT,NUM,7,13,NUM 7:13,presente,58,189,197,presente,del santuario; ambos llenos de flor de harina amasada con aceite para,;,"Y fue su ofrenda un plato de plata de peso de ciento y treinta siclos, y un jarro de plata de setenta siclos, al siclo del santuario; ambos llenos de flor de harina amasada con aceite para presente;",ofrenda,high,"Puede ser regalo, ofrenda o presencia.",,,,
7ca2c59b0cbcf2cbc63f,OT,NUM,7,19,NUM 7:19,presente,59,193,201,presente,del santuario; ambos llenos de flor de harina amasada con aceite para,;,"Ofreció por su ofrenda un plato de plata de ciento y treinta siclos de peso, un jarro de plata de setenta siclos, al siclo del santuario; ambos llenos de flor de harina amasada con aceite para presente;",ofrenda,high,"Puede ser regalo, ofrenda o presencia.",,,,
372e6c4a91c85185ba7b,OT,NUM,7,25,NUM 7:25,presente,60,184,192,presente,del santuario; ambos llenos de flor de harina amasada con aceite para,;,"Y su ofrenda, un plato de plata de ciento y treinta siclos de peso, un jarro de plata de setenta siclos, al siclo del santuario; ambos llenos de flor de harina amasada con aceite para presente;",ofrenda,high,"Puede ser regalo, ofrenda o presencia.",,,,
5f6767cca7431ba1a7b2,OT,NUM,7,31,NUM 7:31,presente,61,184,192,presente,del santuario; ambos llenos de flor de harina amasada con aceite para,;,"Y su ofrenda, un plato de plata de ciento y treinta siclos de peso, un jarro de plata de setenta siclos, al siclo del santuario; ambos llenos de flor de harina amasada con aceite para presente;",ofrenda,high,"Puede ser regalo, ofrenda o presencia.",,,,
76d15c6918b8c8ae590f,OT,NUM,7,37,NUM 7:37,presente,62,184,192,presente,del santuario; ambos llenos de flor de harina amasada con aceite para,;,"Y su ofrenda, un plato de plata de ciento y treinta siclos de peso, un jarro de plata de setenta siclos, al siclo del santuario; ambos llenos de flor de harina amasada con aceite para presente;",ofrenda,high,"Puede ser regalo, ofrenda o presencia.",,,,
bfec76334cc81fd93b3d,OT,NUM,7,43,NUM 7:43,presente,63,184,192,presente,del santuario; ambos llenos de flor de harina amasada con aceite para,;,"Y su ofrenda, un plato de plata de ciento y treinta siclos de peso, un jarro de plata de setenta siclos, al siclo del santuario; ambos llenos de flor de harina amasada con aceite para presente;",ofrenda,high,"Puede ser regalo, ofrenda o presencia.",,,,
71a28581d42c6f305938,OT,NUM,7,49,NUM 7:49,presente,64,184,192,presente,del santuario; ambos llenos de flor de harina amasada con aceite para,;,"Y su ofrenda, un plato de plata de ciento y treinta siclos de peso, un jarro de plata de setenta siclos, al siclo del santuario; ambos llenos de flor de harina amasada con aceite para presente;",ofrenda,high,"Puede ser regalo, ofrenda o presencia.",,,,
da95704a68308625f151,OT,NUM,7,55,NUM 7:55,presente,65,184,192,presente,del santuario; ambos llenos de flor de harina amasada con aceite para,;,"Y su ofrenda, un plato de plata de ciento y treinta siclos de peso, un jarro de plata de setenta siclos, al siclo del santuario; ambos llenos de flor de harina amasada con aceite para presente;",ofrenda,high,"Puede ser regalo, ofrenda o presencia.",,,,
159a1e554c3d79f5e985,OT,NUM,7,61,NUM 7:61,presente,66,184,192,presente,del santuario; ambos llenos de flor de harina amasada con aceite para,;,"Y su ofrenda, un plato de plata de ciento y treinta siclos de peso, un jarro de plata de setenta siclos, al siclo del santuario; ambos llenos de flor de harina amasada con aceite para presente;",ofrenda,high,"Puede ser regalo, ofrenda o presencia.",,,,
09653d3e972fdd85ef6c,OT,NUM,7,67,NUM 7:67,presente,67,184,192,presente,del santuario; ambos llenos de flor de harina amasada con aceite para,;,"Y su ofrenda, un plato de plata de ciento y treinta siclos de peso, un jarro de plata de setenta siclos, al siclo del santuario; ambos llenos de flor de harina amasada con aceite para presente;",ofrenda,high,"Puede ser regalo, ofrenda o presencia.",,,,
33bdaf96404c70a428fd,OT,NUM,7,73,NUM 7:73,presente,68,184,192,presente,del santuario; ambos llenos de flor de harina amasada con aceite para,;,"Y su ofrenda, un plato de plata de ciento y treinta siclos de peso, un jarro de plata de setenta siclos, al siclo del santuario; ambos llenos de flor de harina amasada con aceite para presente;",ofrenda,high,"Puede ser regalo, ofrenda o presencia.",,,,
97f7bc5c4f79a1e696be,OT,NUM,7,79,NUM 7:79,presente,69,184,192,presente,del santuario; ambos llenos de flor de harina amasada con aceite para,;,"Y su ofrenda, un plato de plata de ciento y treinta siclos de peso, un jarro de plata de setenta siclos, al siclo del santuario; ambos llenos de flor de harina amasada con aceite para presente;",ofrenda,high,"Puede ser regalo, ofrenda o presencia.",,,,
8713b9d54af8170c8b2e,OT,NUM,7,87,NUM 7:87,presente,70,104,112,presente,"doce becerros; doce los carneros, doce los corderos de un año, con su",": y doce los machos de cabrío, para expiación.","Todos los bueyes para holocausto, doce becerros; doce los carneros, doce los corderos de un año, con su presente: y doce los machos de cabrío, para expiación.",ofrenda,high,"Puede ser regalo, ofrenda o presencia.",,,,
2b9f0d5e6029a68af46d,OT,NUM,8,8,NUM 8:8,presente,71,33,41,presente,"Luego tomarán un novillo, con su",de flor de harina amasada con aceite; y tomarás otro novillo para exp,"Luego tomarán un novillo, con su presente de flor de harina amasada con aceite; y tomarás otro novillo para expiación.",ofrenda,high,"Puede ser regalo, ofrenda o presencia.",,,,
d06b8453658ea26a809d,OT,NUM,10,8,NUM 10:8,estatuto,36,79,87,estatuto,"os de Aarón, los sacerdotes, tocarán las trompetas; y las tendrán por",perpetuo por sus generaciones.,"Y los hijos de Aarón, los sacerdotes, tocarán las trompetas; y las tendrán por estatuto perpetuo por sus generaciones.",estatuto,medium,Puede conservarse como termino legal.,,,,
7523faae383cd199d23e,OT,NUM,11,33,NUM 11:33,fuese,20,58,63,fuese,"Aun estaba la carne entre los dientes de ellos, antes que","mascada, cuando el furor de Jehová se encendió en el pueblo, e hirió","Aun estaba la carne entre los dientes de ellos, antes que fuese mascada, cuando el furor de Jehová se encendió en el pueblo, e hirió Jehová al pueblo con una muy grande plaga.",se fue,medium,Puede requerir ajustar la frase completa.,,,,
b0d1a64569b528a877ac,OT,NUM,12,9,NUM 12:9,fuese,21,52,57,fuése,Entonces el furor de Jehová se encendió en ellos; y,.,Entonces el furor de Jehová se encendió en ellos; y fuése.,se fue,medium,Puede requerir ajustar la frase completa.,,,,
21b363d10ecd9867a3e4,OT,NUM,14,24,NUM 14:24,simiente,71,133,141,simiente,"mplió de ir en pos de mí, yo le meteré en la tierra donde entró, y su",la recibirá en heredad.,"Pero mi siervo Caleb, por cuanto hubo en él otro espíritu, y cumplió de ir en pos de mí, yo le meteré en la tierra donde entró, y su simiente la recibirá en heredad.",descendencia,high,Termino teologico; revisar promesas y genealogias.,,,,
50fdc6cea33ec05045dd,OT,NUM,15,4,NUM 15:4,presente,72,56,64,presente,"Entonces el que ofrezca su ofrenda a Jehová, traerá por","una décima de un epha de flor de harina, amasada con la cuarta parte","Entonces el que ofrezca su ofrenda a Jehová, traerá por presente una décima de un epha de flor de harina, amasada con la cuarta parte de un hin de aceite;",ofrenda,high,"Puede ser regalo, ofrenda o presencia.",,,,
e725b1aa49ba4c9d08d0,OT,NUM,15,6,NUM 15:6,presente,73,25,33,presente,Y por cada carnero harás,"de dos décimas de flor de harina, amasada con el tercio de un hin de","Y por cada carnero harás presente de dos décimas de flor de harina, amasada con el tercio de un hin de aceite:",ofrenda,high,"Puede ser regalo, ofrenda o presencia.",,,,
045eb55232cbf6157133,OT,NUM,15,9,NUM 15:9,presente,74,28,36,presente,Ofrecerás con el novillo un,"de tres décimas de flor de harina, amasada con la mitad de un hin de","Ofrecerás con el novillo un presente de tres décimas de flor de harina, amasada con la mitad de un hin de aceite:",ofrenda,high,"Puede ser regalo, ofrenda o presencia.",,,,
6c2d7748dd88a203fd77,OT,NUM,15,15,NUM 15:15,estatuto,37,9,17,estatuto,Un mismo,"tendrán, ustedes de la congregación y el extranjero que con ustedes m","Un mismo estatuto tendrán, ustedes de la congregación y el extranjero que con ustedes mora; estatuto que será perpetuo por sus edades: como ustedes, así será el peregrino delante de Jehová.",estatuto,medium,Puede conservarse como termino legal.,,,,
e7d216c722a20c8c31cf,OT,NUM,15,15,NUM 15:15,estatuto,38,92,100,estatuto,"rán, ustedes de la congregación y el extranjero que con ustedes mora;","que será perpetuo por sus edades: como ustedes, así será el peregrino","Un mismo estatuto tendrán, ustedes de la congregación y el extranjero que con ustedes mora; estatuto que será perpetuo por sus edades: como ustedes, así será el peregrino delante de Jehová.",estatuto,medium,Puede conservarse como termino legal.,,,,
60242d48e9378537f8f6,OT,NUM,15,24,NUM 15:24,presente,75,166,174,presente,"ón ofrecerá un novillo por holocausto, en olor suave a Jehová, con su","y su libación, conforme a la ley; y un macho cabrío en expiación.","Será que, si el pecado fue hecho por yerro con ignorancia de la congregación, toda la congregación ofrecerá un novillo por holocausto, en olor suave a Jehová, con su presente y su libación, conforme a la ley; y un macho cabrío en expiación.",ofrenda,high,"Puede ser regalo, ofrenda o presencia.",,,,
c3c9f5cb6412164c77af,OT,NUM,16,15,NUM 16:15,presente,76,72,80,presente,"tonces Moisés se enojó en gran manera, y dijo a Jehová: No mires a su",": ni aun un asno he tomado de ellos, ni a ninguno de ellos he hecho ma","Entonces Moisés se enojó en gran manera, y dijo a Jehová: No mires a su presente: ni aun un asno he tomado de ellos, ni a ninguno de ellos he hecho mal.",ofrenda,high,"Puede ser regalo, ofrenda o presencia.",,,,
c8ad9c9db542ab7dc2ce,OT,NUM,16,40,NUM 16:40,simiente,72,70,78,simiente,En recuerdo a los hijos de Israel que ningún extraño que no sea de la,"de Aarón, llegue a ofrecer sahumerio delante de Jehová, porque no sea","En recuerdo a los hijos de Israel que ningún extraño que no sea de la simiente de Aarón, llegue a ofrecer sahumerio delante de Jehová, porque no sea como Coré, y como su séquito; según se lo dijo Jehová por mano de Moisés.",descendencia,high,Termino teologico; revisar promesas y genealogias.,,,,
4155b743ef1ab0ed38e7,OT,NUM,18,8,NUM 18:8,estatuto,39,187,195,estatuto,"hijos de Israel te he dado por razón de la unción, y a tus hijos, por",perpetuo.,"Dijo más Jehová a Aarón: He aquí yo te he dado también la guarda de mis ofrendas: todas las cosas consagradas de los hijos de Israel te he dado por razón de la unción, y a tus hijos, por estatuto perpetuo.",estatuto,medium,Puede conservarse como termino legal.,,,,
77d8a78ee624d432a283,OT,NUM,18,9,NUM 18:9,presente,77,99,107,presente,"de las cosas santas reservadas del fuego: toda ofrenda de ellos, todo","suyo, y toda expiación por el pecado de ellos, y toda expiación por l","Esto será tuyo de la ofrenda de las cosas santas reservadas del fuego: toda ofrenda de ellos, todo presente suyo, y toda expiación por el pecado de ellos, y toda expiación por la culpa de ellos, que me han de presentar, será cosa muy santa para ti y para tus hijos.",ofrenda,high,"Puede ser regalo, ofrenda o presencia.",,,,
6b4b731ad3c79519bfb4,OT,NUM,18,11,NUM 18:11,estatuto,40,166,174,estatuto,"jos de Israel, he dado a ti, y a tus hijos y a tus hijas contigo, por",perpetuo: todo limpio en tu casa comerá de ellas.,"Esto también será tuyo: la ofrenda elevada de sus dones, y todas las ofrendas agitadas de los hijos de Israel, he dado a ti, y a tus hijos y a tus hijas contigo, por estatuto perpetuo: todo limpio en tu casa comerá de ellas.",estatuto,medium,Puede conservarse como termino legal.,,,,
2509b8d41f1f8d02744e,OT,NUM,18,19,NUM 18:19,simiente,73,239,247,simiente,erpetuo: pacto de sal perpetuo es delante de Jehová para ti y para tu,contigo.,"Todas las ofrendas elevadas de las cosas santas, que los hijos de Israel ofrezcan a Jehová, helas dado para ti, y para tus hijos y para tus hijas contigo, por estatuto perpetuo: pacto de sal perpetuo es delante de Jehová para ti y para tu simiente contigo.",descendencia,high,Termino teologico; revisar promesas y genealogias.,,,,
fd7c20f4e7a0536a5f46,OT,NUM,18,19,NUM 18:19,estatuto,41,159,167,estatuto,"á, helas dado para ti, y para tus hijos y para tus hijas contigo, por",perpetuo: pacto de sal perpetuo es delante de Jehová para ti y para t,"Todas las ofrendas elevadas de las cosas santas, que los hijos de Israel ofrezcan a Jehová, helas dado para ti, y para tus hijos y para tus hijas contigo, por estatuto perpetuo: pacto de sal perpetuo es delante de Jehová para ti y para tu simiente contigo.",estatuto,medium,Puede conservarse como termino legal.,,,,
4d42548c1a1150b17c10,OT,NUM,18,23,NUM 18:23,estatuto,42,98,106,estatuto,"rvicio del tabernáculo del testimonio, y ellos llevarán su iniquidad:",perpetuo por sus edades; y no poseerán heredad entre los hijos de Isr,"Pero los Levitas harán el servicio del tabernáculo del testimonio, y ellos llevarán su iniquidad: estatuto perpetuo por sus edades; y no poseerán heredad entre los hijos de Israel.",estatuto,medium,Puede conservarse como termino legal.,,,,
77a9008e57ff78843d97,OT,NUM,19,10,NUM 19:10,estatuto,43,170,178,estatuto,"a los hijos de Israel, y al extranjero que peregrina entre ellos, por",perpetuo.,"Y el que recogió las cenizas de la vaca, lavará sus vestidos, y será inmundo hasta la tarde: y será a los hijos de Israel, y al extranjero que peregrina entre ellos, por estatuto perpetuo.",estatuto,medium,Puede conservarse como termino legal.,,,,
db9c68134db3aed4b1a7,OT,NUM,19,21,NUM 19:21,estatuto,44,15,23,estatuto,Y les será por,perpetuo: también el que rocíe el agua de la separación lavará sus ve,"Y les será por estatuto perpetuo: también el que rocíe el agua de la separación lavará sus vestidos; y el que toque el agua de la separación, será inmundo hasta la tarde.",estatuto,medium,Puede conservarse como termino legal.,,,,
06ec316c711084827956,OT,NUM,22,9,NUM 22:9,dijole,25,24,30,díjole,"Y vino Dios a Balaam, y",: ¿Qué varones son estos que están contigo?,"Y vino Dios a Balaam, y díjole: ¿Qué varones son estos que están contigo?",le dijo,low,Forma enclitica arcaica.,Codex-assisted,replace,le dijo,Modernización de forma enclítica arcaica.
bb2465a9542e393e48b3,OT,NUM,22,20,NUM 22:20,dijole,26,33,39,díjole,"Y vino Dios a Balaam de noche, y",": Si vienen a llamarte hombres, levántate y ve con ellos: pero harás l","Y vino Dios a Balaam de noche, y díjole: Si vienen a llamarte hombres, levántate y ve con ellos: pero harás lo que yo te diga.",le dijo,low,Forma enclitica arcaica.,Codex-assisted,replace,le dijo,Modernización de forma enclítica arcaica.
5b4a58878c7e46fee4bb,OT,NUM,23,5,NUM 23:5,dijole,27,46,52,díjole,"Y Jehová puso palabra en la boca de Balaam, y",": Vuelve a Balac, y has de hablar así.","Y Jehová puso palabra en la boca de Balaam, y díjole: Vuelve a Balac, y has de hablar así.",le dijo,low,Forma enclitica arcaica.,Codex-assisted,replace,le dijo,Modernización de forma enclítica arcaica.
fa8f8bf60ee81ca56181,OT,NUM,23,10,NUM 23:10,postrimeria,1,126,137,postrimería,"ta parte de Israel? Muera mi persona de la muerte de los rectos, y mi",sea como la suya.,"¿Quién contará el polvo de Jacob, o el número de la cuarta parte de Israel? Muera mi persona de la muerte de los rectos, y mi postrimería sea como la suya.",fin/final,high,Revisar contexto poetico/profetico.,,,,
55fe4104defebae69937,OT,NUM,23,16,NUM 23:16,dijole,28,68,74,díjole,"Y Jehová salió al encuentro de Balaam, y puso palabra en su boca, y",": Vuelve a Balac, y así has de decir.","Y Jehová salió al encuentro de Balaam, y puso palabra en su boca, y díjole: Vuelve a Balac, y así has de decir.",le dijo,low,Forma enclitica arcaica.,Codex-assisted,replace,le dijo,Modernización de forma enclítica arcaica.
dce20f30b64566493552,OT,NUM,23,17,NUM 23:17,dijole,29,94,100,díjole,"ue él estaba junto a su holocausto, y con él los príncipes de Moab: y",Balac: ¿Qué ha dicho Jehová?,"Y vino a él, y he aquí que él estaba junto a su holocausto, y con él los príncipes de Moab: y díjole Balac: ¿Qué ha dicho Jehová?",le dijo,low,Forma enclitica arcaica.,Codex-assisted,replace,le dijo,Modernización de forma enclítica arcaica.
bc5ba6fd37d5700ca9dc,OT,NUM,24,7,NUM 24:7,simiente,74,36,44,simiente,"De sus manos destilarán aguas, y su","será en muchas aguas: y ensalzarse ha su rey más que Agag, y su reino","De sus manos destilarán aguas, y su simiente será en muchas aguas: y ensalzarse ha su rey más que Agag, y su reino será ensalzado.",descendencia,high,Termino teologico; revisar promesas y genealogias.,,,,
7cc309120fcbb9bed8cb,OT,NUM,24,8,NUM 24:8,saeta,1,137,143,saetas,"as gentes sus enemigas, y desmenuzará sus huesos, y asaeteará con sus",.,"Dios lo sacó de Egipto; tiene fuerzas como de unicornio: comerá a las gentes sus enemigas, y desmenuzará sus huesos, y asaeteará con sus saetas.",flecha,medium,Termino poetico; revisar estilo.,,,,
8a664f3c7dec88f04821,OT,NUM,24,20,NUM 24:20,postrimeria,2,79,90,postrimería,"a Amalec, tomó su parábola, y dijo: Amalec, cabeza de gentes; pero su",perecerá para siempre.,"Y viendo a Amalec, tomó su parábola, y dijo: Amalec, cabeza de gentes; pero su postrimería perecerá para siempre.",fin/final,high,Revisar contexto poetico/profetico.,,,,
73c9f2adc294bea76727,OT,NUM,25,13,NUM 25:13,simiente,75,18,26,simiente,"Y tendrá él, y su","después de él, el pacto del sacerdocio perpetuo; por cuanto tuvo celo","Y tendrá él, y su simiente después de él, el pacto del sacerdocio perpetuo; por cuanto tuvo celo por su Dios, e hizo expiación por los hijos de Israel.",descendencia,high,Termino teologico; revisar promesas y genealogias.,,,,
651249401ffe8aae14ca,OT,NUM,27,11,NUM 27:11,estatuto,45,144,152,estatuto,"no de su linaje, el cual la poseerá: y será a los hijos de Israel por","de derecho, como Jehová mandó a Moisés.","Y si su padre no tiene hermanos, darán su herencia a su pariente más cercano de su linaje, el cual la poseerá: y será a los hijos de Israel por estatuto de derecho, como Jehová mandó a Moisés.",estatuto,medium,Puede conservarse como termino legal.,,,,
a30f73b7bb2aa0bf6785,OT,NUM,28,5,NUM 28:5,presente,78,96,104,presente,"flor de harina, amasada con una cuarta de un hin de aceite molido, en",.,"Y la décima de un epha de flor de harina, amasada con una cuarta de un hin de aceite molido, en presente.",ofrenda,high,"Puede ser regalo, ofrenda o presencia.",,,,
beb635a820100a48c01b,OT,NUM,28,9,NUM 28:9,presente,79,115,123,presente,"sin defecto, y dos décimas de flor de harina amasada con aceite, por",", con su libación:","Pero el día del sábado dos corderos de un año sin defecto, y dos décimas de flor de harina amasada con aceite, por presente, con su libación:",ofrenda,high,"Puede ser regalo, ofrenda o presencia.",,,,
5488bd961eaadf877cd5,OT,NUM,28,12,NUM 28:12,presente,80,57,65,presente,"Y tres décimas de flor de harina amasada con aceite, por","con cada becerro; y dos décimas de flor de harina amasada con aceite,","Y tres décimas de flor de harina amasada con aceite, por presente con cada becerro; y dos décimas de flor de harina amasada con aceite, por presente con cada carnero;",ofrenda,high,"Puede ser regalo, ofrenda o presencia.",,,,
29acd977edb8341d6dbe,OT,NUM,36,13,NUM 36:13,estatuto,46,33,42,estatutos,Estos son los mandamientos y los,que mandó Jehová por mano de Moisés a los hijos de Israel en los camp,"Estos son los mandamientos y los estatutos que mandó Jehová por mano de Moisés a los hijos de Israel en los campos de Moab, junto al Jordán de Jericó.",estatuto,medium,Puede conservarse como termino legal.,,,,
ebcca06b711065314a38,OT,DEU,1,8,DEU 1:8,simiente,76,154,162,simiente,"ró a sus padres Abraham, Isaac, y Jacob, que les daría a ellos y a su",después de ellos.,"Miren, yo he dado la tierra en su presencia; entren y posean la tierra que Jehová juró a sus padres Abraham, Isaac, y Jacob, que les daría a ellos y a su simiente después de ellos.",descendencia,high,Termino teologico; revisar promesas y genealogias.,,,,
64004dcca43b5b9eea38,OT,DEU,4,1,DEU 4:1,estatuto,47,31,40,estatutos,"Ahora pues, oh Israel, oye los","y derechos que yo les enseño, para que los ejecuten, y vivan, y entre","Ahora pues, oh Israel, oye los estatutos y derechos que yo les enseño, para que los ejecuten, y vivan, y entren, y posean la tierra que Jehová el Dios de sus padres te da.",estatuto,medium,Puede conservarse como termino legal.,,,,
4284f0ac0faebc2e3cb6,OT,DEU,4,5,DEU 4:5,estatuto,48,26,35,estatutos,"Miren, yo les he enseñado","y derechos, como Jehová mi Dios me mandó, para que hagan así en medio","Miren, yo les he enseñado estatutos y derechos, como Jehová mi Dios me mandó, para que hagan así en medio de la tierra en la cual entran para poseerla.",estatuto,medium,Puede conservarse como termino legal.,,,,
a63dc3868aa06a29405c,OT,DEU,4,6,DEU 4:6,estatuto,49,139,148,estatutos,"su inteligencia en ojos de los pueblos, los cuales oirán todos estos",", y dirán: Ciertamente pueblo sabio y entendido, gente grande es ésta.","Guárdenlos, pues, y pónganlos por obra: porque esta es su sabiduría y su inteligencia en ojos de los pueblos, los cuales oirán todos estos estatutos, y dirán: Ciertamente pueblo sabio y entendido, gente grande es ésta.",estatuto,medium,Puede conservarse como termino legal.,,,,
6b4f8f53383a62d0df03,OT,DEU,4,8,DEU 4:8,estatuto,50,34,43,estatutos,Y ¿qué gente grande hay que tenga,"y derechos justos, como es toda esta ley que yo pongo hoy delante de","Y ¿qué gente grande hay que tenga estatutos y derechos justos, como es toda esta ley que yo pongo hoy delante de ustedes?",estatuto,medium,Puede conservarse como termino legal.,,,,
3ec1ed9615827a7f61d8,OT,DEU,4,14,DEU 4:14,estatuto,51,53,62,estatutos,A mí también me mandó Jehová entonces enseñarles los,"y derechos, para que los pusiesen por obra en la tierra a la cual pas","A mí también me mandó Jehová entonces enseñarles los estatutos y derechos, para que los pusiesen por obra en la tierra a la cual pasan para poseerla.",estatuto,medium,Puede conservarse como termino legal.,,,,
bc88634ac02ab0f763ad,OT,DEU,4,37,DEU 4:37,simiente,77,45,53,simiente,"Y por cuanto él amó a tus padres, escogió su","después de ellos, y sacóte delante de sí de Egipto con su gran poder;","Y por cuanto él amó a tus padres, escogió su simiente después de ellos, y sacóte delante de sí de Egipto con su gran poder;",descendencia,high,Termino teologico; revisar promesas y genealogias.,,,,
0c9269a8eb4a13f39770,OT,DEU,4,40,DEU 4:40,estatuto,52,13,22,estatutos,Y guarda sus,"y sus mandamientos, que yo te mando hoy, para que te vaya bien a ti y","Y guarda sus estatutos y sus mandamientos, que yo te mando hoy, para que te vaya bien a ti y a tus hijos después de ti, y prolongues tus días sobre la tierra que Jehová tu Dios te da para siempre.",estatuto,medium,Puede conservarse como termino legal.,,,,
bc880b560f319a637f82,OT,DEU,4,45,DEU 4:45,estatuto,53,33,42,estatutos,"Estos son los testimonios, y los",", y los derechos, que Moisés notificó a los hijos de Israel, cuando hu","Estos son los testimonios, y los estatutos, y los derechos, que Moisés notificó a los hijos de Israel, cuando hubieron salido de Egipto;",estatuto,medium,Puede conservarse como termino legal.,,,,
9357b27fea1f30a6a171,OT,DEU,5,1,DEU 5:1,estatuto,54,58,67,estatutos,"Y llamó Moisés a todo Israel, y díjoles: Oye, Israel, los","y derechos que yo pronuncio hoy en sus oídos: y apréndanlos, y guárde","Y llamó Moisés a todo Israel, y díjoles: Oye, Israel, los estatutos y derechos que yo pronuncio hoy en sus oídos: y apréndanlos, y guárdenlos, para ponerlos por obra.",estatuto,medium,Puede conservarse como termino legal.,,,,
3e8badaf6780b6b37915,OT,DEU,5,29,DEU 5:29,fuese,22,142,147,fuese,"s los días todos mis mandamientos, para que a ellos y a sus hijos les",bien para siempre!,"¡Quién diera que tuviesen tal corazón, que me temiesen, y guardasen todos los días todos mis mandamientos, para que a ellos y a sus hijos les fuese bien para siempre!",se fue,medium,Puede requerir ajustar la frase completa.,,,,
530f45e72f7d3b086d5e,OT,DEU,5,31,DEU 5:31,estatuto,55,62,71,estatutos,"Y tú estáte aquí conmigo, y te diré todos los mandamientos, y",", y derechos, que les has de enseñar, a fin que los pongan ahora por o","Y tú estáte aquí conmigo, y te diré todos los mandamientos, y estatutos, y derechos, que les has de enseñar, a fin que los pongan ahora por obra en la tierra que yo les doy para poseerla.",estatuto,medium,Puede conservarse como termino legal.,,,,
cbb602acbd47336f38d8,OT,DEU,6,1,DEU 6:1,estatuto,56,33,42,estatutos,"Estos pues son los mandamientos,",", y derechos que Jehová su Dios mandó que les enseñase, para que los p","Estos pues son los mandamientos, estatutos, y derechos que Jehová su Dios mandó que les enseñase, para que los pongan por obra en la tierra a la cual pasan ustedes para poseerla:",estatuto,medium,Puede conservarse como termino legal.,,,,
8d4fff60d4f6b6d03106,OT,DEU,6,2,DEU 6:2,estatuto,57,53,62,estatutos,"Para que temas a Jehová tu Dios, guardando todos sus","y sus mandamientos que yo te mando, tú, y tu hijo, y el hijo de tu hi","Para que temas a Jehová tu Dios, guardando todos sus estatutos y sus mandamientos que yo te mando, tú, y tu hijo, y el hijo de tu hijo, todos los días de tu vida, y que tus días sean prolongados.",estatuto,medium,Puede conservarse como termino legal.,,,,
54a015e76ba70c044542,OT,DEU,6,17,DEU 6:17,estatuto,58,84,93,estatutos,"osamente los mandamientos de Jehová su Dios, y sus testimonios, y sus",", que te ha mandado.","Guarden cuidadosamente los mandamientos de Jehová su Dios, y sus testimonios, y sus estatutos, que te ha mandado.",estatuto,medium,Puede conservarse como termino legal.,,,,
c148b42d5f62278f4225,OT,DEU,6,20,DEU 6:20,estatuto,59,80,89,estatutos,"ana te pregunte tu hijo, diciendo: ¿Qué significan los testimonios, y",", y derechos, que Jehová nuestro Dios les mandó?","Cuando mañana te pregunte tu hijo, diciendo: ¿Qué significan los testimonios, y estatutos, y derechos, que Jehová nuestro Dios les mandó?",estatuto,medium,Puede conservarse como termino legal.,,,,
2152a65e23715701b8f1,OT,DEU,6,24,DEU 6:24,estatuto,60,47,56,estatutos,Y mandónos Jehová que ejecutásemos todos estos,", y que temamos a Jehová nuestro Dios, porque nos vaya bien todos los","Y mandónos Jehová que ejecutásemos todos estos estatutos, y que temamos a Jehová nuestro Dios, porque nos vaya bien todos los días, y para que nos dé vida, como hoy.",estatuto,medium,Puede conservarse como termino legal.,,,,
fc4fcc2f1132bca2a540,OT,DEU,7,11,DEU 7:11,estatuto,61,37,46,estatutos,"Guarda por tanto los mandamientos, y",", y derechos que yo te mando hoy que cumplas.","Guarda por tanto los mandamientos, y estatutos, y derechos que yo te mando hoy que cumplas.",estatuto,medium,Puede conservarse como termino legal.,,,,
9888ba7f7a2bdd1feea0,OT,DEU,8,11,DEU 8:11,estatuto,62,104,113,estatutos,"ová tu Dios, para no observar sus mandamientos, y sus derechos, y sus",", que yo te ordeno hoy:","Guárdate, que no te olvides de Jehová tu Dios, para no observar sus mandamientos, y sus derechos, y sus estatutos, que yo te ordeno hoy:",estatuto,medium,Puede conservarse como termino legal.,,,,
1697bfbddd12f1005c43,OT,DEU,10,13,DEU 10:13,estatuto,63,45,54,estatutos,Que guardes los mandamientos de Jehová y sus,", que yo te prescribo hoy, para que hayas bien?","Que guardes los mandamientos de Jehová y sus estatutos, que yo te prescribo hoy, para que hayas bien?",estatuto,medium,Puede conservarse como termino legal.,,,,
30974f4c331de60b099d,OT,DEU,10,15,DEU 10:15,simiente,78,68,76,simiente,"Solamente de tus padres se agradó Jehová para amarlos, y escogió su","después de ellos, a ustedes, de entre todos los pueblos, como en este","Solamente de tus padres se agradó Jehová para amarlos, y escogió su simiente después de ellos, a ustedes, de entre todos los pueblos, como en este día.",descendencia,high,Termino teologico; revisar promesas y genealogias.,,,,
bfccf9ac385448439966,OT,DEU,11,1,DEU 11:1,estatuto,64,62,71,estatutos,"Amarás pues a Jehová tu Dios, y guardarás su ordenanza, y sus","y sus derechos y sus mandamientos, todos los días.","Amarás pues a Jehová tu Dios, y guardarás su ordenanza, y sus estatutos y sus derechos y sus mandamientos, todos los días.",estatuto,medium,Puede conservarse como termino legal.,,,,
ab9691b383bca783c995,OT,DEU,11,9,DEU 11:9,simiente,79,115,123,simiente,"e la tierra, que juró Jehová a sus padres había de dar a ellos y a su",", tierra que fluye leche y miel.","Y para que les sean prolongados los días sobre la tierra, que juró Jehová a sus padres había de dar a ellos y a su simiente, tierra que fluye leche y miel.",descendencia,high,Termino teologico; revisar promesas y genealogias.,,,,
f63a06fdcc234f007412,OT,DEU,11,10,DEU 11:10,simiente,80,117,125,simiente,"o es como la tierra de Egipto de donde han salido, donde sembrabas tu",", y regabas con tu pie, como huerto de hortaliza.","Que la tierra a la cual entras para poseerla, no es como la tierra de Egipto de donde han salido, donde sembrabas tu simiente, y regabas con tu pie, como huerto de hortaliza.",descendencia,high,Termino teologico; revisar promesas y genealogias.,,,,
1016dc67a52a5b46004d,OT,DEU,11,32,DEU 11:32,estatuto,65,44,53,estatutos,"Cuidarán, pues, de poner por obra todos los",y derechos que yo presento hoy delante de ustedes.,"Cuidarán, pues, de poner por obra todos los estatutos y derechos que yo presento hoy delante de ustedes.",estatuto,medium,Puede conservarse como termino legal.,,,,
0f5a424692623e3957e0,OT,DEU,12,1,DEU 12:1,estatuto,66,14,23,estatutos,Estos son los,"y derechos que cuidarán de poner por obra, en la tierra que Jehová el","Estos son los estatutos y derechos que cuidarán de poner por obra, en la tierra que Jehová el Dios de tus padres te ha dado para que la poseas, todos los días que ustedes vivan sobre la tierra.",estatuto,medium,Puede conservarse como termino legal.,,,,
f8722080e31f92c8079c,OT,DEU,16,12,DEU 16:12,estatuto,67,79,88,estatutos,te que fuiste siervo en Egipto; por tanto guardarás y cumplirás estos,.,Y acuérdate que fuiste siervo en Egipto; por tanto guardarás y cumplirás estos estatutos.,estatuto,medium,Puede conservarse como termino legal.,,,,
d0b3a563342f981d7d39,OT,DEU,17,19,DEU 17:19,estatuto,68,157,166,estatutos,"a Jehová su Dios, para guardar todas las palabras de esta ley y estos",", para ponerlos por obra:","Y lo tendrá consigo, y leerá en él todos los días de su vida, para que aprenda a temer a Jehová su Dios, para guardar todas las palabras de esta ley y estos estatutos, para ponerlos por obra:",estatuto,medium,Puede conservarse como termino legal.,,,,
1cc3c19d6506eb905291,OT,DEU,26,16,DEU 26:16,estatuto,69,46,55,estatutos,Jehová tu Dios te manda hoy que cumplas estos,"y derechos; cuida, pues, de ponerlos por obra con todo tu corazón, y","Jehová tu Dios te manda hoy que cumplas estos estatutos y derechos; cuida, pues, de ponerlos por obra con todo tu corazón, y con toda tu alma.",estatuto,medium,Puede conservarse como termino legal.,,,,
e4e8053dbf4ea7fe3cdd,OT,DEU,26,17,DEU 26:17,estatuto,70,101,110,estatutos,"que te sea por Dios, y para andar en sus caminos, y para guardar sus","y sus mandamientos y sus derechos, y para oir su voz:","A Jehová has ensalzado hoy para que te sea por Dios, y para andar en sus caminos, y para guardar sus estatutos y sus mandamientos y sus derechos, y para oir su voz:",estatuto,medium,Puede conservarse como termino legal.,,,,
d716ef7af453c36c214f,OT,DEU,27,10,DEU 27:10,estatuto,71,72,81,estatutos,"rás pues la voz de Jehová tu Dios, y cumplirás sus mandamientos y sus",", que yo te ordeno hoy.","Oirás pues la voz de Jehová tu Dios, y cumplirás sus mandamientos y sus estatutos, que yo te ordeno hoy.",estatuto,medium,Puede conservarse como termino legal.,,,,
6e49daab2c125a245804,OT,DEU,28,15,DEU 28:15,estatuto,72,106,115,estatutos,"á tu Dios, para cuidar de poner por obra todos sus mandamientos y sus",", que yo te intimo hoy, que vendrán sobre ti todas estas maldiciones,","Y será, si no oyeres la voz de Jehová tu Dios, para cuidar de poner por obra todos sus mandamientos y sus estatutos, que yo te intimo hoy, que vendrán sobre ti todas estas maldiciones, y te alcanzarán.",estatuto,medium,Puede conservarse como termino legal.,,,,
369dc740244f24e9e15c,OT,DEU,28,45,DEU 28:45,estatuto,73,192,201,estatutos,"ndido a la voz de Jehová tu Dios, para guardar sus mandamientos y sus",", que él te mandó:","Y vendrán sobre ti todas estas maldiciones, y te perseguirán, y te alcanzarán hasta que perezcas; por cuanto no habrás atendido a la voz de Jehová tu Dios, para guardar sus mandamientos y sus estatutos, que él te mandó:",estatuto,medium,Puede conservarse como termino legal.,,,,
5e3dbbbed7fd4d29afb5,OT,DEU,28,67,DEU 28:67,fuese,23,34,39,fuese,Por la mañana dirás: ¡Quién diera,la tarde! y a la tarde dirás: ¡Quién diera fuese la mañana! por el mi,"Por la mañana dirás: ¡Quién diera fuese la tarde! y a la tarde dirás: ¡Quién diera fuese la mañana! por el miedo de tu corazón con que estarás amedrentado, y por lo que verán tus ojos.",se fue,medium,Puede requerir ajustar la frase completa.,,,,
e548f2f297132be18173,OT,DEU,28,67,DEU 28:67,fuese,24,83,88,fuese,dirás: ¡Quién diera fuese la tarde! y a la tarde dirás: ¡Quién diera,"la mañana! por el miedo de tu corazón con que estarás amedrentado, y","Por la mañana dirás: ¡Quién diera fuese la tarde! y a la tarde dirás: ¡Quién diera fuese la mañana! por el miedo de tu corazón con que estarás amedrentado, y por lo que verán tus ojos.",se fue,medium,Puede requerir ajustar la frase completa.,,,,
7461cddd0ececb7d678c,OT,DEU,30,10,DEU 30:10,estatuto,74,76,85,estatutos,"oyeres la voz de Jehová tu Dios, para guardar sus mandamientos y sus",escritos en este libro de la ley; cuando te convirtieres a Jehová tu,"Cuando oyeres la voz de Jehová tu Dios, para guardar sus mandamientos y sus estatutos escritos en este libro de la ley; cuando te convirtieres a Jehová tu Dios con todo tu corazón y con toda tu alma.",estatuto,medium,Puede conservarse como termino legal.,,,,
b983dfd6726fdb17a48f,OT,DEU,30,16,DEU 30:16,estatuto,75,109,118,estatutos,"á tu Dios, que andes en sus caminos, y guardes sus mandamientos y sus","y sus derechos, para que vivas y seas multiplicado, y Jehová tu Dios","Porque yo te mando hoy que ames a Jehová tu Dios, que andes en sus caminos, y guardes sus mandamientos y sus estatutos y sus derechos, para que vivas y seas multiplicado, y Jehová tu Dios te bendiga en la tierra a la cual entras para poseerla.",estatuto,medium,Puede conservarse como termino legal.,,,,
56a57fb567657ed83ec7,OT,DEU,31,7,DEU 31:7,dijole,30,26,32,díjole,"Y llamó Moisés a Josué, y",a vista de todo Israel: Esfuérzate y anímate; porque tú entrarás con,"Y llamó Moisés a Josué, y díjole a vista de todo Israel: Esfuérzate y anímate; porque tú entrarás con este pueblo a la tierra que juró Jehová a sus padres que les había de dar, y tú se la harás heredar.",le dijo,low,Forma enclitica arcaica.,Codex-assisted,replace,le dijo,Modernización de forma enclítica arcaica.
1bfcb41d4e61048684ca,OT,DEU,32,20,DEU 32:20,postrimeria,3,56,67,postrimería,"Y dijo: Esconderé de ellos mi rostro, veré cuál será su",": que son generación de perversidades, hijos sin fe.","Y dijo: Esconderé de ellos mi rostro, veré cuál será su postrimería: que son generación de perversidades, hijos sin fe.",fin/final,high,Revisar contexto poetico/profetico.,,,,
f4d0fdf1dde144d8432b,OT,DEU,32,23,DEU 32:23,saeta,2,53,59,saetas,Yo allegaré males sobre ellos; emplearé en ellos mis,.,Yo allegaré males sobre ellos; emplearé en ellos mis saetas.,flecha,medium,Termino poetico; revisar estilo.,,,,
05764ccca334a26f5b55,OT,DEU,32,29,DEU 32:29,postrimeria,4,63,74,postrimería,"¡Ojalá fueran sabios, que comprendieran esto, y entendieran su",!,"¡Ojalá fueran sabios, que comprendieran esto, y entendieran su postrimería!",fin/final,high,Revisar contexto poetico/profetico.,,,,
bf1ddad2c8c168b1d0ab,OT,DEU,32,42,DEU 32:42,saeta,3,25,31,saetas,Embriagaré de sangre mis,", y mi espada devorará carne: en la sangre de los muertos y de los cau","Embriagaré de sangre mis saetas, y mi espada devorará carne: en la sangre de los muertos y de los cautivos de las cabezas, con venganzas de enemigo.",flecha,medium,Termino poetico; revisar estilo.,,,,
102c70d1d920120b0d80,OT,DEU,33,11,DEU 33:11,lomos,6,86,91,lomos,"vá, lo que hagan, y recibe con agrado la obra de sus manos: hiere los","de sus enemigos, y de los que le aborrezcan; para que nunca se levant","Bendice, oh Jehová, lo que hagan, y recibe con agrado la obra de sus manos: hiere los lomos de sus enemigos, y de los que le aborrezcan; para que nunca se levanten.",cintura,medium,Puede ser literal o modismo.,,,,
7b491cebdbf5be89ec56,OT,DEU,34,4,DEU 34:4,dijole,31,2,8,díjole,Y,"Jehová: Esta es la tierra de que juré a Abraham, a Isaac, y a Jacob,","Y díjole Jehová: Esta es la tierra de que juré a Abraham, a Isaac, y a Jacob, diciendo: A tu simiente la daré. Hétela hecho ver con tus ojos, pero no pasarás allá.",le dijo,low,Forma enclitica arcaica.,Codex-assisted,replace,le dijo,Modernización de forma enclítica arcaica.
f43710008b9508154086,OT,JOS,5,14,JOS 5:14,dijole,32,140,146,díjole,ido. Entonces Josué postrándose sobre su rostro en tierra le adoró; y,: ¿Qué dice mi Señor a su siervo?,"Y él respondió: No; pero Príncipe del ejército de Jehová, ahora he venido. Entonces Josué postrándose sobre su rostro en tierra le adoró; y díjole: ¿Qué dice mi Señor a su siervo?",le dijo,low,Forma enclitica arcaica.,Codex-assisted,replace,le dijo,Modernización de forma enclítica arcaica.
58b518b46d4a129d0ed6,OT,JOS,11,20,JOS 11:20,fuese,25,135,140,fuese,"a que resistiesen con guerra a Israel, para destruirlos, y que no les","hecha misericordia, antes fuesen desarraigados, como Jehová lo había","Porque esto vino de Jehová, que endurecía el corazón de ellos para que resistiesen con guerra a Israel, para destruirlos, y que no les fuese hecha misericordia, antes fuesen desarraigados, como Jehová lo había mandado a Moisés.",se fue,medium,Puede requerir ajustar la frase completa.,,,,
b6ff3982b94cb0204442,OT,JOS,22,28,JOS 22:28,fuese,26,249,254,fuese,"ron nuestros padres, no para holocaustos o sacrificios, sino para que",testimonio entre nosotros y ustedes.,"Nosotros, pues, dijimos: Si acontece que tal digan a nosotros, o a nuestras generaciones en lo por venir, entonces responderemos: Miren el símil del altar de Jehová, el cual hicieron nuestros padres, no para holocaustos o sacrificios, sino para que fuese testimonio entre nosotros y ustedes.",se fue,medium,Puede requerir ajustar la frase completa.,,,,
6447bc5520a886200546,OT,JDG,1,26,JDG 1:26,fuese,27,2,7,fuese,Y,"el hombre a la tierra de los Hetheos, y edificó una ciudad, a la cual","Y fuese el hombre a la tierra de los Hetheos, y edificó una ciudad, a la cual llamó Luz: y este es su nombre hasta hoy.",se fue,medium,Puede requerir ajustar la frase completa.,,,,
db44d3cd53629e125cdb,OT,JDG,3,2,JDG 3:2,fuese,28,101,106,fuese,"los hijos de Israel conociese, para enseñarlos en la guerra, siquiera",a los que antes no la habían conocido:,"Para que al menos el linaje de los hijos de Israel conociese, para enseñarlos en la guerra, siquiera fuese a los que antes no la habían conocido:",se fue,medium,Puede requerir ajustar la frase completa.,,,,
14a3edc496fa2b83a397,OT,JDG,4,6,JDG 4:6,dijole,33,71,77,díjole,"ella envió a llamar a Barac hijo de Abinoam, de Cedes de Nephtalí, y",": ¿No te ha mandado Jehová Dios de Israel, diciendo: Ve, y haz gente e","Y ella envió a llamar a Barac hijo de Abinoam, de Cedes de Nephtalí, y díjole: ¿No te ha mandado Jehová Dios de Israel, diciendo: Ve, y haz gente en el monte de Tabor, y toma contigo diez mil hombres de los hijos de Nephtalí, y de los hijos de Zabulón:",le dijo,low,Forma enclitica arcaica.,Codex-assisted,replace,le dijo,Modernización de forma enclítica arcaica.
e03acf26b768dad199c8,OT,JDG,4,18,JDG 4:18,dijole,34,36,42,díjole,"Y saliendo Jael a recibir a Sísara,",": Ven, señor mío, ven a mí, no tengas temor. Y él vino a ella a la tie","Y saliendo Jael a recibir a Sísara, díjole: Ven, señor mío, ven a mí, no tengas temor. Y él vino a ella a la tienda, y ella le cubrió con una manta.",le dijo,low,Forma enclitica arcaica.,Codex-assisted,replace,le dijo,Modernización de forma enclítica arcaica.
dac6f46b8763168df2f9,OT,JDG,4,22,JDG 4:22,dijole,35,54,60,díjole,"Y siguiendo Barac a Sísara, Jael salió a recibirlo, y",": Ven, y te mostraré al varón que tú buscas. Y él entró donde ella est","Y siguiendo Barac a Sísara, Jael salió a recibirlo, y díjole: Ven, y te mostraré al varón que tú buscas. Y él entró donde ella estaba, y he aquí Sísara yacía muerto con la estaca por la sien.",le dijo,low,Forma enclitica arcaica.,Codex-assisted,replace,le dijo,Modernización de forma enclítica arcaica.
c70e533eeb760fb5fca3,OT,JDG,6,12,JDG 6:12,dijole,36,39,45,díjole,"Y el ángel de Jehová se le apareció, y",": Jehová es contigo, varón esforzado.","Y el ángel de Jehová se le apareció, y díjole: Jehová es contigo, varón esforzado.",le dijo,low,Forma enclitica arcaica.,Codex-assisted,replace,le dijo,Modernización de forma enclítica arcaica.
4b963de3c03966b562ed,OT,JDG,6,14,JDG 6:14,dijole,37,20,26,díjole,"Y mirándole Jehová,",": Ve con esta tu fortaleza, y salvarás a Israel de la mano de los Madi","Y mirándole Jehová, díjole: Ve con esta tu fortaleza, y salvarás a Israel de la mano de los Madianitas. ¿No te envío yo?",le dijo,low,Forma enclitica arcaica.,Codex-assisted,replace,le dijo,Modernización de forma enclítica arcaica.
308cad22903b9ef23497,OT,JDG,9,1,JDG 9:1,fuese,29,2,7,fuése,Y,"Abimelech hijo de Jerobaal a Sichêm, a los hermanos de su madre, y ha","Y fuése Abimelech hijo de Jerobaal a Sichêm, a los hermanos de su madre, y habló con ellos, y con toda la familia de la casa del padre de su madre, diciendo:",se fue,medium,Puede requerir ajustar la frase completa.,,,,
cf88b7f832f26beb06e6,OT,JDG,9,21,JDG 9:21,fuese,30,28,33,fuése,"Y huyó Jotham, y se fugó, y","a Beer, y allí se estuvo por causa de Abimelech su hermano.","Y huyó Jotham, y se fugó, y fuése a Beer, y allí se estuvo por causa de Abimelech su hermano.",se fue,medium,Puede requerir ajustar la frase completa.,,,,
abb2a963709beec1bad4,OT,JDG,9,54,JDG 9:54,dijole,38,34,40,díjole,"Y luego llamó él a su escudero, y",": Saca tu espada y mátame, porque no se diga de mí: Una mujer lo mató.","Y luego llamó él a su escudero, y díjole: Saca tu espada y mátame, porque no se diga de mí: Una mujer lo mató. Y su escudero le atravesó, y murió.",le dijo,low,Forma enclitica arcaica.,Codex-assisted,replace,le dijo,Modernización de forma enclítica arcaica.
c57f9183e49cc7b8c292,OT,JDG,13,3,JDG 13:3,dijole,39,44,50,díjole,"A esta mujer apareció el ángel de Jehová, y",": He aquí que tú eres estéril, y no has parido; pero concebirás y pari","A esta mujer apareció el ángel de Jehová, y díjole: He aquí que tú eres estéril, y no has parido; pero concebirás y parirás un hijo.",le dijo,low,Forma enclitica arcaica.,Codex-assisted,replace,le dijo,Modernización de forma enclítica arcaica.
418169e3683793529d80,OT,JDG,13,11,JDG 13:11,dijole,40,66,72,díjole,"Y levantóse Manoa, y siguió a su mujer; y así que llegó al varón,",: ¿Eres tú aquel varón que hablaste a la mujer? Y él dijo: Yo soy.,"Y levantóse Manoa, y siguió a su mujer; y así que llegó al varón, díjole: ¿Eres tú aquel varón que hablaste a la mujer? Y él dijo: Yo soy.",le dijo,low,Forma enclitica arcaica.,Codex-assisted,replace,le dijo,Modernización de forma enclítica arcaica.
3de1295c4f7dca4b3008,OT,JDG,13,16,JDG 13:16,fuese,31,165,170,fuese,"es hacer holocausto, sacrifícalo a Jehová. Y no sabía Manoa que aquél",ángel de Jehová.,"Y el ángel de Jehová respondió a Manoa: Aunque me detengas no comeré de tu pan: pero si quisieres hacer holocausto, sacrifícalo a Jehová. Y no sabía Manoa que aquél fuese ángel de Jehová.",se fue,medium,Puede requerir ajustar la frase completa.,,,,
0b173bbf73a586970e71,OT,JDG,14,9,JDG 14:9,fuese,32,26,31,fuése,"Y tomándolo en sus manos,","comiéndolo por el camino: y llegado que hubo a su padre y a su madre,","Y tomándolo en sus manos, fuése comiéndolo por el camino: y llegado que hubo a su padre y a su madre, dióles también a ellos que comiesen; pero no les descubrió que había tomado aquella miel del cuerpo del león.",se fue,medium,Puede requerir ajustar la frase completa.,,,,
a27ea4ae53b8d757ea92,OT,JDG,14,20,JDG 14:20,fuese,33,205,210,fuése,e vestidos a los que habían explicado el enigma: y encendido en enojo,"a casa de su padre. Y la mujer de Samsón fue dada a su compañero, con","Y el espíritu de Jehová cayó sobre él, y descendió a Ascalón, e hirió treinta hombres de ellos; y tomando sus despojos, dio las mudas de vestidos a los que habían explicado el enigma: y encendido en enojo fuése a casa de su padre. Y la mujer de Samsón fue dada a su compañero, con el cual él antes se acompañaba.",se fue,medium,Puede requerir ajustar la frase completa.,,,,
191d3409b2e7eb3851a3,OT,JDG,16,3,JDG 16:3,fuese,34,164,169,fuése,"de la ciudad con sus dos pilares y su cerrojo, echóselas al hombro, y",", y subióse con ellas a la cumbre del monte que está delante de Hebrón","Pero Samsón durmió hasta la media noche; y a la media noche se levantó, y tomando las puertas de la ciudad con sus dos pilares y su cerrojo, echóselas al hombro, y fuése, y subióse con ellas a la cumbre del monte que está delante de Hebrón.",se fue,medium,Puede requerir ajustar la frase completa.,,,,
ece7151f8870de6aa612,OT,JDG,16,7,JDG 16:7,respondiole,5,2,13,respondióle,Y,"Samsón: Si me atan con siete mimbres verdes que aun no estén enjutos,","Y respondióle Samsón: Si me atan con siete mimbres verdes que aun no estén enjutos, entonces me debilitaré, y seré como cualquiera de los hombres.",le respondio,low,Forma enclitica arcaica.,Codex-assisted,replace,le respondió,Modernización de forma enclítica arcaica.
442bcc0774a77f36593b,OT,JDG,16,12,JDG 16:12,dijole,41,51,57,díjole,"Y Dalila tomó cuerdas nuevas, y atóle con ellas, y",": ¡Samsón, los Filisteos sobre ti! Y los espías estaban en una cámara.","Y Dalila tomó cuerdas nuevas, y atóle con ellas, y díjole: ¡Samsón, los Filisteos sobre ti! Y los espías estaban en una cámara. Pero él las rompió de sus brazos como un hilo.",le dijo,low,Forma enclitica arcaica.,Codex-assisted,replace,le dijo,Modernización de forma enclítica arcaica.
e7c8b194d5084c3dedef,OT,JDG,16,14,JDG 16:14,dijole,42,26,32,díjole,"Y ella hincó la estaca, y",": ¡Samsón, los Filisteos sobre ti! Pero despertando él de su sueño, ar","Y ella hincó la estaca, y díjole: ¡Samsón, los Filisteos sobre ti! Pero despertando él de su sueño, arrancó la estaca del telar con la tela.",le dijo,low,Forma enclitica arcaica.,Codex-assisted,replace,le dijo,Modernización de forma enclítica arcaica.
3eb9e3e6dbb30bc01a96,OT,JDG,16,17,JDG 16:17,dijole,43,36,42,díjole,"Descubrióle pues todo su corazón, y",: Nunca a mi cabeza llegó navaja; porque soy Nazareo de Dios desde el,"Descubrióle pues todo su corazón, y díjole: Nunca a mi cabeza llegó navaja; porque soy Nazareo de Dios desde el vientre de mi madre. Si es rapado, mi fuerza se apartará de mí, y seré debilitado, y como todos los hombres.",le dijo,low,Forma enclitica arcaica.,Codex-assisted,replace,le dijo,Modernización de forma enclítica arcaica.
8a6ddb91c624e5606e10,OT,JDG,16,20,JDG 16:20,dijole,44,2,8,díjole,Y,": ¡Samsón, los Filisteos sobre ti! Y luego que despertó él de su sueño","Y díjole: ¡Samsón, los Filisteos sobre ti! Y luego que despertó él de su sueño, se dijo: Esta vez saldré como las otras, y me escaparé: no sabiendo que Jehová ya se había de él apartado.",le dijo,low,Forma enclitica arcaica.,Codex-assisted,replace,le dijo,Modernización de forma enclítica arcaica.
8fd443c64829b038e2e1,OT,JDG,19,2,JDG 19:2,fuese,35,37,42,fuese,"Y su concubina adulteró contra él, y","de él a casa de su padre, a Beth-lehem de Judá, y estuvo allá por tie","Y su concubina adulteró contra él, y fuese de él a casa de su padre, a Beth-lehem de Judá, y estuvo allá por tiempo de cuatro meses.",se fue,medium,Puede requerir ajustar la frase completa.,,,,
24d5c085badf97f14e9f,OT,JDG,19,8,JDG 19:8,dijole,45,50,56,díjole,"Y al quinto día levantándose de mañana para irse,",el padre de la moza: Conforta ahora tu corazón. Y habiendo comido amb,"Y al quinto día levantándose de mañana para irse, díjole el padre de la moza: Conforta ahora tu corazón. Y habiendo comido ambos a dos, detuviéronse hasta que ya declinaba el día.",le dijo,low,Forma enclitica arcaica.,Codex-assisted,replace,le dijo,Modernización de forma enclítica arcaica.
61371ae9fe50bb817f98,OT,JDG,19,17,JDG 19:17,dijole,46,78,84,díjole,"o el viejo los ojos, vio a aquel viajante en la plaza de la ciudad, y",": ¿A dónde vas, y de dónde vienes?","Y alzando el viejo los ojos, vio a aquel viajante en la plaza de la ciudad, y díjole: ¿A dónde vas, y de dónde vienes?",le dijo,low,Forma enclitica arcaica.,Codex-assisted,replace,le dijo,Modernización de forma enclítica arcaica.
b23e048f9e4798cb34a5,OT,JDG,19,28,JDG 19:28,fuese,36,129,134,fuése,"Entonces la levantó el varón, y echándola sobre su asno, levantóse y",a su lugar.,"Y él le dijo: Levántate, y vámonos. Pero ella no respondió. Entonces la levantó el varón, y echándola sobre su asno, levantóse y fuése a su lugar.",se fue,medium,Puede requerir ajustar la frase completa.,,,,
176cbc04439b1d6dded5,OT,RUT,1,12,RUT 1:12,fuese,37,122,127,fuese,a para ser para varón. Y aunque dijese: Esperanza tengo; y esta noche,"con varón, y aun pariese hijos;","Vuélvanse, hijas mías, e váyanse; que yo ya soy vieja para ser para varón. Y aunque dijese: Esperanza tengo; y esta noche fuese con varón, y aun pariese hijos;",se fue,medium,Puede requerir ajustar la frase completa.,,,,
de8870c108738728e23c,OT,RUT,2,10,RUT 2:10,dijole,47,54,60,díjole,"Ella entonces bajando su rostro inclinóse a tierra, y",": ¿Por qué he hallado gracia en tus ojos para que tú me reconozcas, si","Ella entonces bajando su rostro inclinóse a tierra, y díjole: ¿Por qué he hallado gracia en tus ojos para que tú me reconozcas, siendo yo extranjera?",le dijo,low,Forma enclitica arcaica.,Codex-assisted,replace,le dijo,Modernización de forma enclítica arcaica.
e016c5c5706e9c52645c,OT,RUT,2,11,RUT 2:11,dijole,48,21,27,díjole,"Y respondiendo Booz,",: Por cierto se me ha declarado todo lo que has hecho con tu suegra de,"Y respondiendo Booz, díjole: Por cierto se me ha declarado todo lo que has hecho con tu suegra después de la muerte de tu marido, y que dejando a tu padre y a tu madre y la tierra donde naciste, has venido a pueblo que no conociste antes.",le dijo,low,Forma enclitica arcaica.,Codex-assisted,replace,le dijo,Modernización de forma enclítica arcaica.
ef9afecc5d26c034d8cc,OT,RUT,2,19,RUT 2:19,dijole,49,2,8,díjole,Y,su suegra: ¿Dónde has espigado hoy? ¿y dónde has trabajado? bendito s,"Y díjole su suegra: ¿Dónde has espigado hoy? ¿y dónde has trabajado? bendito sea el que te ha reconocido. Y ella declaró a su suegra lo que le había acontecido con aquél, y dijo: El nombre del varón con quien hoy he trabajado es Booz.",le dijo,low,Forma enclitica arcaica.,Codex-assisted,replace,le dijo,Modernización de forma enclítica arcaica.
e728fed70cc156e1329c,OT,RUT,2,20,RUT 2:20,dijole,50,134,140,Díjole,a rehusado a los vivos la benevolencia que tuvo para con los finados.,"después Noemi: Nuestro pariente es aquel varón, y de nuestros redento","Y dijo Noemi a su nuera: Sea él bendito de Jehová, pues que no ha rehusado a los vivos la benevolencia que tuvo para con los finados. Díjole después Noemi: Nuestro pariente es aquel varón, y de nuestros redentores es.",le dijo,low,Forma enclitica arcaica.,Codex-assisted,replace,Le dijo,Modernización de forma enclítica arcaica.
0f19b1bf10f57197d69a,OT,RUT,3,1,RUT 3:1,dijole,51,2,8,díjole,Y,"su suegra Noemi: Hija mía, ¿no te tengo de buscar descanso, que te se","Y díjole su suegra Noemi: Hija mía, ¿no te tengo de buscar descanso, que te sea bueno?",le dijo,low,Forma enclitica arcaica.,Codex-assisted,replace,le dijo,Modernización de forma enclítica arcaica.
f3589d1ef0e43eb0991c,OT,RUT,4,1,RUT 4:1,dijole,52,104,110,díjole,"allí: y he aquí pasaba aquel pariente del cual había Booz hablado, y",": Eh, fulano, ven acá y siéntate. Y él vino, y sentóse.","Y booz subió a la puerta y sentóse allí: y he aquí pasaba aquel pariente del cual había Booz hablado, y díjole: Eh, fulano, ven acá y siéntate. Y él vino, y sentóse.",le dijo,low,Forma enclitica arcaica.,Codex-assisted,replace,le dijo,Modernización de forma enclítica arcaica.
618a62994a1aad9fe622,OT,1SA,1,18,1SA 1:18,fuese,38,59,64,fuése,Y ella dijo: Halle tu sierva gracia delante de tus ojos. Y,"la mujer su camino, y comió, y no estuvo más triste.","Y ella dijo: Halle tu sierva gracia delante de tus ojos. Y fuése la mujer su camino, y comió, y no estuvo más triste.",se fue,medium,Puede requerir ajustar la frase completa.,,,,
683080ccd917b6158080,OT,1SA,2,27,1SA 2:27,dijole,53,33,39,díjole,"Y vino un varón de Dios a Eli, y",: Así ha dicho Jehová: ¿No me manifesté yo claramente a la casa de tu,"Y vino un varón de Dios a Eli, y díjole: Así ha dicho Jehová: ¿No me manifesté yo claramente a la casa de tu padre, cuando estaban en Egipto en casa de Faraón?",le dijo,low,Forma enclitica arcaica.,Codex-assisted,replace,le dijo,Modernización de forma enclítica arcaica.
96bc64c409c1ada4d22b,OT,1SA,3,3,1SA 3:3,fuese,39,109,114,fuese,"Jehová, donde el arca de Dios estaba: y antes que la lámpara de Dios","apagada,","Samuel estaba durmiendo en el templo de Jehová, donde el arca de Dios estaba: y antes que la lámpara de Dios fuese apagada,",se fue,medium,Puede requerir ajustar la frase completa.,,,,
5985133e0c2fe621e956,OT,1SA,3,16,1SA 3:16,dijole,54,28,34,díjole,"Llamando pues Eli a Samuel,",": Hijo mío, Samuel. Y él respondió: Heme aquí.","Llamando pues Eli a Samuel, díjole: Hijo mío, Samuel. Y él respondió: Heme aquí.",le dijo,low,Forma enclitica arcaica.,Codex-assisted,replace,le dijo,Modernización de forma enclítica arcaica.
0f0f99423596f639ecf0,OT,1SA,9,18,1SA 9:18,dijole,55,48,54,díjole,"Y llegando Saúl a Samuel en medio de la puerta,",: Ruégote que me enseñes dónde está la casa del vidente.,"Y llegando Saúl a Samuel en medio de la puerta, díjole: Ruégote que me enseñes dónde está la casa del vidente.",le dijo,low,Forma enclitica arcaica.,Codex-assisted,replace,le dijo,Modernización de forma enclítica arcaica.
86378a7f84014a4c1165,OT,1SA,10,1,1SA 10:1,dijole,56,86,92,díjole,"Samuel una ampolla de aceite, derramóla sobre su cabeza, y besólo, y",: ¿No te ha ungido Jehová por capitán sobre su heredad?,"Tomando entonces Samuel una ampolla de aceite, derramóla sobre su cabeza, y besólo, y díjole: ¿No te ha ungido Jehová por capitán sobre su heredad?",le dijo,low,Forma enclitica arcaica.,Codex-assisted,replace,le dijo,Modernización de forma enclítica arcaica.
f114dcb2938e1dc340ef,OT,1SA,15,34,1SA 15:34,fuese,40,0,5,Fuése,,"luego Samuel a Rama, y Saúl subió a su casa en Gabaa de Saúl.","Fuése luego Samuel a Rama, y Saúl subió a su casa en Gabaa de Saúl.",se fue,medium,Puede requerir ajustar la frase completa.,,,,
4f468a9373bbe526177c,OT,1SA,17,20,1SA 17:20,fuese,41,78,83,fuése,"e pues David de mañana, y dejando las ovejas al cuidado de un guarda,","con su carga, como Isaí le había mandado; y llegó al atrincheramiento","Levantóse pues David de mañana, y dejando las ovejas al cuidado de un guarda, fuése con su carga, como Isaí le había mandado; y llegó al atrincheramiento del ejército, el cual había salido en ordenanza, y tocaba alarma para la pelea.",se fue,medium,Puede requerir ajustar la frase completa.,,,,
e036ee62cf9e98a3e59c,OT,1SA,17,36,1SA 17:36,fuese,42,0,5,Fuese,,"león, fuese oso, tu siervo lo mataba; pues este Filisteo incircunciso","Fuese león, fuese oso, tu siervo lo mataba; pues este Filisteo incircunciso será como uno de ellos, porque ha provocado al ejército del Dios viviente.",se fue,medium,Puede requerir ajustar la frase completa.,,,,
3050dae414d7133f91bd,OT,1SA,17,36,1SA 17:36,fuese,43,12,17,fuese,"Fuese león,","oso, tu siervo lo mataba; pues este Filisteo incircunciso será como u","Fuese león, fuese oso, tu siervo lo mataba; pues este Filisteo incircunciso será como uno de ellos, porque ha provocado al ejército del Dios viviente.",se fue,medium,Puede requerir ajustar la frase completa.,,,,
dca7b0e48399b6b4a9b4,OT,1SA,17,58,1SA 17:58,dijole,57,2,8,díjole,Y,"Saúl: Mancebo, ¿de quién eres hijo? Y David respondió: Yo soy hijo de","Y díjole Saúl: Mancebo, ¿de quién eres hijo? Y David respondió: Yo soy hijo de tu siervo Isaí de Beth-lehem.",le dijo,low,Forma enclitica arcaica.,Codex-assisted,replace,le dijo,Modernización de forma enclítica arcaica.
c1eaaabcebbda849d1dd,OT,1SA,18,27,1SA 18:27,fuese,44,167,172,fuese,"vid los prepucios de ellos, y entregáronlos todos al rey, para que él",hecho yerno del rey. Y Saúl le dio a su hija Michâl por mujer.,"Levantóse David, y partióse con su gente, e hirió doscientos hombres de los Filisteos; y trajo David los prepucios de ellos, y entregáronlos todos al rey, para que él fuese hecho yerno del rey. Y Saúl le dio a su hija Michâl por mujer.",se fue,medium,Puede requerir ajustar la frase completa.,,,,
a05c341b4b17bcd7ef28,OT,1SA,18,27,1SA 18:27,partiose,3,19,27,partióse,"Levantóse David, y","con su gente, e hirió doscientos hombres de los Filisteos; y trajo Da","Levantóse David, y partióse con su gente, e hirió doscientos hombres de los Filisteos; y trajo David los prepucios de ellos, y entregáronlos todos al rey, para que él fuese hecho yerno del rey. Y Saúl le dio a su hija Michâl por mujer.",se fue,medium,Puede significar partir/salir; revisar contexto.,,,,
22a721c7cc8e0e5e2b9f,OT,1SA,19,4,1SA 19:4,dijole,58,50,56,díjole,"Y Jonathán habló bien de David a Saúl su padre, y",": No peque el rey contra su siervo David, pues que ninguna cosa ha com","Y Jonathán habló bien de David a Saúl su padre, y díjole: No peque el rey contra su siervo David, pues que ninguna cosa ha cometido contra ti: antes sus obras te han sido muy buenas;",le dijo,low,Forma enclitica arcaica.,Codex-assisted,replace,le dijo,Modernización de forma enclítica arcaica.
eb13c553597713a5d320,OT,1SA,19,18,1SA 19:18,dijole,59,56,62,díjole,"Huyó pues David, y escapóse, y vino a Samuel en Rama, y","todo lo que Saúl había hecho con él. Y fuéronse él y Samuel, y moraro","Huyó pues David, y escapóse, y vino a Samuel en Rama, y díjole todo lo que Saúl había hecho con él. Y fuéronse él y Samuel, y moraron en Najoth.",le dijo,low,Forma enclitica arcaica.,Codex-assisted,replace,le dijo,Modernización de forma enclítica arcaica.
193222d2e512955cb388,OT,1SA,20,18,1SA 20:18,dijole,60,0,6,Díjole,,"luego Jonathán: Mañana es nueva luna, y tú serás echado de menos, por","Díjole luego Jonathán: Mañana es nueva luna, y tú serás echado de menos, porque tu asiento estará vacío.",le dijo,low,Forma enclitica arcaica.,Codex-assisted,replace,Le dijo,Modernización de forma enclítica arcaica.
60d5aeb27ad452bd3699,OT,1SA,20,20,1SA 20:20,saeta,4,17,23,saetas,Y yo tiraré tres,"hacia aquel lado, como ejercitándome al blanco.","Y yo tiraré tres saetas hacia aquel lado, como ejercitándome al blanco.",flecha,medium,Termino poetico; revisar estilo.,,,,
6ba6dc0af4f6e640a153,OT,1SA,20,21,1SA 20:21,saeta,5,52,58,saetas,"Y luego enviaré el criado diciéndole: Ve, busca las",". Y si dice al mozo: He allí las saetas más acá de ti, tómalas: tú ven","Y luego enviaré el criado diciéndole: Ve, busca las saetas. Y si dice al mozo: He allí las saetas más acá de ti, tómalas: tú vendrás, porque paz tienes, y nada hay de mal, vive Jehová.",flecha,medium,Termino poetico; revisar estilo.,,,,
fa90e2f8fc54934778ea,OT,1SA,20,21,1SA 20:21,saeta,6,91,97,saetas,"iado diciéndole: Ve, busca las saetas. Y si dice al mozo: He allí las","más acá de ti, tómalas: tú vendrás, porque paz tienes, y nada hay de","Y luego enviaré el criado diciéndole: Ve, busca las saetas. Y si dice al mozo: He allí las saetas más acá de ti, tómalas: tú vendrás, porque paz tienes, y nada hay de mal, vive Jehová.",flecha,medium,Termino poetico; revisar estilo.,,,,
7d13c27bffc81639802c,OT,1SA,20,22,1SA 20:22,saeta,7,41,47,saetas,Pero si yo dice al mozo así: He allí las,"más allá de ti: vete, porque Jehová te ha enviado.","Pero si yo dice al mozo así: He allí las saetas más allá de ti: vete, porque Jehová te ha enviado.",flecha,medium,Termino poetico; revisar estilo.,,,,
7fb498ec927e392500b3,OT,1SA,20,30,1SA 20:30,dijole,61,46,52,díjole,"Entonces Saúl se enardeció contra Jonathán, y",": Hijo de la perversa y rebelde, ¿no sé yo que tú has elegido al hijo","Entonces Saúl se enardeció contra Jonathán, y díjole: Hijo de la perversa y rebelde, ¿no sé yo que tú has elegido al hijo de Isaí para confusión tuya, y para confusión de la vergüenza de tu madre?",le dijo,low,Forma enclitica arcaica.,Codex-assisted,replace,le dijo,Modernización de forma enclítica arcaica.
5be801c20667c2ff0a70,OT,1SA,20,32,1SA 20:32,dijole,62,40,46,díjole,"Y Jonathán respondió a su padre Saúl, y",: ¿Por qué morirá? ¿qué ha hecho?,"Y Jonathán respondió a su padre Saúl, y díjole: ¿Por qué morirá? ¿qué ha hecho?",le dijo,low,Forma enclitica arcaica.,Codex-assisted,replace,le dijo,Modernización de forma enclítica arcaica.
cb9a395a439a4f0d3e50,OT,1SA,20,36,1SA 20:36,saeta,8,36,42,saetas,Y dijo a su mozo: Corre y busca las,"que yo tire. Y como el muchacho iba corriendo, él tiraba la saeta que","Y dijo a su mozo: Corre y busca las saetas que yo tire. Y como el muchacho iba corriendo, él tiraba la saeta que pasara más allá de él.",flecha,medium,Termino poetico; revisar estilo.,,,,
081f986d96663f5b30a9,OT,1SA,20,36,1SA 20:36,saeta,9,103,108,saeta,"as saetas que yo tire. Y como el muchacho iba corriendo, él tiraba la",que pasara más allá de él.,"Y dijo a su mozo: Corre y busca las saetas que yo tire. Y como el muchacho iba corriendo, él tiraba la saeta que pasara más allá de él.",flecha,medium,Termino poetico; revisar estilo.,,,,
11264383eccbe485913e,OT,1SA,20,37,1SA 20:37,saeta,10,40,45,saeta,Y llegando el muchacho adonde estaba la,"que Jonathán había tirado, Jonathán dio voces tras el muchacho, dicie","Y llegando el muchacho adonde estaba la saeta que Jonathán había tirado, Jonathán dio voces tras el muchacho, diciendo: ¿No está la saeta más allá de ti?",flecha,medium,Termino poetico; revisar estilo.,,,,
385ab97aad119c9c8227,OT,1SA,20,37,1SA 20:37,saeta,11,132,137,saeta,"ía tirado, Jonathán dio voces tras el muchacho, diciendo: ¿No está la",más allá de ti?,"Y llegando el muchacho adonde estaba la saeta que Jonathán había tirado, Jonathán dio voces tras el muchacho, diciendo: ¿No está la saeta más allá de ti?",flecha,medium,Termino poetico; revisar estilo.,,,,
a4aaf2316d09651c2d18,OT,1SA,20,38,1SA 20:38,saeta,12,115,121,saetas,"ate priesa, aligera, no te pares. Y el muchacho de Jonathán cogió las",", y vínose a su señor.","Y tornó a gritar Jonathán tras el muchacho: Date priesa, aligera, no te pares. Y el muchacho de Jonathán cogió las saetas, y vínose a su señor.",flecha,medium,Termino poetico; revisar estilo.,,,,
5c35d03a2c112e5b6d05,OT,1SA,20,40,1SA 20:40,dijole,63,46,52,díjole,"Luego dio Jonathán sus armas a su muchacho, y",: Vete y llévalas a la ciudad.,"Luego dio Jonathán sus armas a su muchacho, y díjole: Vete y llévalas a la ciudad.",le dijo,low,Forma enclitica arcaica.,Codex-assisted,replace,le dijo,Modernización de forma enclítica arcaica.
77f729c518297c220807,OT,1SA,20,42,1SA 20:42,fuese,45,192,197,fuése,"entre mi simiente y la simiente tuya, para siempre. Y él se levantó y",: y Jonathán se entró en la ciudad.,"Y Jonathán dijo a David: Vete en paz, que ambos hemos jurado por el nombre de Jehová, diciendo: Jehová sea entre mí y ti, entre mi simiente y la simiente tuya, para siempre. Y él se levantó y fuése: y Jonathán se entró en la ciudad.",se fue,medium,Puede requerir ajustar la frase completa.,,,,
17d20d51501c4a558157,OT,1SA,21,1,1SA 21:1,dijole,64,87,93,díjole,"b, a Ahimelech sacerdote: y sorprendióse Ahimelech de su encuentro, y",": ¿Cómo tú solo, y nadie contigo?","Y vino David a Nob, a Ahimelech sacerdote: y sorprendióse Ahimelech de su encuentro, y díjole: ¿Cómo tú solo, y nadie contigo?",le dijo,low,Forma enclitica arcaica.,Codex-assisted,replace,le dijo,Modernización de forma enclítica arcaica.
ae7e48de0369a8c57159,OT,1SA,21,5,1SA 21:5,dijole,65,34,40,díjole,"Y David respondió al sacerdote, y",: Cierto las mujeres nos han sido reservadas desde anteayer cuando sal,"Y David respondió al sacerdote, y díjole: Cierto las mujeres nos han sido reservadas desde anteayer cuando salí, y los vasos de los mozos fueron santos, aunque el camino es profano: cuanto más que hoy habrá otro pan santificado en los vasos.",le dijo,low,Forma enclitica arcaica.,Codex-assisted,replace,le dijo,Modernización de forma enclítica arcaica.
1b93bf800e3b4aaad3e6,OT,1SA,22,3,1SA 22:3,fuese,46,2,7,fuése,Y,"David de allí a Mizpa de Moab, y dijo al rey de Moab: Yo te ruego que","Y fuése David de allí a Mizpa de Moab, y dijo al rey de Moab: Yo te ruego que mi padre y mi madre estén con ustedes, hasta que sepa lo que Dios hará de mí.",se fue,medium,Puede requerir ajustar la frase completa.,,,,
58c989ae26ca113166c8,OT,1SA,22,13,1SA 22:13,dijole,66,2,8,díjole,Y,"Saúl: ¿Por qué han conspirado contra mí, tú y el hijo de Isaí, cuando","Y díjole Saúl: ¿Por qué han conspirado contra mí, tú y el hijo de Isaí, cuando tú le diste pan y espada, y consultaste por él a Dios, para que se levantase contra mí y me acechase, como lo hace hoy día?",le dijo,low,Forma enclitica arcaica.,Codex-assisted,replace,le dijo,Modernización de forma enclítica arcaica.
a12394cd3fe661e6c31f,OT,1SA,23,5,1SA 23:5,partiose,4,0,8,Partióse,,"pues David con sus hombres a Keila, y peleó contra los Filisteos, y t","Partióse pues David con sus hombres a Keila, y peleó contra los Filisteos, y trajo antecogidos sus ganados, e hiriólos con grande estrago: y libró David a los de Keila.",se fue,medium,Puede significar partir/salir; revisar contexto.,,,,
fe29da69720809151416,OT,1SA,23,17,1SA 23:17,dijole,67,2,8,díjole,Y,": No temas, que no te hallará la mano de Saúl mi padre, y tú reinarás","Y díjole: No temas, que no te hallará la mano de Saúl mi padre, y tú reinarás sobre Israel, y yo seré segundo después de ti; y aun Saúl mi padre así lo sabe.",le dijo,low,Forma enclitica arcaica.,Codex-assisted,replace,le dijo,Modernización de forma enclítica arcaica.
04f34f682d7cd3ba41da,OT,1SA,23,25,1SA 23:25,partiose,5,2,10,partióse,Y,"Saúl con su gente a buscarlo; pero fue dado aviso a David, y descendi","Y partióse Saúl con su gente a buscarlo; pero fue dado aviso a David, y descendió a la peña, y quedóse en el desierto de Maón. Lo cual como Saúl oyó, siguió a David al desierto de Maón.",se fue,medium,Puede significar partir/salir; revisar contexto.,,,,
6a6565ad6a18104741d2,OT,1SA,24,8,1SA 24:8,fuese,47,125,130,fuése,"permitió que se levantasen contra Saúl. Y Saúl, saliendo de la cueva,",su camino.,"Así quebrantó David a los suyos con palabras, y no les permitió que se levantasen contra Saúl. Y Saúl, saliendo de la cueva, fuése su camino.",se fue,medium,Puede requerir ajustar la frase completa.,,,,
5cd11b3fa88cffa7d48c,OT,1SA,24,22,1SA 24:22,fuese,48,147,152,fuése,aerás mi nombre de la casa de mi padre. Entonces David juró a Saúl. Y,"Saúl a su casa, y David y los suyos se subieron al sitio fuerte.","Júrame pues ahora por Jehová, que no cortarás mi simiente después de mí, ni raerás mi nombre de la casa de mi padre. Entonces David juró a Saúl. Y fuése Saúl a su casa, y David y los suyos se subieron al sitio fuerte.",se fue,medium,Puede requerir ajustar la frase completa.,,,,
f98cd48b6d5029238d54,OT,1SA,25,35,1SA 25:35,dijole,68,53,59,díjole,"Y recibió David de su mano lo que le había traído, y",": Sube en paz a tu casa, y mira que he oído tu voz, y tenídote respeto","Y recibió David de su mano lo que le había traído, y díjole: Sube en paz a tu casa, y mira que he oído tu voz, y tenídote respeto.",le dijo,low,Forma enclitica arcaica.,Codex-assisted,replace,le dijo,Modernización de forma enclítica arcaica.
793a77ddc0e79168d4ec,OT,1SA,28,8,1SA 28:8,fuese,49,46,51,fuése,"Y disfrazóse Saúl, y púsose otros vestidos, y","con dos hombres, y vinieron a aquella mujer de noche; y él dijo: Yo t","Y disfrazóse Saúl, y púsose otros vestidos, y fuése con dos hombres, y vinieron a aquella mujer de noche; y él dijo: Yo te ruego que me adivines por el espíritu de pythón, y me hagas subir a quien yo te diga.",se fue,medium,Puede requerir ajustar la frase completa.,,,,
fb1d7b9963d81914f2ea,OT,1SA,28,21,1SA 28:21,dijole,69,68,74,díjole,"Entonces la mujer vino a Saúl, y viéndole en grande manera turbado,",": He aquí que tu criada ha obedecido a tu voz, y he puesto mi vida en","Entonces la mujer vino a Saúl, y viéndole en grande manera turbado, díjole: He aquí que tu criada ha obedecido a tu voz, y he puesto mi vida en mi mano, y he oído las palabras que tú me has dicho.",le dijo,low,Forma enclitica arcaica.,Codex-assisted,replace,le dijo,Modernización de forma enclítica arcaica.
18d67d37b03b74327765,OT,1SA,29,6,1SA 29:6,dijole,70,25,31,díjole,"Y Achîs llamó a David, y",": Vive Jehová, que tú has sido recto, y que me ha parecido bien tu sal","Y Achîs llamó a David, y díjole: Vive Jehová, que tú has sido recto, y que me ha parecido bien tu salida y entrada en el campo conmigo, y que ninguna cosa mala he hallado en ti desde el día que viniste a mí hasta hoy: pero en los ojos de los príncipes no agradas.",le dijo,low,Forma enclitica arcaica.,Codex-assisted,replace,le dijo,Modernización de forma enclítica arcaica.
facf56d1cfd59dd18a2d,OT,1SA,30,9,1SA 30:9,partiose,6,0,8,Partióse,,"pues David, él y los seiscientos hombres que con él estaban, y vinier","Partióse pues David, él y los seiscientos hombres que con él estaban, y vinieron hasta el torrente de Besor, donde se quedaron algunos.",se fue,medium,Puede significar partir/salir; revisar contexto.,,,,
d6af143d09afbcb2004f,OT,1SA,30,13,1SA 30:13,dijole,71,2,8,díjole,Y,David: ¿De quién eres tú? ¿y de dónde eres? Y respondió el mozo Egipc,"Y díjole David: ¿De quién eres tú? ¿y de dónde eres? Y respondió el mozo Egipcio: Yo soy siervo de un Amalecita, y dejóme mi amo hoy ha tres días, porque estaba enfermo;",le dijo,low,Forma enclitica arcaica.,Codex-assisted,replace,le dijo,Modernización de forma enclítica arcaica.
0ee8a1420b9b2d958f77,OT,1SA,30,15,1SA 30:15,dijole,72,2,8,díjole,Y,David: ¿Me llevarás tú a esa tropa? Y él dijo: Hazme juramento por Di,"Y díjole David: ¿Me llevarás tú a esa tropa? Y él dijo: Hazme juramento por Dios que no me matarás, ni me entregarás en las manos de mi amo, y yo te llevaré a esa gente.",le dijo,low,Forma enclitica arcaica.,Codex-assisted,replace,le dijo,Modernización de forma enclítica arcaica.
bb0d9b9b3b9067e39b3c,OT,2SA,1,14,2SA 1:14,dijole,73,2,8,díjole,Y,David: ¿Cómo no tuviste temor de extender tu mano para matar al ungid,Y díjole David: ¿Cómo no tuviste temor de extender tu mano para matar al ungido de Jehová?,le dijo,low,Forma enclitica arcaica.,Codex-assisted,replace,le dijo,Modernización de forma enclítica arcaica.
307ff521dc3d39a866df,OT,2SA,1,15,2SA 1:15,dijole,74,44,50,díjole,"Entonces llamó David uno de los mancebos, y",": Llega, y mátalo. Y él lo hirió, y murió.","Entonces llamó David uno de los mancebos, y díjole: Llega, y mátalo. Y él lo hirió, y murió.",le dijo,low,Forma enclitica arcaica.,Codex-assisted,replace,le dijo,Modernización de forma enclítica arcaica.
c2e725ab4aa2b642de12,OT,2SA,3,16,2SA 3:16,dijole,75,66,72,díjole,"Y su marido fue con ella, siguiéndola y llorando hasta Bahurim. Y","Abner: Anda, vuélvete. Entonces él se volvió.","Y su marido fue con ella, siguiéndola y llorando hasta Bahurim. Y díjole Abner: Anda, vuélvete. Entonces él se volvió.",le dijo,low,Forma enclitica arcaica.,Codex-assisted,replace,le dijo,Modernización de forma enclítica arcaica.
f0f40d955510729fed90,OT,2SA,3,17,2SA 3:17,fuese,50,86,91,fuese,"n los ancianos de Israel, diciendo: Ayer y antes procuraban que David",rey sobre ustedes;,"Y habló Abner con los ancianos de Israel, diciendo: Ayer y antes procuraban que David fuese rey sobre ustedes;",se fue,medium,Puede requerir ajustar la frase completa.,,,,
335514ed1732b0319fc6,OT,2SA,3,24,2SA 3:24,dijole,76,29,35,díjole,"Entonces Joab vino al rey, y",: ¿Qué has hecho? He aquí habíase venido Abner a ti: ¿por qué pues lo,"Entonces Joab vino al rey, y díjole: ¿Qué has hecho? He aquí habíase venido Abner a ti: ¿por qué pues lo dejaste que se fuése?",le dijo,low,Forma enclitica arcaica.,Codex-assisted,replace,le dijo,Modernización de forma enclítica arcaica.
b16ed356d2dbec371c30,OT,2SA,3,24,2SA 3:24,fuese,51,120,125,fuése,o? He aquí habíase venido Abner a ti: ¿por qué pues lo dejaste que se,?,"Entonces Joab vino al rey, y díjole: ¿Qué has hecho? He aquí habíase venido Abner a ti: ¿por qué pues lo dejaste que se fuése?",se fue,medium,Puede requerir ajustar la frase completa.,,,,
d44acd0d3c0338de6f06,OT,2SA,6,19,2SA 6:19,fuese,52,165,170,fuése,"da uno una torta de pan, y un pedazo de carne, y un frasco de vino. Y","todo el pueblo, cada uno a su casa.","Y repartió a todo el pueblo, y a toda la multitud de Israel, así a hombres como a mujeres, a cada uno una torta de pan, y un pedazo de carne, y un frasco de vino. Y fuése todo el pueblo, cada uno a su casa.",se fue,medium,Puede requerir ajustar la frase completa.,,,,
c60adf5a73f1952a6ec6,OT,2SA,6,21,2SA 6:21,fuese,53,125,130,fuese,"ue me eligió más bien que a tu padre y a toda su casa, mandándome que","príncipe sobre el pueblo de Jehová, sobre Israel, danzaré delante de","Entonces David respondió a Michâl: Delante de Jehová, que me eligió más bien que a tu padre y a toda su casa, mandándome que fuese príncipe sobre el pueblo de Jehová, sobre Israel, danzaré delante de Jehová.",se fue,medium,Puede requerir ajustar la frase completa.,,,,
78f6795e4ddc63300273,OT,2SA,7,23,2SA 7:23,fuese,54,87,92,fuese,"pueblo, como Israel, en la tierra? una gente por amor de la cual Dios","a redimírsela por pueblo, y le pusiese nombre, e hiciese por ustedes,","¿y quién como tu pueblo, como Israel, en la tierra? una gente por amor de la cual Dios fuese a redimírsela por pueblo, y le pusiese nombre, e hiciese por ustedes, oh Israel, grandes y espantosas obras en tu tierra, por amor de tu pueblo, oh Dios, que tú redimiste de Egipto, de las gentes y de sus dioses?",se fue,medium,Puede requerir ajustar la frase completa.,,,,
449b50b34718f2fcfd4d,OT,2SA,9,7,2SA 9:7,dijole,77,2,8,díjole,Y,"David: No tengas temor, porque yo a la verdad haré contigo misericord","Y díjole David: No tengas temor, porque yo a la verdad haré contigo misericordia por amor de Jonathán tu padre, y te haré volver todas las tierras de Saúl tu padre; y tú comerás siempre pan a mi mesa.",le dijo,low,Forma enclitica arcaica.,Codex-assisted,replace,le dijo,Modernización de forma enclítica arcaica.
d9629e601e34f82beaff,OT,2SA,9,9,2SA 9:9,dijole,78,48,54,díjole,"Entonces el rey llamó a Siba, siervo de Saúl, y",": Todo lo que fue de Saúl y de toda su casa, yo lo he dado al hijo de","Entonces el rey llamó a Siba, siervo de Saúl, y díjole: Todo lo que fue de Saúl y de toda su casa, yo lo he dado al hijo de tu señor.",le dijo,low,Forma enclitica arcaica.,Codex-assisted,replace,le dijo,Modernización de forma enclítica arcaica.
da68c5087b26cf069e09,OT,2SA,12,1,2SA 12:1,dijole,79,56,62,díjole,"Y envió Jehová a Nathán a David, el cual viniendo a él,",": Había dos hombres en una ciudad, el uno rico, y el otro pobre.","Y envió Jehová a Nathán a David, el cual viniendo a él, díjole: Había dos hombres en una ciudad, el uno rico, y el otro pobre.",le dijo,low,Forma enclitica arcaica.,Codex-assisted,replace,le dijo,Modernización de forma enclítica arcaica.
691817ed191d068eeeb2,OT,2SA,12,10,2SA 12:10,fuese,55,134,139,fuese,"cuanto me menospreciaste, y tomaste la mujer de Uría Hetheo para que",tu mujer.,"Por lo cual ahora no se apartará jamás de tu casa la espada; por cuanto me menospreciaste, y tomaste la mujer de Uría Hetheo para que fuese tu mujer.",se fue,medium,Puede requerir ajustar la frase completa.,,,,
c1e2f74ccd7ec38707a0,OT,2SA,13,15,2SA 13:15,dijole,80,135,141,díjole,con que la aborreció fue mayor que el amor con que la había amado. Y,Amnón: Levántate y vete.,"Aborrecióla luego Amnón de tan grande aborrecimiento, que el odio con que la aborreció fue mayor que el amor con que la había amado. Y díjole Amnón: Levántate y vete.",le dijo,low,Forma enclitica arcaica.,Codex-assisted,replace,le dijo,Modernización de forma enclítica arcaica.
f0ba00957495b0ba5305,OT,2SA,13,19,2SA 13:19,fuese,56,146,151,fuése,"e colores de que estaba vestida, y puestas sus manos sobre su cabeza,",gritando.,"Entonces Thamar tomó ceniza, y esparcióla sobre su cabeza, y rasgó la ropa de colores de que estaba vestida, y puestas sus manos sobre su cabeza, fuése gritando.",se fue,medium,Puede requerir ajustar la frase completa.,,,,
53e09ac7bdc47ad4758d,OT,2SA,13,37,2SA 13:37,fuese,57,21,26,fuése,"Pero Absalom huyó, y","a Talmai hijo de Amiud, rey de Gessur. Y David lloraba por su hijo to","Pero Absalom huyó, y fuése a Talmai hijo de Amiud, rey de Gessur. Y David lloraba por su hijo todos los días.",se fue,medium,Puede requerir ajustar la frase completa.,,,,
77c9f815cc467ff845dd,OT,2SA,17,23,2SA 17:23,fuese,58,99,104,fuése,"e había puesto por obra su consejo, enalbardó su asno, y levantóse, y","a su casa en su ciudad; y después de disponer acerca de su casa, ahor","Y Achitophel, viendo que no se había puesto por obra su consejo, enalbardó su asno, y levantóse, y fuése a su casa en su ciudad; y después de disponer acerca de su casa, ahorcóse y murió, y fue sepultado en el sepulcro de su padre.",se fue,medium,Puede requerir ajustar la frase completa.,,,,
5bd0f58718a8010b95be,OT,2SA,20,8,2SA 20:8,lomos,7,205,210,lomos,"uesta estábale ceñida, y sobre ella el cinto de una daga pegada a sus","en su vaina, de la que así como él avanzó, cayóse aquélla.","Y estando ellos cerca de la grande peña que está en Gabaón, salióles Amasa al encuentro. Ahora bien, la vestidura que Joab tenía sobrepuesta estábale ceñida, y sobre ella el cinto de una daga pegada a sus lomos en su vaina, de la que así como él avanzó, cayóse aquélla.",cintura,medium,Puede ser literal o modismo.,,,,
4e3fe09d3e2af0cd9bea,OT,2SA,22,15,2SA 22:15,saeta,13,7,13,saetas,Arrojó,", y desbaratólos; relampagueó, y consumiólos.","Arrojó saetas, y desbaratólos; relampagueó, y consumiólos.",flecha,medium,Termino poetico; revisar estilo.,,,,
22aec371ecb4a581a6fd,OT,2SA,22,44,2SA 22:44,fuese,59,66,71,fuese,Tú me libraste de contiendas de pueblos: tú me guardaste para que,"cabeza de gentes: pueblos que no conocía, me sirvieron.","Tú me libraste de contiendas de pueblos: tú me guardaste para que fuese cabeza de gentes: pueblos que no conocía, me sirvieron.",se fue,medium,Puede requerir ajustar la frase completa.,,,,
a0f3a4286f6c192a0397,OT,1KI,1,49,1KI 1:49,fuese,60,95,100,fuése,"cieron, y levantáronse todos los convidados que estaban con Adonía, y",cada uno por su camino.,"Ellos entonces se estremecieron, y levantáronse todos los convidados que estaban con Adonía, y fuése cada uno por su camino.",se fue,medium,Puede requerir ajustar la frase completa.,,,,
e50787124f79cd228ac7,OT,1KI,1,50,1KI 1:50,fuese,61,62,67,fuése,"Pero Adonía, temiendo de la presencia de Salomón, levantóse y",", y cogió los cornijales del altar.","Pero Adonía, temiendo de la presencia de Salomón, levantóse y fuése, y cogió los cornijales del altar.",se fue,medium,Puede requerir ajustar la frase completa.,,,,
ee3329c629b5334d379b,OT,1KI,2,3,1KI 2:3,estatuto,76,80,89,estatutos,"ordenanza de Jehová tu Dios, andando en sus caminos, y observando sus","y mandamientos, y sus derechos y sus testimonios, de la manera que es","Guarda la ordenanza de Jehová tu Dios, andando en sus caminos, y observando sus estatutos y mandamientos, y sus derechos y sus testimonios, de la manera que está escrito en la ley de Moisés, para que seas dichoso en todo lo que hicieres, y en todo aquello a que te tornares;",estatuto,medium,Puede conservarse como termino legal.,,,,
e55d8ecb135bef8803bc,OT,1KI,2,5,1KI 2:5,lomos,8,279,284,lomos,"a, y poniendo la sangre de guerra en su talabarte que tenía sobre sus",", y en sus zapatos que tenía en sus pies.","Y ya sabes tú lo que me ha hecho Joab hijo de Sarvia, lo que hizo a dos generales del ejército de Israel, a Abner hijo de Ner, y a Amasa hijo de Jether, los cuales él mató, derramando en paz la sangre de guerra, y poniendo la sangre de guerra en su talabarte que tenía sobre sus lomos, y en sus zapatos que tenía en sus pies.",cintura,medium,Puede ser literal o modismo.,,,,
bdbd10b5fce1800c4f6e,OT,1KI,3,3,1KI 3:3,estatuto,77,42,51,estatutos,"Pero Salomón amó a Jehová, andando en los",de su padre David: solamente sacrificaba y quemaba perfumes en los al,"Pero Salomón amó a Jehová, andando en los estatutos de su padre David: solamente sacrificaba y quemaba perfumes en los altos.",estatuto,medium,Puede conservarse como termino legal.,,,,
33bf2d0d18538d040293,OT,1KI,3,14,1KI 3:14,estatuto,78,46,55,estatutos,"Y si anduvieres en mis caminos, guardando mis","y mis mandamientos, como anduvo David tu padre, yo alargaré tus días.","Y si anduvieres en mis caminos, guardando mis estatutos y mis mandamientos, como anduvo David tu padre, yo alargaré tus días.",estatuto,medium,Puede conservarse como termino legal.,,,,
3d3b1aacd965894fe533,OT,1KI,6,12,1KI 6:12,estatuto,79,48,57,estatutos,"Esta casa que tú edificas, si anduvieres en mis",", e hicieres mis derechos, y guardares todos mis mandamientos andando","Esta casa que tú edificas, si anduvieres en mis estatutos, e hicieres mis derechos, y guardares todos mis mandamientos andando en ellos, yo tendré firme contigo mi palabra que hablé a David tu padre;",estatuto,medium,Puede conservarse como termino legal.,,,,
87581f9ea0e5acf878c6,OT,1KI,8,19,1KI 8:19,lomos,9,62,67,lomos,"Pero tú no edificarás la casa, sino tu hijo que saldrá de tus",", él edificará casa a mi nombre.","Pero tú no edificarás la casa, sino tu hijo que saldrá de tus lomos, él edificará casa a mi nombre.",cintura,medium,Puede ser literal o modismo.,,,,
0181e73123f5999ef095,OT,1KI,8,58,1KI 8:58,estatuto,80,108,117,estatutos,"que andemos en todos sus caminos, y guardemos sus mandamientos y sus","y sus derechos, los cuales mandó a nuestros padres.","Incline nuestro corazón hacia sí, para que andemos en todos sus caminos, y guardemos sus mandamientos y sus estatutos y sus derechos, los cuales mandó a nuestros padres.",estatuto,medium,Puede conservarse como termino legal.,,,,
25a570e09cfa86f5c39f,OT,1KI,11,17,1KI 11:17,fuese,62,83,88,fuése,"Adad, y con él algunos varones Idumeos de los siervos de su padre, y",a Egipto; era entonces Adad muchacho pequeño.,"Entonces huyó Adad, y con él algunos varones Idumeos de los siervos de su padre, y fuése a Egipto; era entonces Adad muchacho pequeño.",se fue,medium,Puede requerir ajustar la frase completa.,,,,
b172b69dc68954208362,OT,1KI,11,22,1KI 11:22,respondiole,6,2,13,respondióle,Y,"Faraón: ¿Por qué? ¿qué te falta conmigo, que procuras irte a tu tierr","Y respondióle Faraón: ¿Por qué? ¿qué te falta conmigo, que procuras irte a tu tierra? Y él respondió: Nada; con todo, ruégote que me dejes ir.",le respondio,low,Forma enclitica arcaica.,Codex-assisted,replace,le respondió,Modernización de forma enclítica arcaica.
ccfa72b8fdca2f5cf28a,OT,1KI,12,10,1KI 12:10,lomos,10,260,265,lomos,go: así les hablarás: El menor dedo de los míos es más grueso que los,de mi padre.,"Entonces los mancebos que se habían criado con él, le respondieron, diciendo: Así hablarás a este pueblo que te ha dicho estas palabras: Tu padre agravó nuestro yugo; pero tú disminúyenos algo: así les hablarás: El menor dedo de los míos es más grueso que los lomos de mi padre.",cintura,medium,Puede ser literal o modismo.,,,,
753c512c58af4f37a242,OT,1KI,12,16,1KI 12:16,respondiole,7,58,69,respondióle,"Y cuando todo el pueblo vio que el rey no les había oído,","estas palabras, diciendo: ¿Qué parte tenemos nosotros con David? No t","Y cuando todo el pueblo vio que el rey no les había oído, respondióle estas palabras, diciendo: ¿Qué parte tenemos nosotros con David? No tenemos heredad en el hijo de Isaí. ¡Israel, a tus estancias! ¡Provee ahora en tu casa, David! Entonces Israel se fue a sus estancias.",le respondio,low,Forma enclitica arcaica.,Codex-assisted,replace,le respondió,Modernización de forma enclítica arcaica.
302456a99ee4a7e3815f,OT,1KI,13,10,1KI 13:10,fuese,63,0,5,Fuése,,"pues por otro camino, y no volvió por el camino por donde había venid","Fuése pues por otro camino, y no volvió por el camino por donde había venido a Beth-el.",se fue,medium,Puede requerir ajustar la frase completa.,,,,
bed9a9645f7b7f33b026,OT,1KI,16,7,1KI 16:7,fuese,64,232,237,fuese,"os de Jehová, provocándole a ira con las obras de sus manos, para que",hecha como la casa de Jeroboam; y porque lo había herido.,"Pero la palabra de Jehová por mano de Jehú profeta, hijo de Hanani, había sido contra Baasa y también contra su casa, con motivo de todo lo malo que hizo a los ojos de Jehová, provocándole a ira con las obras de sus manos, para que fuese hecha como la casa de Jeroboam; y porque lo había herido.",se fue,medium,Puede requerir ajustar la frase completa.,,,,
8d171a55ac842b66d515,OT,1KI,18,46,1KI 18:46,lomos,11,54,59,lomos,"Y la mano de Jehová fue sobre Elías, el cual ciñó sus",", y vino corriendo delante de Achâb hasta llegar a Jezreel.","Y la mano de Jehová fue sobre Elías, el cual ciñó sus lomos, y vino corriendo delante de Achâb hasta llegar a Jezreel.",cintura,medium,Puede ser literal o modismo.,,,,
d44b1921c0ade3953ab2,OT,1KI,19,3,1KI 19:3,fuese,65,36,41,fuése,"Viendo pues el peligro, levantóse y","por salvar su vida, y vino a Beer-seba, que es en Judá, y dejó allí s","Viendo pues el peligro, levantóse y fuése por salvar su vida, y vino a Beer-seba, que es en Judá, y dejó allí su criado.",se fue,medium,Puede requerir ajustar la frase completa.,,,,
6cac5f36c5a1270fe0bf,OT,1KI,20,31,1KI 20:31,lomos,12,150,155,lomos,Israel que son reyes clementes: pongamos pues ahora sacos en nuestros,", y sogas en nuestras cabezas, y salgamos al rey de Israel: por ventur","Entonces sus siervos le dijeron: He aquí, hemos oído de los reyes de la casa de Israel que son reyes clementes: pongamos pues ahora sacos en nuestros lomos, y sogas en nuestras cabezas, y salgamos al rey de Israel: por ventura te salvará la vida.",cintura,medium,Puede ser literal o modismo.,,,,
f17923ccb8c2431a9774,OT,1KI,20,32,1KI 20:32,lomos,13,17,22,lomos,Ciñeron pues sus,"de sacos, y sogas a sus cabezas, y vinieron al rey de Israel, y dijér","Ciñeron pues sus lomos de sacos, y sogas a sus cabezas, y vinieron al rey de Israel, y dijéronle: Tu siervo Ben-adad dice: Ruégote que viva mi alma. Y él respondió: Si él vive aún, mi hermano es.",cintura,medium,Puede ser literal o modismo.,,,,
0ac1332a700deb264bb1,OT,2KI,1,8,2KI 1:8,lomos,14,55,60,lomos,"Y ellos le respondieron: Un varón velloso, y ceñía sus",con un cinto de cuero. Entonces él dijo: Elías Thisbita es.,"Y ellos le respondieron: Un varón velloso, y ceñía sus lomos con un cinto de cuero. Entonces él dijo: Elías Thisbita es.",cintura,medium,Puede ser literal o modismo.,,,,
f3cc2623cd3caba5311f,OT,2KI,1,12,2KI 1:12,respondiole,8,2,13,respondióle,Y,"Elías, y dijo: Si yo soy varón de Dios, descienda fuego del cielo, y","Y respondióle Elías, y dijo: Si yo soy varón de Dios, descienda fuego del cielo, y consúmate con tus cincuenta. Y descendió fuego del cielo, que lo consumió a él y a sus cincuenta.",le respondio,low,Forma enclitica arcaica.,Codex-assisted,replace,le respondió,Modernización de forma enclítica arcaica.
31298adaa077d6af73cc,OT,2KI,4,5,2KI 4:5,partiose,7,2,10,partióse,Y,"la mujer de él, y cerró la puerta tras sí y tras sus hijos; y ellos l","Y partióse la mujer de él, y cerró la puerta tras sí y tras sus hijos; y ellos le llegaban los vasos, y ella echaba del aceite.",se fue,medium,Puede significar partir/salir; revisar contexto.,,,,
1e853a68ea3c2768a146,OT,2KI,4,25,2KI 4:25,partiose,8,0,8,Partióse,,"pues, y vino al varón de Dios al monte del Carmelo. Y cuando el varón","Partióse pues, y vino al varón de Dios al monte del Carmelo. Y cuando el varón de Dios la vio de lejos, dijo a su criado Giezi: He aquí la Sunamita:",se fue,medium,Puede significar partir/salir; revisar contexto.,,,,
28aded2b795e686d5381,OT,2KI,4,29,2KI 4:29,lomos,15,35,40,lomos,Entonces dijo él a Giezi: Ciñe tus,", y toma mi bordón en tu mano, y ve; y si alguno te encuentra, no lo s","Entonces dijo él a Giezi: Ciñe tus lomos, y toma mi bordón en tu mano, y ve; y si alguno te encuentra, no lo saludes; y si alguno te saluda, no le respondas: y pondrás mi bordón sobre el rostro del niño.",cintura,medium,Puede ser literal o modismo.,,,,
6bd616417e5d791d63a8,OT,2KI,5,12,2KI 5:12,fuese,66,142,147,fuése,"e Israel? Si me lavo en ellos, ¿no seré también limpio? Y volvióse, y",enojado.,"Abana y Pharphar, ríos de Damasco, ¿no son mejores que todas las aguas de Israel? Si me lavo en ellos, ¿no seré también limpio? Y volvióse, y fuése enojado.",se fue,medium,Puede requerir ajustar la frase completa.,,,,
c309fa1d102897e37a71,OT,2KI,5,19,2KI 5:19,partiose,9,27,35,Partióse,Y él le dijo: Vete en paz.,"pues de él, y caminó como el espacio de una milla.","Y él le dijo: Vete en paz. Partióse pues de él, y caminó como el espacio de una milla.",se fue,medium,Puede significar partir/salir; revisar contexto.,,,,
6d4e44f228effb2bf3fc,OT,2KI,6,4,2KI 6:4,fuese,67,0,5,Fuése,,"pues con ellos; y como llegaron al Jordán, cortaron la madera.","Fuése pues con ellos; y como llegaron al Jordán, cortaron la madera.",se fue,medium,Puede requerir ajustar la frase completa.,,,,
ba5fad33981f6e530d04,OT,2KI,8,2,2KI 8:2,partiose,10,70,78,partióse,"Entonces la mujer se levantó, e hizo como el varón de Dios le dijo: y","ella con su familia, y vivió en tierra de los Filisteos siete años.","Entonces la mujer se levantó, e hizo como el varón de Dios le dijo: y partióse ella con su familia, y vivió en tierra de los Filisteos siete años.",se fue,medium,Puede significar partir/salir; revisar contexto.,,,,
5cbb73b158fa4b24cea9,OT,2KI,9,1,2KI 9:1,lomos,16,88,93,lomos,"a Eliseo llamó a uno de los hijos de los profetas, y díjole: Ciñe tus",", y toma esta alcuza de aceite en tu mano, y ve a Ramoth de Galaad.","Entonces el profeta Eliseo llamó a uno de los hijos de los profetas, y díjole: Ciñe tus lomos, y toma esta alcuza de aceite en tu mano, y ve a Ramoth de Galaad.",cintura,medium,Puede ser literal o modismo.,,,,
f5c210be3b5195d2b72c,OT,2KI,9,16,2KI 9:16,fuese,68,25,30,fuése,"Entonces Jehú cabalgó, y","a Jezreel, porque Joram estaba allí enfermo. También Ochôzías rey de","Entonces Jehú cabalgó, y fuése a Jezreel, porque Joram estaba allí enfermo. También Ochôzías rey de Judá había descendido a visitar a Joram.",se fue,medium,Puede requerir ajustar la frase completa.,,,,
b92fe513dcdea8372cf1,OT,2KI,9,24,2KI 9:24,saeta,14,67,72,saeta,"Pero Jehú flechó su arco, e hirió a Joram entre las espaldas, y la","salió por su corazón, y cayó en su carro.","Pero Jehú flechó su arco, e hirió a Joram entre las espaldas, y la saeta salió por su corazón, y cayó en su carro.",flecha,medium,Termino poetico; revisar estilo.,,,,
be2907e458ed503f537f,OT,2KI,13,15,2KI 13:15,saeta,15,37,43,saetas,Y díjole Eliseo: Toma un arco y unas,. Tomóse él entonces un arco y unas saetas.,Y díjole Eliseo: Toma un arco y unas saetas. Tomóse él entonces un arco y unas saetas.,flecha,medium,Termino poetico; revisar estilo.,,,,
9cc8d91930001a32b321,OT,2KI,13,15,2KI 13:15,saeta,16,79,85,saetas,Eliseo: Toma un arco y unas saetas. Tomóse él entonces un arco y unas,.,Y díjole Eliseo: Toma un arco y unas saetas. Tomóse él entonces un arco y unas saetas.,flecha,medium,Termino poetico; revisar estilo.,,,,
c9e3c3e0335c6e17fde3,OT,2KI,13,17,2KI 13:17,saeta,17,110,115,Saeta,"nte. Y como él la abrió dijo Eliseo: Tira. Y tirando él, dijo Eliseo:","de salud de Jehová, y saeta de salud contra Siria: porque herirás a l","Y dijo: Abre la ventana de hacia el oriente. Y como él la abrió dijo Eliseo: Tira. Y tirando él, dijo Eliseo: Saeta de salud de Jehová, y saeta de salud contra Siria: porque herirás a los Siros en Aphec, hasta consumirlos.",flecha,medium,Termino poetico; revisar estilo.,,,,
6a6dcd2aaf0d98abe0cb,OT,2KI,13,17,2KI 13:17,saeta,18,138,143,saeta,"Eliseo: Tira. Y tirando él, dijo Eliseo: Saeta de salud de Jehová, y","de salud contra Siria: porque herirás a los Siros en Aphec, hasta con","Y dijo: Abre la ventana de hacia el oriente. Y como él la abrió dijo Eliseo: Tira. Y tirando él, dijo Eliseo: Saeta de salud de Jehová, y saeta de salud contra Siria: porque herirás a los Siros en Aphec, hasta consumirlos.",flecha,medium,Termino poetico; revisar estilo.,,,,
4e23aaf85dc0cdd17b17,OT,2KI,13,18,2KI 13:18,saeta,19,28,34,saetas,Y tornóle a decir: Toma las,". Y luego que el rey de Israel las hubo tomado, díjole: Hiere la tierr","Y tornóle a decir: Toma las saetas. Y luego que el rey de Israel las hubo tomado, díjole: Hiere la tierra. Y él hirió tres veces, y cesó.",flecha,medium,Termino poetico; revisar estilo.,,,,
43f5fc14e0c13dcf2140,OT,2KI,19,32,2KI 19:32,saeta,20,83,88,saeta,"hová dice así del rey de Asiria: No entrará en esta ciudad, ni echará","en ella; ni vendrá delante de ella escudo, ni será echado contra ella","Por tanto, Jehová dice así del rey de Asiria: No entrará en esta ciudad, ni echará saeta en ella; ni vendrá delante de ella escudo, ni será echado contra ella baluarte.",flecha,medium,Termino poetico; revisar estilo.,,,,
cd5bf26ef745d408a139,OT,1CH,10,9,1CH 10:9,fuese,69,140,145,fuese,"viáronlo todo a la tierra de los Filisteos por todas partes, para que",denunciado a sus ídolos y al pueblo.,"Y luego que le hubieron desnudado, tomaron su cabeza y sus armas, y enviáronlo todo a la tierra de los Filisteos por todas partes, para que fuese denunciado a sus ídolos y al pueblo.",se fue,medium,Puede requerir ajustar la frase completa.,,,,
364abdc0f620abb02697,OT,1CH,12,2,1CH 12:2,saeta,21,80,86,saetas,"mados de arcos, y usaban de ambas manos en tirar piedras con honda, y",con arco. De los hermanos de Saúl de Benjamín:,"Estaban armados de arcos, y usaban de ambas manos en tirar piedras con honda, y saetas con arco. De los hermanos de Saúl de Benjamín:",flecha,medium,Termino poetico; revisar estilo.,,,,
470fc140686f4c8c1156,OT,1CH,17,21,1CH 17:21,fuese,70,63,68,fuese,"¿y qué gente hay en la tierra como tu pueblo Israel, cuyo Dios","y se redimiera un pueblo, para hacerte nombre con grandezas y maravil","¿y qué gente hay en la tierra como tu pueblo Israel, cuyo Dios fuese y se redimiera un pueblo, para hacerte nombre con grandezas y maravillas, echando las gentes de delante de tu pueblo, que tú rescataste de Egipto?",se fue,medium,Puede requerir ajustar la frase completa.,,,,
3b5abbf404ee632fa303,OT,1CH,26,10,1CH 26:10,fuese,71,119,124,fuese,"al, (aunque no era el primogénito, sino que su padre lo puso para que",cabeza;),"De Hosa, de los hijos de Merari: Simri el principal, (aunque no era el primogénito, sino que su padre lo puso para que fuese cabeza;)",se fue,medium,Puede requerir ajustar la frase completa.,,,,
ec2a9094654f4401c20f,OT,1CH,28,4,1CH 28:4,fuese,72,92,97,fuese,"Israel me eligió de toda la casa de mi padre, para que perpetuamente","rey sobre Israel: porque a Judá escogió por caudillo, y de la casa de","Pero Jehová el Dios de Israel me eligió de toda la casa de mi padre, para que perpetuamente fuese rey sobre Israel: porque a Judá escogió por caudillo, y de la casa de Judá la familia de mi padre; y de entre los hijos de mi padre agradóse de mí para ponerme por rey sobre todo Israel;",se fue,medium,Puede requerir ajustar la frase completa.,,,,
be449e2ef390dff5e874,OT,1CH,28,11,1CH 28:11,propiciatorio,1,140,153,propiciatorio,"de sus oficinas, y de sus salas, y de sus recámaras, y de la casa del",.,"Y David dio a Salomón su hijo la traza del pórtico, y de sus casas, y de sus oficinas, y de sus salas, y de sus recámaras, y de la casa del propiciatorio.",propiciatorio,high,Termino teologico tecnico; normalmente conservar.,,,,
0479d929e8a02d0dae90,OT,2CH,6,5,2CH 6:5,fuese,73,184,189,fuese,"ara edificar casa donde estuviese mi nombre, ni he escogido varón que",príncipe sobre mi pueblo Israel.,"Desde el día que saqué mi pueblo de la tierra de Egipto, ninguna ciudad he elegido de todas las tribus de Israel para edificar casa donde estuviese mi nombre, ni he escogido varón que fuese príncipe sobre mi pueblo Israel.",se fue,medium,Puede requerir ajustar la frase completa.,,,,
f170dd8aaab5a690418f,OT,2CH,6,6,2CH 6:6,fuese,74,91,96,fuese,"legido para que en ella esté mi nombre, y a David he elegido para que",sobre mi pueblo Israel.,"Pero a Jerusalem he elegido para que en ella esté mi nombre, y a David he elegido para que fuese sobre mi pueblo Israel.",se fue,medium,Puede requerir ajustar la frase completa.,,,,
b0a30c94e2f12f19bf59,OT,2CH,6,9,2CH 6:9,lomos,17,62,67,lomos,"Pero tú no edificarás la casa, sino tu hijo que saldrá de tus",", él edificará casa a mi nombre.","Pero tú no edificarás la casa, sino tu hijo que saldrá de tus lomos, él edificará casa a mi nombre.",cintura,medium,Puede ser literal o modismo.,,,,
56462e734220ad732783,OT,2CH,9,12,2CH 9:12,fuese,75,130,135,fuése,"so y le pidió, más de lo que había traído al rey. Después se volvió y",a su tierra con sus siervos.,"Y el rey Salomón dio a la reina de Seba todo lo que ella quiso y le pidió, más de lo que había traído al rey. Después se volvió y fuése a su tierra con sus siervos.",se fue,medium,Puede requerir ajustar la frase completa.,,,,
d581e49206eff7774cfe,OT,2CH,10,10,2CH 10:10,lomos,18,228,233,lomos,ú descárganos: así les dirás: Lo más menudo mío es más grueso que los,de mi padre.,"Entonces los mancebos que se habían criado con él, le hablaron, diciendo: Así dirás al pueblo que te ha hablado diciendo, Tu padre agravó nuestro yugo, pero tú descárganos: así les dirás: Lo más menudo mío es más grueso que los lomos de mi padre.",cintura,medium,Puede ser literal o modismo.,,,,
6856c8c360f2297d1a19,OT,2CH,18,2,2CH 18:2,fuese,76,161,166,fuese,"y bueyes para él, y para la gente que con él venía: y persuadióle que",con él a Ramoth de Galaad.,"Y después de algunos años descendió a Achâb a Samaria; por lo que mató Achâb muchas ovejas y bueyes para él, y para la gente que con él venía: y persuadióle que fuese con él a Ramoth de Galaad.",se fue,medium,Puede requerir ajustar la frase completa.,,,,
94ca8939cfced1acd55a,OT,2CH,21,20,2CH 21:20,fuese,77,85,90,fuése,"a reinar era de treinta y dos años, y reinó en Jerusalem ocho años; y","sin ser deseado. Y sepultáronlo en la ciudad de David, pero no en los","Cuando comenzó a reinar era de treinta y dos años, y reinó en Jerusalem ocho años; y fuése sin ser deseado. Y sepultáronlo en la ciudad de David, pero no en los sepulcros de los reyes.",se fue,medium,Puede requerir ajustar la frase completa.,,,,
184ae9a9cccb42536639,OT,2CH,22,7,2CH 22:7,fuese,78,43,48,fuese,"Esto pero venía de Dios, para que Ochôzías","hollado viniendo a Joram: porque siendo venido, salió con Joram contr","Esto pero venía de Dios, para que Ochôzías fuese hollado viniendo a Joram: porque siendo venido, salió con Joram contra Jehú hijo de Nimsi, al cual Jehová había ungido para que talase la casa de Achâb.",se fue,medium,Puede requerir ajustar la frase completa.,,,,
ace08d5a231968dccd62,OT,2CH,26,15,2CH 26:15,saeta,22,125,131,saetas,"s, para que estuviesen en las torres y en los baluartes, para arrojar","y grandes piedras, y su fama se extendió lejos, porque se ayudó marav","E hizo en Jerusalem máquinas por industria de ingenieros, para que estuviesen en las torres y en los baluartes, para arrojar saetas y grandes piedras, y su fama se extendió lejos, porque se ayudó maravillosamente, hasta hacerse fuerte.",flecha,medium,Termino poetico; revisar estilo.,,,,
ed4efd8f4d781ddbbcc3,OT,2CH,31,10,2CH 31:10,respondiole,9,2,13,respondióle,Y,"Azarías, sumo sacerdote, de la casa de Sadoc, y dijo: Desde que comen","Y respondióle Azarías, sumo sacerdote, de la casa de Sadoc, y dijo: Desde que comenzaron a traer la ofrenda a la casa de Jehová, hemos comido y saciádonos, y nos ha sobrado mucho: porque Jehová ha bendecido su pueblo, y ha quedado esta muchedumbre.",le respondio,low,Forma enclitica arcaica.,Codex-assisted,replace,le respondió,Modernización de forma enclítica arcaica.
25162778055285e31324,OT,EZR,5,13,EZR 5:13,fuese,79,106,111,fuese,"bilonia, el mismo rey Ciro dio mandamiento para que esta casa de Dios",edificada.,"Pero el primer año de Ciro rey de Babilonia, el mismo rey Ciro dio mandamiento para que esta casa de Dios fuese edificada.",se fue,medium,Puede requerir ajustar la frase completa.,,,,
67337736b81bfc04ada0,OT,EZR,6,3,EZR 6:3,fuese,80,121,126,fuese,"io mandamiento acerca de la casa de Dios que estaba en Jerusalem, que","la casa edificada para lugar en que sacrifiquen sacrificios, y que su","En el año primero del rey Ciro, el mismo rey Ciro dio mandamiento acerca de la casa de Dios que estaba en Jerusalem, que fuese la casa edificada para lugar en que sacrifiquen sacrificios, y que sus paredes fuesen cubiertas; su altura de sesenta codos, y de sesenta codos su anchura;",se fue,medium,Puede requerir ajustar la frase completa.,,,,
64b1de8dbe0581cee0db,OT,NEH,4,18,NEH 4:18,lomos,19,65,70,lomos,"Porque los que edificaban, cada uno tenía su espada ceñida a sus",", y así edificaban: y el que tocaba la trompeta estaba junto a mí.","Porque los que edificaban, cada uno tenía su espada ceñida a sus lomos, y así edificaban: y el que tocaba la trompeta estaba junto a mí.",cintura,medium,Puede ser literal o modismo.,,,,
35e71121bfc49de1dc4f,OT,JOB,6,4,JOB 6:4,saeta,23,11,17,saetas,Porque las,"del Todopoderoso están en mí, cuyo veneno bebe mi espíritu; y terrore","Porque las saetas del Todopoderoso están en mí, cuyo veneno bebe mi espíritu; y terrores de Dios me combaten.",flecha,medium,Termino poetico; revisar estilo.,,,,
529dfee2010a6336981c,OT,JOB,8,7,JOB 8:7,postrimeria,5,40,51,postrimería,"Y tu principio habrá sido pequeño, y tu",acrecerá en gran manera.,"Y tu principio habrá sido pequeño, y tu postrimería acrecerá en gran manera.",fin/final,high,Revisar contexto poetico/profetico.,,,,
3122772a8caf3e6714b8,OT,JOB,12,18,JOB 12:18,lomos,20,58,63,lomos,"El suelta la atadura de los tiranos, y ata el cinto a sus",.,"El suelta la atadura de los tiranos, y ata el cinto a sus lomos.",cintura,medium,Puede ser literal o modismo.,,,,
29d410c921398bebaa2b,OT,JOB,20,25,JOB 20:25,saeta,24,22,27,saeta,Desenvainará y sacará,"de su aljaba, y relumbrante pasará por su hiel: sobre él vendrán terr","Desenvainará y sacará saeta de su aljaba, y relumbrante pasará por su hiel: sobre él vendrán terrores.",flecha,medium,Termino poetico; revisar estilo.,,,,
7fde88d0c893355fdb51,OT,JOB,31,20,JOB 31:20,lomos,21,24,29,lomos,Si no me bendijeron sus,", y del vellón de mis ovejas se calentaron;","Si no me bendijeron sus lomos, y del vellón de mis ovejas se calentaron;",cintura,medium,Puede ser literal o modismo.,,,,
2f60b52fa44b7664cbc9,OT,JOB,34,6,JOB 34:6,saeta,25,37,42,saeta,¿He de mentir yo contra mi razón? Mi,es gravosa sin haber yo prevaricado.,¿He de mentir yo contra mi razón? Mi saeta es gravosa sin haber yo prevaricado.,flecha,medium,Termino poetico; revisar estilo.,,,,
edf900b254c833faf6ab,OT,JOB,36,10,JOB 36:10,diceles,1,56,63,díceles,"Despierta además el oído de ellos para la corrección, y",que se conviertan de la iniquidad.,"Despierta además el oído de ellos para la corrección, y díceles que se conviertan de la iniquidad.",les dice,low,Forma enclitica arcaica.,Codex-assisted,replace,les dice,Modernización de forma enclítica arcaica.
cd6fd8633e8006c56c93,OT,JOB,38,3,JOB 38:3,lomos,22,26,31,lomos,Ahora ciñe como varón tus,"; yo te preguntaré, y hazme saber tú.","Ahora ciñe como varón tus lomos; yo te preguntaré, y hazme saber tú.",cintura,medium,Puede ser literal o modismo.,,,,
c8e5eefc587f031c75a9,OT,JOB,40,2,JOB 40:2,lomos,23,28,33,lomos,Cíñete ahora como varón tus,"; yo te preguntaré, y explícame.","Cíñete ahora como varón tus lomos; yo te preguntaré, y explícame.",cintura,medium,Puede ser literal o modismo.,,,,
32edf0782b07217c281b,OT,JOB,40,11,JOB 40:11,lomos,24,40,45,lomos,He aquí ahora que su fuerza está en sus,", y su fortaleza en el ombligo de su vientre.","He aquí ahora que su fuerza está en sus lomos, y su fortaleza en el ombligo de su vientre.",cintura,medium,Puede ser literal o modismo.,,,,
bc060d78be88ac99ee02,OT,JOB,41,28,JOB 41:28,saeta,26,0,5,Saeta,,no le hace huir; las piedras de honda se le tornan aristas.,Saeta no le hace huir; las piedras de honda se le tornan aristas.,flecha,medium,Termino poetico; revisar estilo.,,,,
7f1a30287378e7bda961,OT,JOB,42,12,JOB 42:12,postrimeria,6,20,31,postrimería,Y bendijo Jehová la,"de Job más que su principio; porque tuvo catorce mil ovejas, y seis m","Y bendijo Jehová la postrimería de Job más que su principio; porque tuvo catorce mil ovejas, y seis mil camellos, y mil yuntas de bueyes, y mil asnas.",fin/final,high,Revisar contexto poetico/profetico.,,,,
85531eac40475514a568,OT,PSA,7,13,PSA 7:13,saeta,27,62,68,saetas,Asimismo ha aparejado para él armas de muerte; ha labrado sus,para los que persiguen.,Asimismo ha aparejado para él armas de muerte; ha labrado sus saetas para los que persiguen.,flecha,medium,Termino poetico; revisar estilo.,,,,
fcb54e486e11797c77a7,OT,PSA,11,2,PSA 11:2,saeta,28,62,68,saetas,"Porque he aquí, los malos flecharon el arco, apercibieron sus","sobre la cuerda, para asaetear en oculto a los rectos de corazón.","Porque he aquí, los malos flecharon el arco, apercibieron sus saetas sobre la cuerda, para asaetear en oculto a los rectos de corazón.",flecha,medium,Termino poetico; revisar estilo.,,,,
73287cb5317d1de4bcbd,OT,PSA,18,14,PSA 18:14,saeta,29,12,18,saetas,Y envió sus,", y desbaratólos; y echó relámpagos, y los destruyó.","Y envió sus saetas, y desbaratólos; y echó relámpagos, y los destruyó.",flecha,medium,Termino poetico; revisar estilo.,,,,
62ad5357520217054a50,OT,PSA,21,12,PSA 21:12,saeta,30,66,72,saetas,"Pues tú los pondrás en fuga, cuando aparejares en tus cuerdas las",contra sus rostros.,"Pues tú los pondrás en fuga, cuando aparejares en tus cuerdas las saetas contra sus rostros.",flecha,medium,Termino poetico; revisar estilo.,,,,
bbb89c085c086862777c,OT,PSA,37,37,PSA 37:37,postrimeria,7,46,57,postrimería,"Considera al íntegro, y mira al justo: que la",de cada uno de ellos es paz.,"Considera al íntegro, y mira al justo: que la postrimería de cada uno de ellos es paz.",fin/final,high,Revisar contexto poetico/profetico.,,,,
924e7670192855ce595a,OT,PSA,37,38,PSA 37:38,postrimeria,8,57,68,postrimería,Pero los transgresores fueron todos a una destruídos: la,de los impíos fue talada.,Pero los transgresores fueron todos a una destruídos: la postrimería de los impíos fue talada.,fin/final,high,Revisar contexto poetico/profetico.,,,,
39e004fe86c624a882b5,OT,PSA,38,2,PSA 38:2,saeta,31,11,17,saetas,Porque tus,"descendieron a mí, y sobre mí ha caído tu mano.","Porque tus saetas descendieron a mí, y sobre mí ha caído tu mano.",flecha,medium,Termino poetico; revisar estilo.,,,,
2a575aef4eed2ffa7188,OT,PSA,38,7,PSA 38:7,lomos,25,11,16,lomos,Porque mis,"están llenos de irritación, y no hay sanidad en mi carne.","Porque mis lomos están llenos de irritación, y no hay sanidad en mi carne.",cintura,medium,Puede ser literal o modismo.,,,,
8baf5cbd8e1570dfae9c,OT,PSA,45,5,PSA 45:5,saeta,32,4,10,saetas,Tus,"agudas con que caerán pueblos debajo de ti, penetrarán en el corazón","Tus saetas agudas con que caerán pueblos debajo de ti, penetrarán en el corazón de los enemigos del Rey.",flecha,medium,Termino poetico; revisar estilo.,,,,
0c046e65008b21b86275,OT,PSA,57,4,PSA 57:4,saeta,33,100,106,saetas,oy echado entre hijos de hombres encendidos: sus dientes son lanzas y,", y su lengua cuchillo agudo.","Mi vida está entre leones; estoy echado entre hijos de hombres encendidos: sus dientes son lanzas y saetas, y su lengua cuchillo agudo.",flecha,medium,Termino poetico; revisar estilo.,,,,
d594f6f85d9b3a2b94c5,OT,PSA,58,7,PSA 58:7,saeta,34,57,63,saetas,Córranse como aguas que se van de suyo: en entesando sus,", luego sean hechas pedazos.","Córranse como aguas que se van de suyo: en entesando sus saetas, luego sean hechas pedazos.",flecha,medium,Termino poetico; revisar estilo.,,,,
fd4a50ee1084f6b5aeca,OT,PSA,64,3,PSA 64:3,saeta,35,55,60,saeta,"Que amolaron su lengua como cuchillo, y armaron por su",palabra amarga;,"Que amolaron su lengua como cuchillo, y armaron por su saeta palabra amarga;",flecha,medium,Termino poetico; revisar estilo.,,,,
e75118874adeaf23264e,OT,PSA,64,7,PSA 64:7,saeta,36,25,30,saeta,Pero Dios los herirá con,; de repente serán sus plagas.,Pero Dios los herirá con saeta; de repente serán sus plagas.,flecha,medium,Termino poetico; revisar estilo.,,,,
e2dba2f54e8acf44cbc1,OT,PSA,66,11,PSA 66:11,lomos,26,52,57,lomos,Nos metiste en la red; pusiste apretura en nuestros,.,Nos metiste en la red; pusiste apretura en nuestros lomos.,cintura,medium,Puede ser literal o modismo.,,,,
d40c747e92125a66037c,OT,PSA,69,23,PSA 69:23,lomos,27,63,68,lomos,"Sean oscurecidos sus ojos para ver, y haz siempre titubear sus",.,"Sean oscurecidos sus ojos para ver, y haz siempre titubear sus lomos.",cintura,medium,Puede ser literal o modismo.,,,,
0796774004190c3815dc,OT,PSA,73,17,PSA 73:17,postrimeria,9,52,63,postrimería,"Hasta que venido al santuario de Dios, entenderé la",de ellos.,"Hasta que venido al santuario de Dios, entenderé la postrimería de ellos.",fin/final,high,Revisar contexto poetico/profetico.,,,,
43634053c532e386a0c0,OT,PSA,76,3,PSA 76:3,saeta,37,16,22,saetas,Allí quebró las,"del arco, el escudo, y la espada, y tren de guerra. (Selah.)","Allí quebró las saetas del arco, el escudo, y la espada, y tren de guerra. (Selah.)",flecha,medium,Termino poetico; revisar estilo.,,,,
438a3ae425e35da05167,OT,PSA,91,5,PSA 91:5,saeta,38,44,49,saeta,"No tendrás temor de espanto nocturno, ni de",que vuele de día;,"No tendrás temor de espanto nocturno, ni de saeta que vuele de día;",flecha,medium,Termino poetico; revisar estilo.,,,,
d5e4bd3bc21ea3029365,OT,PSA,120,4,PSA 120:4,saeta,39,7,13,saetas,Agudas,"de valiente, con brasas de enebro.","Agudas saetas de valiente, con brasas de enebro.",flecha,medium,Termino poetico; revisar estilo.,,,,
1d2526a75ad55b71f7bd,OT,PSA,127,4,PSA 127:4,saeta,40,5,11,saetas,Como,"en mano del valiente, así son los hijos habidos en la juventud.","Como saetas en mano del valiente, así son los hijos habidos en la juventud.",flecha,medium,Termino poetico; revisar estilo.,,,,
05fe27855257a81f8311,OT,PSA,144,6,PSA 144:6,saeta,41,43,49,saetas,"Despide relámpagos, y disípalos; envía tus",", y contúrbalos.","Despide relámpagos, y disípalos; envía tus saetas, y contúrbalos.",flecha,medium,Termino poetico; revisar estilo.,,,,
c036ef4fe4790f113b52,OT,PRO,5,11,PRO 5:11,postrimeria,10,15,27,postrimerías,Y gimas en tus,", cuando se consuma tu carne y tu cuerpo,","Y gimas en tus postrimerías, cuando se consuma tu carne y tu cuerpo,",fin/final,high,Revisar contexto poetico/profetico.,,,,
6bd3fa63fcfaa7186e2d,OT,PRO,7,23,PRO 7:23,saeta,42,83,88,saeta,"ue se apresura al lazo, y no sabe que es contra su vida, hasta que la",traspasó su hígado.,"Como el ave que se apresura al lazo, y no sabe que es contra su vida, hasta que la saeta traspasó su hígado.",flecha,medium,Termino poetico; revisar estilo.,,,,
1faab5af7d846caad33b,OT,PRO,20,21,PRO 20:21,postrimeria,11,53,64,postrimería,"La herencia adquirida de priesa al principio, aun su",no será bendita.,"La herencia adquirida de priesa al principio, aun su postrimería no será bendita.",fin/final,high,Revisar contexto poetico/profetico.,,,,
9f267ea52ac516013e6f,OT,PRO,25,18,PRO 25:18,saeta,43,22,27,saeta,Martillo y cuchillo y,"aguda, es el hombre que habla contra su prójimo falso testimonio.","Martillo y cuchillo y saeta aguda, es el hombre que habla contra su prójimo falso testimonio.",flecha,medium,Termino poetico; revisar estilo.,,,,
08f46b9dc25d10e1e2a6,OT,PRO,26,18,PRO 26:18,saeta,44,39,45,saetas,"Como el que enloquece, y echa llamas y","y muerte,","Como el que enloquece, y echa llamas y saetas y muerte,",flecha,medium,Termino poetico; revisar estilo.,,,,
3d140981e7f0c69bc6e6,OT,PRO,30,31,PRO 30:31,lomos,28,20,25,lomos,El lebrel ceñido de,; asimismo el macho cabrío; y un rey contra el cual ninguno se levanta,El lebrel ceñido de lomos; asimismo el macho cabrío; y un rey contra el cual ninguno se levanta.,cintura,medium,Puede ser literal o modismo.,,,,
7c53734564047fc56448,OT,PRO,31,17,PRO 31:17,lomos,29,9,14,lomos,Ciñó sus,"de fortaleza, y esforzó sus brazos.","Ciñó sus lomos de fortaleza, y esforzó sus brazos.",cintura,medium,Puede ser literal o modismo.,,,,
09a8fe6a13610a0f9fa9,OT,ISA,5,27,ISA 5:27,lomos,30,125,130,lomos,dormirá ni le tomará sueño; a ninguno se le desatará el cinto de los,", ni se le romperá la correa de sus zapatos.","No habrá entre ellos cansado, ni que vacile; ninguno se dormirá ni le tomará sueño; a ninguno se le desatará el cinto de los lomos, ni se le romperá la correa de sus zapatos.",cintura,medium,Puede ser literal o modismo.,,,,
8b74d2638669ec289d82,OT,ISA,5,28,ISA 5:28,saeta,45,4,10,saetas,Sus,"amoladas, y todos sus arcos entesados; las uñas de sus caballos parec","Sus saetas amoladas, y todos sus arcos entesados; las uñas de sus caballos parecerán como de pedernal, y las ruedas de sus carros como torbellino.",flecha,medium,Termino poetico; revisar estilo.,,,,
c0a4bab9c88776611600,OT,ISA,7,24,ISA 7:24,saeta,46,4,10,saetas,Con,y arco irán allá; porque toda la tierra será espinos y cardos.,Con saetas y arco irán allá; porque toda la tierra será espinos y cardos.,flecha,medium,Termino poetico; revisar estilo.,,,,
0fac454f65eb07ffb920,OT,ISA,11,5,ISA 11:5,lomos,31,32,37,lomos,Y será la justicia cinto de sus,", y la fidelidad ceñidor de sus riñones.","Y será la justicia cinto de sus lomos, y la fidelidad ceñidor de sus riñones.",cintura,medium,Puede ser literal o modismo.,,,,
45fa7e3e6773844fe270,OT,ISA,19,21,ISA 19:21,oblacion,3,104,112,oblación,y los de Egipto conocerán a Jehová en aquel día; y harán sacrificio y,"; y harán votos a Jehová, y los cumplirán.","Y Jehová será conocido de Egipto, y los de Egipto conocerán a Jehová en aquel día; y harán sacrificio y oblación; y harán votos a Jehová, y los cumplirán.",ofrenda,medium,Termino sacrificial; revisar contexto ritual.,,,,
6af5ca744fe54e529b55,OT,ISA,20,2,ISA 20:2,lomos,32,91,96,lomos,"Jehová por Isaías hijo de Amoz, diciendo: Ve, y quita el saco de tus",", y descalza los zapatos de tus pies. E hízolo así, andando desnudo y","En aquel tiempo habló Jehová por Isaías hijo de Amoz, diciendo: Ve, y quita el saco de tus lomos, y descalza los zapatos de tus pies. E hízolo así, andando desnudo y descalzo.",cintura,medium,Puede ser literal o modismo.,,,,
eb671546e41886ada107,OT,ISA,21,3,ISA 21:3,lomos,33,14,19,lomos,Por tanto mis,"se han llenado de dolor; angustias se apoderaron de mí, como angustia","Por tanto mis lomos se han llenado de dolor; angustias se apoderaron de mí, como angustias de mujer de parto: agobiéme oyendo, y al ver heme espantado.",cintura,medium,Puede ser literal o modismo.,,,,
141d7ebcd16001b98f67,OT,ISA,30,6,ISA 30:6,lomos,34,160,165,lomos,"la leona y el león, la víbora y la serpiente que vuela, llevan sobre","de jumentos sus riquezas, y sus tesoros sobre corcovas de camellos, a","Carga de las bestias del mediodía: Por tierra de tribulación y de angustia, de donde salen la leona y el león, la víbora y la serpiente que vuela, llevan sobre lomos de jumentos sus riquezas, y sus tesoros sobre corcovas de camellos, a un pueblo que no les será de provecho.",cintura,medium,Puede ser literal o modismo.,,,,
9674d3a43692f59e0253,OT,ISA,32,11,ISA 32:11,lomos,35,82,87,lomos,"reposadas; túrbense, oh confiadas: despójense, desnúdense, ciñan los",con saco.,"Tiemblen, oh reposadas; túrbense, oh confiadas: despójense, desnúdense, ciñan los lomos con saco.",cintura,medium,Puede ser literal o modismo.,,,,
f33129e35efd7e8ba744,OT,ISA,37,33,ISA 37:33,saeta,47,90,95,saeta,"Jehová acerca del rey de Asiria: No entrará en esta ciudad, ni echará","en ella: no vendrá delante de ella escudo, ni será echado contra ella","Por tanto, así dice Jehová acerca del rey de Asiria: No entrará en esta ciudad, ni echará saeta en ella: no vendrá delante de ella escudo, ni será echado contra ella baluarte.",flecha,medium,Termino poetico; revisar estilo.,,,,
ef9d632cd60ee68a8074,OT,ISA,41,22,ISA 41:22,postrimeria,12,145,156,postrimería,"el principio, y pondremos nuestro corazón en ello: sepamos también su",", y hágannos entender lo que ha de venir.","Traigan, y anúnciennos lo que ha de venir: dígannos lo que ha pasado desde el principio, y pondremos nuestro corazón en ello: sepamos también su postrimería, y hágannos entender lo que ha de venir.",fin/final,high,Revisar contexto poetico/profetico.,,,,
b5912c62046e6a393154,OT,ISA,45,1,ISA 45:1,lomos,36,118,123,lomos,"é yo por su mano derecha, para sujetar gentes delante de él y desatar","de reyes; para abrir delante de él puertas, y las puertas no se cerra","Así dice Jehová a su ungido, a Ciro, al cual tomé yo por su mano derecha, para sujetar gentes delante de él y desatar lomos de reyes; para abrir delante de él puertas, y las puertas no se cerrarán:",cintura,medium,Puede ser literal o modismo.,,,,
5e26e52ded851a87dcd1,OT,ISA,47,7,ISA 47:7,postrimeria,13,85,96,postrimería,"siempre seré señora: y no has pensado en esto, ni te acordaste de tu",.,"Y dijiste: Para siempre seré señora: y no has pensado en esto, ni te acordaste de tu postrimería.",fin/final,high,Revisar contexto poetico/profetico.,,,,
1b8ed44572a0bd8fc55c,OT,ISA,49,2,ISA 49:2,saeta,48,82,87,saeta,"ca como espada aguda, cubrióme con la sombra de su mano; y púsome por","limpia, guardóme en su aljaba;","Y puso mi boca como espada aguda, cubrióme con la sombra de su mano; y púsome por saeta limpia, guardóme en su aljaba;",flecha,medium,Termino poetico; revisar estilo.,,,,
8356cd17fe393db70f76,OT,JER,1,17,JER 1:17,lomos,37,18,23,lomos,"Tú pues, ciñe tus",", y te levantarás, y les hablarás todo lo que te mandaré: no temas del","Tú pues, ciñe tus lomos, y te levantarás, y les hablarás todo lo que te mandaré: no temas delante de ellos, porque no te haga yo quebrantar delante de ellos.",cintura,medium,Puede ser literal o modismo.,,,,
d91af05c72ea12f1a755,OT,JER,9,8,JER 9:8,saeta,49,0,5,Saeta,,afilada es la lengua de ellos; engaño habla; con su boca habla paz co,"Saeta afilada es la lengua de ellos; engaño habla; con su boca habla paz con su amigo, y dentro de sí pone sus asechanzas.",flecha,medium,Termino poetico; revisar estilo.,,,,
bb563708ce13c18b1444,OT,JER,12,4,JER 12:4,postrimeria,14,190,202,postrimerías,"faltaron los ganados, y las aves; porque dijeron: No verá él nuestras",.,"¿Hasta cuándo estará desierta la tierra, y marchita la hierba de todo el campo? Por la maldad de los que en ella moran, faltaron los ganados, y las aves; porque dijeron: No verá él nuestras postrimerías.",fin/final,high,Revisar contexto poetico/profetico.,,,,
dd4e075ce62ed32a18dd,OT,JER,13,1,JER 13:1,lomos,38,72,77,lomos,"í me dijo Jehová: Ve, y cómprate un cinto de lino, y cíñelo sobre tus",", y no lo meterás en agua.","Así me dijo Jehová: Ve, y cómprate un cinto de lino, y cíñelo sobre tus lomos, y no lo meterás en agua.",cintura,medium,Puede ser literal o modismo.,,,,
efdda2854476dff6c6eb,OT,JER,13,2,JER 13:2,lomos,39,70,75,lomos,"Y compré el cinto conforme a la palabra de Jehová, y púselo sobre mis",.,"Y compré el cinto conforme a la palabra de Jehová, y púselo sobre mis lomos.",cintura,medium,Puede ser literal o modismo.,,,,
69f8085f25f9d1e2bb5f,OT,JER,13,4,JER 13:4,lomos,40,48,53,lomos,"Toma el cinto que compraste, que está sobre tus",", y levántate, y ve al Eufrates, y escóndelo allá en la concavidad de","Toma el cinto que compraste, que está sobre tus lomos, y levántate, y ve al Eufrates, y escóndelo allá en la concavidad de una peña.",cintura,medium,Puede ser literal o modismo.,,,,
1a41f0d1ad21c9d2333b,OT,JER,13,11,JER 13:11,lomos,41,36,41,lomos,Porque como el cinto se junta a los,"del hombre, así hice juntar a mí toda la casa de Israel y toda la cas","Porque como el cinto se junta a los lomos del hombre, así hice juntar a mí toda la casa de Israel y toda la casa de Judá, dice Jehová, para que me fuesen por pueblo y por fama, y por alabanza y por honra: pero no escucharon.",cintura,medium,Puede ser literal o modismo.,,,,
531df7badb44165ab475,OT,JER,17,11,JER 17:11,postrimeria,15,128,139,postrimería,"riquezas, y no con justicia; en medio de sus días las dejará, y en su",será insipiente.,"Como la perdiz que cubre lo que no puso, es el que allega riquezas, y no con justicia; en medio de sus días las dejará, y en su postrimería será insipiente.",fin/final,high,Revisar contexto poetico/profetico.,,,,
5ff3c7ebf25fe7a0ecee,OT,JER,30,6,JER 30:6,lomos,42,101,106,lomos,e el varón: porque he visto que todo hombre tenía las manos sobre sus,", como mujer de parto, y hanse tornado pálidos todos los rostros.","Pregunten ahora, y miren si pare el varón: porque he visto que todo hombre tenía las manos sobre sus lomos, como mujer de parto, y hanse tornado pálidos todos los rostros.",cintura,medium,Puede ser literal o modismo.,,,,
7cba64f2ff5f5334e89b,OT,JER,48,37,JER 48:37,lomos,43,112,117,lomos,"barba será raída; sobre todas manos rasguños, y sacos sobre todos los",.,"Porque en toda cabeza habrá calva, y toda barba será raída; sobre todas manos rasguños, y sacos sobre todos los lomos.",cintura,medium,Puede ser literal o modismo.,,,,
5950baf87da2b5dfb791,OT,JER,50,14,JER 50:14,saeta,50,104,110,saetas,"edor, todos los que entesan arco; tiren contra ella, no escatimen las",: porque pecó contra Jehová.,"Apercíbanse contra Babilonia alrededor, todos los que entesan arco; tiren contra ella, no escatimen las saetas: porque pecó contra Jehová.",flecha,medium,Termino poetico; revisar estilo.,,,,
ad209249f68fb6ea05c9,OT,JER,51,11,JER 51:11,saeta,51,12,18,saetas,Limpien las,", embracen los escudos: despertado ha Jehová el espíritu de los reyes","Limpien las saetas, embracen los escudos: despertado ha Jehová el espíritu de los reyes de Media; porque contra Babilonia es su pensamiento para destruirla; porque venganza es de Jehová, venganza de su templo.",flecha,medium,Termino poetico; revisar estilo.,,,,
9746d61f0941acbacd50,OT,LAM,1,9,LAM 1:9,postrimeria,16,50,61,postrimería,Sus inmundicias en sus faldas; no se acordó de su,": por tanto ella ha descendido maravillosamente, no tiene consolador.","Sus inmundicias en sus faldas; no se acordó de su postrimería: por tanto ella ha descendido maravillosamente, no tiene consolador. Mira, oh Jehová, mi aflicción, porque el enemigo se ha engrandecido.",fin/final,high,Revisar contexto poetico/profetico.,,,,
8e4fbf6dabc105d7d822,OT,LAM,3,12,LAM 3:12,saeta,52,42,47,saeta,"Su arco entesó, y púsome como blanco a la",.,"Su arco entesó, y púsome como blanco a la saeta.",flecha,medium,Termino poetico; revisar estilo.,,,,
72816027e74e8431f0ac,OT,LAM,3,13,LAM 3:13,saeta,53,31,37,saetas,Hizo entrar en mis riñones las,de su aljaba.,Hizo entrar en mis riñones las saetas de su aljaba.,flecha,medium,Termino poetico; revisar estilo.,,,,
8efac0f0439adb249bf9,OT,EZK,1,27,EZK 1:27,lomos,44,106,111,lomos,"apariencia de fuego dentro de ella en contorno, por el aspecto de sus","para arriba; y desde sus lomos para abajo, vi que parecía como fuego,","Y vi apariencia como de ámbar, como apariencia de fuego dentro de ella en contorno, por el aspecto de sus lomos para arriba; y desde sus lomos para abajo, vi que parecía como fuego, y que tenía resplandor alrededor.",cintura,medium,Puede ser literal o modismo.,,,,
2c70a7299e1f8282b759,OT,EZK,1,27,EZK 1:27,lomos,45,137,142,lomos,"lla en contorno, por el aspecto de sus lomos para arriba; y desde sus","para abajo, vi que parecía como fuego, y que tenía resplandor alreded","Y vi apariencia como de ámbar, como apariencia de fuego dentro de ella en contorno, por el aspecto de sus lomos para arriba; y desde sus lomos para abajo, vi que parecía como fuego, y que tenía resplandor alrededor.",cintura,medium,Puede ser literal o modismo.,,,,
87f66a7ff1efc7ac13d4,OT,EZK,5,16,EZK 5:16,saeta,54,45,51,saetas,Cuando arroje yo sobre ellos las perniciosas,"del hambre, que serán para destrucción, las cuales enviaré para destr","Cuando arroje yo sobre ellos las perniciosas saetas del hambre, que serán para destrucción, las cuales enviaré para destruirlos, entonces aumentaré el hambre sobre ustedes, y quebrantaré entre ustedes el arrimo del pan.",flecha,medium,Termino poetico; revisar estilo.,,,,
29c0a7bd7faf405ae9a2,OT,EZK,8,2,EZK 8:2,lomos,46,79,84,lomos,he aquí una semejanza que parecía de fuego: desde donde parecían sus,"para abajo, fuego; y desde sus lomos arriba parecía como resplandor,","Y miré, y he aquí una semejanza que parecía de fuego: desde donde parecían sus lomos para abajo, fuego; y desde sus lomos arriba parecía como resplandor, como la vista de ámbar.",cintura,medium,Puede ser literal o modismo.,,,,
efb67b8cf41aa23b23b6,OT,EZK,8,2,EZK 8:2,lomos,47,116,121,lomos,"fuego: desde donde parecían sus lomos para abajo, fuego; y desde sus","arriba parecía como resplandor, como la vista de ámbar.","Y miré, y he aquí una semejanza que parecía de fuego: desde donde parecían sus lomos para abajo, fuego; y desde sus lomos arriba parecía como resplandor, como la vista de ámbar.",cintura,medium,Puede ser literal o modismo.,,,,
e5ff91f5fc91de8e44bc,OT,EZK,11,24,EZK 11:24,partiose,11,131,139,partióse,"el espíritu de Dios a la tierra de los Caldeos, a los trasportados. Y",de mí la visión que había visto.,"Luego me levantó el espíritu, y volvióme a llevar en visión del espíritu de Dios a la tierra de los Caldeos, a los trasportados. Y partióse de mí la visión que había visto.",se fue,medium,Puede significar partir/salir; revisar contexto.,,,,
807861d182f24a4b9ebd,OT,EZK,21,6,EZK 21:6,lomos,48,51,56,lomos,"Y tú, hijo del hombre, gime con quebrantamiento de",", y con amargura; gime delante de los ojos de ellos.","Y tú, hijo del hombre, gime con quebrantamiento de lomos, y con amargura; gime delante de los ojos de ellos.",cintura,medium,Puede ser literal o modismo.,,,,
9315f7c94c9cfa2f1986,OT,EZK,21,21,EZK 21:21,saeta,55,116,122,saetas,"ucijada, al principio de dos caminos, para tomar adivinación: acicaló",", consultó en ídolos, miró el hígado.","Porque el rey de Babilonia se paró en una encrucijada, al principio de dos caminos, para tomar adivinación: acicaló saetas, consultó en ídolos, miró el hígado.",flecha,medium,Termino poetico; revisar estilo.,,,,
e160f4c5010f6f7f1cd6,OT,EZK,23,15,EZK 23:15,lomos,49,30,35,lomos,Ceñidos de talabartes por sus,", y tiaras pintadas en sus cabezas, teniendo todos ellos parecer de ca","Ceñidos de talabartes por sus lomos, y tiaras pintadas en sus cabezas, teniendo todos ellos parecer de capitanes, a la manera de los hombres de Babilonia, nacidos en tierra de Caldeos,",cintura,medium,Puede ser literal o modismo.,,,,
d1b54bb5070ad4430b2c,OT,EZK,39,3,EZK 39:3,saeta,56,55,61,saetas,"Y sacaré tu arco de tu mano izquierda, y derribaré tus",de tu mano derecha.,"Y sacaré tu arco de tu mano izquierda, y derribaré tus saetas de tu mano derecha.",flecha,medium,Termino poetico; revisar estilo.,,,,
d1dc01e42a56700b5bc5,OT,EZK,39,9,EZK 39:9,saeta,57,112,118,saetas,"saldrán, y encenderán y quemarán armas, y escudos, y paveses, arcos y",", y bastones de mano, y lanzas: y las quemarán en fuego por siete años","Y los moradores de las ciudades de Israel saldrán, y encenderán y quemarán armas, y escudos, y paveses, arcos y saetas, y bastones de mano, y lanzas: y las quemarán en fuego por siete años.",flecha,medium,Termino poetico; revisar estilo.,,,,
6e0b3c6284651f27a415,OT,EZK,44,18,EZK 44:18,lomos,50,64,69,lomos,"Tiaras de lino tendrán en sus cabezas, y pañetes de lino en sus",: no se ceñirán para sudar.,"Tiaras de lino tendrán en sus cabezas, y pañetes de lino en sus lomos: no se ceñirán para sudar.",cintura,medium,Puede ser literal o modismo.,,,,
a1364b49cae8bd35567f,OT,EZK,47,4,EZK 47:4,lomos,51,130,135,lomos,"dillas. Midió luego otros mil, e hízome pasar por las aguas hasta los",.,"Y midió otros mil, e hízome pasar por las aguas hasta las rodillas. Midió luego otros mil, e hízome pasar por las aguas hasta los lomos.",cintura,medium,Puede ser literal o modismo.,,,,
c87ca50ab8e1a2f862de,OT,DAN,5,6,DAN 5:6,lomos,52,106,111,lomos,"r, y sus pensamientos lo turbaron, y desatáronse las ceñiduras de sus",", y sus rodillas se batían la una con la otra.","Entonces el rey se demudó de su color, y sus pensamientos lo turbaron, y desatáronse las ceñiduras de sus lomos, y sus rodillas se batían la una con la otra.",cintura,medium,Puede ser literal o modismo.,,,,
d51e37cc9d9cf070590d,OT,DAN,10,5,DAN 10:5,lomos,53,78,83,lomos,"o mis ojos miré, y he aquí un varón vestido de lienzos, y ceñidos sus",de oro de Uphaz:,"Y alzando mis ojos miré, y he aquí un varón vestido de lienzos, y ceñidos sus lomos de oro de Uphaz:",cintura,medium,Puede ser literal o modismo.,,,,
2411b705b3e2f9af3b6c,OT,AMO,8,10,AMO 8:10,postrimeria,17,179,190,postrimería,"dura sobre toda cabeza; y tornaréla como en llanto de unigénito, y su",como día amargo.,"Y tornaré sus fiestas en lloro, y todos sus cantares en endechas; y haré poner saco sobre todos lomos, y peladura sobre toda cabeza; y tornaréla como en llanto de unigénito, y su postrimería como día amargo.",fin/final,high,Revisar contexto poetico/profetico.,,,,
b3baeffa64a173dc1ce1,OT,AMO,8,10,AMO 8:10,lomos,54,96,101,lomos,"loro, y todos sus cantares en endechas; y haré poner saco sobre todos",", y peladura sobre toda cabeza; y tornaréla como en llanto de unigénit","Y tornaré sus fiestas en lloro, y todos sus cantares en endechas; y haré poner saco sobre todos lomos, y peladura sobre toda cabeza; y tornaréla como en llanto de unigénito, y su postrimería como día amargo.",cintura,medium,Puede ser literal o modismo.,,,,
3402d9517e8160985c8f,OT,NAM,2,1,NAM 2:1,lomos,55,79,84,lomos,"truidor contra ti: guarda la fortaleza, mira el camino, fortifica los",", fortalece mucho la fuerza.","Subió destruidor contra ti: guarda la fortaleza, mira el camino, fortifica los lomos, fortalece mucho la fuerza.",cintura,medium,Puede ser literal o modismo.,,,,
9e924bc642ad573b97ba,OT,HAB,3,11,HAB 3:11,saeta,58,60,66,saetas,El sol y la luna se pararon en su estancia: a la luz de tus,"anduvieron, y al resplandor de tu fulgente lanza.","El sol y la luna se pararon en su estancia: a la luz de tus saetas anduvieron, y al resplandor de tu fulgente lanza.",flecha,medium,Termino poetico; revisar estilo.,,,,
