row_id,reference,step_index,verse_text,strong,morphology,step_gloss,reviewer,decision,target_segment_index,notes
9d245416df513a825fed,GEN 5:12,5,"Y vivió Cainán setenta años, y engendró a Mahalaleel.",H853,HTo,<obj.>,,,,
088b59a8d10cdbac1db8,GEN 5:13,4,"Y vivió Cainán, después que engendró a Mahalaleel, ochocientos y cuarenta años: y engendró hijos e hijas.",H853,HTo,<obj.>,,,,
268c0d51380d3e5f2b53,GEN 5:13,10,"Y vivió Cainán, después que engendró a Mahalaleel, ochocientos y cuarenta años: y engendró hijos e hijas.",H8141,HNcfsa,year[s],,,,
febbe448355b1f5a391b,GEN 5:14,8,Y fueron todos los días de Cainán novecientos y diez años; y murió.,H8141,HNcfsa,year[s],,,,
6d23dc55cb9484af87dd,GEN 5:15,5,"Y vivió Mahalaleel sesenta y cinco años, y engendró a Jared.",H8141,HNcfsa,year[s],,,,
34edcc01db5e9a4b6abd,GEN 5:15,7,"Y vivió Mahalaleel sesenta y cinco años, y engendró a Jared.",H853,HTo,<obj.>,,,,
7ea8f4c8f8c043169d33,GEN 5:16,4,"Y vivió Mahalaleel, después que engendró a Jared, ochocientos y treinta años: y engendró hijos e hijas.",H853,HTo,<obj.>,,,,
8dfcd1b6fb697c0d1e5c,GEN 5:16,10,"Y vivió Mahalaleel, después que engendró a Jared, ochocientos y treinta años: y engendró hijos e hijas.",H8141,HNcfsa,year[s],,,,
ad22ac60aa17795e4603,GEN 5:17,9,Y fueron todos los días de Mahalaleel ochocientos noventa y cinco años; y murió.,H8141,HNcfsa,year[s],,,,
393f67704b7d9fae4517,GEN 5:18,6,"Y vivió Jared ciento sesenta y dos años, y engendró a Henoch.",H8141,HNcfsa,year[s],,,,
0435b8736e1fbf86bdfe,GEN 5:18,8,"Y vivió Jared ciento sesenta y dos años, y engendró a Henoch.",H853,HTo,<obj.>,,,,
3ea6512cbb1ac6cd16ad,GEN 5:19,4,"Y vivió Jared, después que engendró a Henoch, ochocientos años: y engendró hijos e hijas.",H853,HTo,<obj.>,,,,
181493103c7aa746df43,GEN 5:20,9,Y fueron todos los días de Jared novecientos sesenta y dos años; y murió.,H8141,HNcfsa,year[s],,,,
a1a90e62c140e4d74df6,GEN 5:21,6,"Y vivió Henoch sesenta y cinco años, y engendró a Mathusalam.",H853,HTo,<obj.>,,,,
212dbe182e7ab0786879,GEN 5:22,2,"Y caminó Henoch con Dios, después que engendró a Mathusalam, trescientos años: y engendró hijos e hijas.",H854,HR,with,,,,
0f11e8f47505867deb03,GEN 5:23,9,Y fueron todos los días de Henoch trescientos sesenta y cinco años.,H8141,HNcfsa,year[s],,,,
acb7d6f74fcc792e77a9,GEN 5:24,2,"Caminó, pues, Henoch con Dios, y desapareció, porque le llevó Dios.",H854,HR,with,,,,
7a424a28f4d2ebfa2242,GEN 5:25,6,"Y vivió Mathusalam ciento ochenta y siete años, y engendró a Lamech.",H8141,HNcfsa,year[s],,,,
f8e7a135268fe4406fdb,GEN 5:25,8,"Y vivió Mathusalam ciento ochenta y siete años, y engendró a Lamech.",H853,HTo,<obj.>,,,,
f726e0abf5f6b2ac1eae,GEN 5:26,4,"Y vivió Mathusalam, después que engendró a Lamech, setecientos ochenta y dos años: y engendró hijos e hijas.",H853,HTo,<obj.>,,,,
323d58a00dca3fb026fc,GEN 5:26,11,"Y vivió Mathusalam, después que engendró a Lamech, setecientos ochenta y dos años: y engendró hijos e hijas.",H8141,HNcfsa,year[s],,,,
107fc275252da29a3245,GEN 5:27,9,"Fueron, pues, todos los días de Mathusalam, novecientos sesenta y nueve años; y murió.",H8141,HNcfsa,year[s],,,,
da2f1968491afcfb73ca,GEN 5:28,6,"Y vivió Lamech ciento ochenta y dos años, y engendró un hijo:",H8141,HNcfsa,year[s],,,,
6e13a0015a0a6fd7701a,GEN 5:29,1,"Y llamó su nombre Noé, diciendo: Este nos aliviará de nuestras obras, y del trabajo de nuestras manos, a causa de la tierra que Jehová maldijo.",H853,HTo,<obj.>,,,,
be9f9c52da4f5e36af97,GEN 5:30,4,"Y vivió Lamech, después que engendró a Noé, quinientos noventa y cinco años: y engendró hijos e hijas.",H853,HTo,<obj.>,,,,
4ad572e3f3147c598bd9,GEN 5:30,11,"Y vivió Lamech, después que engendró a Noé, quinientos noventa y cinco años: y engendró hijos e hijas.",H8141,HNcfsa,year[s],,,,
fe8963bc5e586e1d37a5,GEN 5:31,9,Y fueron todos los días de Lamech setecientos setenta y siete años; y murió.,H8141,HNcfsa,year[s],,,,
3ae201bd550f13a2f831,GEN 5:32,2,"Y siendo Noé de quinientos años, engendró a Sem, Châm, y a Japhet.",H1121,HNcmsc,a son of,,,,
ecb7df5859274c9ffd07,GEN 5:32,7,"Y siendo Noé de quinientos años, engendró a Sem, Châm, y a Japhet.",H5146,HNpm,Noah,,,,
290eac9e00087a9defb9,GEN 5:32,8,"Y siendo Noé de quinientos años, engendró a Sem, Châm, y a Japhet.",H853,HTo,<obj.>,,,,
8b6dbc5f19685d031ea8,GEN 5:32,10,"Y siendo Noé de quinientos años, engendró a Sem, Châm, y a Japhet.",H853,HTo,<obj.>,,,,
5ad32d3d314bb9119095,GEN 5:32,12,"Y siendo Noé de quinientos años, engendró a Sem, Châm, y a Japhet.",H853,HC/To,and/ <obj.>,,,,
88a649615efe2f1cd3ab,GEN 6:2,3,"Viendo los hijos de Dios que las hijas de los hombres eran hermosas, tomáronse mujeres, escogiendo entre todas.",H853,HTo,<obj.>,,,,
7ae86f34ac160b4c549e,GEN 6:2,6,"Viendo los hijos de Dios que las hijas de los hombres eran hermosas, tomáronse mujeres, escogiendo entre todas.",H3588,HTc,that,,,,
778488fb3d65c5170384,GEN 6:2,8,"Viendo los hijos de Dios que las hijas de los hombres eran hermosas, tomáronse mujeres, escogiendo entre todas.",H2007,HPp3fp,they,,,,
bbcd0387879407337845,GEN 6:2,12,"Viendo los hijos de Dios que las hijas de los hombres eran hermosas, tomáronse mujeres, escogiendo entre todas.",H834,HTr,whom,,,,
ce76fb230c9a3c75d4a1,GEN 6:4,9,"Había gigantes en la tierra en aquellos días, y también después que entraron los hijos de Dios a las hijas de los hombres, y les engendraron hijos: éstos fueron los valientes que desde la antigüedad fueron varones de nombre.",H935,HVqi3mp,they went,,,,
1fc05c9a7bd4b17e3a46,GEN 6:4,12,"Había gigantes en la tierra en aquellos días, y también después que entraron los hijos de Dios a las hijas de los hombres, y les engendraron hijos: éstos fueron los valientes que desde la antigüedad fueron varones de nombre.",H413,HR,into,,,,
5b2ba76a0028e3735608,GEN 6:5,13,"Y vio Jehová que la malicia de los hombres era mucha en la tierra, y que todo designio de los pensamientos del corazón de ellos era de continuo solamente el mal.",H3605,HNcmsc,every,,,,
5cac5c0f075245735521,GEN 6:6,4,"Y arrepintióse Jehová de haber hecho hombre en la tierra, y pesóle en su corazón.",H853,HTo,<obj.>,,,,
8e011b103d6dbbe42c04,GEN 6:7,3,"Y dijo Jehová: Raeré los hombres que he criado de sobre la faz de la tierra, desde el hombre hasta la bestia, y hasta el reptil y las aves del cielo: porque me arrepiento de haberlos hecho.",H853,HTo,<obj.>,,,,
274269aeef4b88321ab8,GEN 6:7,15,"Y dijo Jehová: Raeré los hombres que he criado de sobre la faz de la tierra, desde el hombre hasta la bestia, y hasta el reptil y las aves del cielo: porque me arrepiento de haberlos hecho.",H5704,HC/R,and/ unto,,,,
7ea868611263692fcaf3,GEN 6:7,20,"Y dijo Jehová: Raeré los hombres que he criado de sobre la faz de la tierra, desde el hombre hasta la bestia, y hasta el reptil y las aves del cielo: porque me arrepiento de haberlos hecho.",H3588,HTc,that,,,,
ee5ddf837adc7d28f2cd,GEN 6:10,4,"Y engendró Noé tres hijos: a Sem, a Châm, y a Japhet.",H853,HTo,<obj.>,,,,
55693502e060dca5ddb2,GEN 6:10,6,"Y engendró Noé tres hijos: a Sem, a Châm, y a Japhet.",H853,HTo,<obj.>,,,,
3eff48eaca47d42e886f,GEN 6:10,8,"Y engendró Noé tres hijos: a Sem, a Châm, y a Japhet.",H853,HC/To,and/ <obj.>,,,,
85b52c32833215ed4ea3,GEN 6:12,2,"Y miró Dios la tierra, y he aquí que estaba corrompida; porque toda carne había corrompido su camino sobre la tierra.",H853,HTo,<obj.>,,,,
2aff3969e73ca69cd7fe,GEN 6:12,10,"Y miró Dios la tierra, y he aquí que estaba corrompida; porque toda carne había corrompido su camino sobre la tierra.",H853,HTo,<obj.>,,,,
6038afb06385c0c5a9b9,GEN 6:13,7,Y dijo Dios a Noé: El fin de toda carne ha venido delante de mí; porque la tierra está llena de violencia a causa de ellos; y he aquí que yo los destruiré con la tierra.,H6440,HR/Ncmpc/Sp1bs,<to>/ before/ me,,,,
3055055ba19df7a88538,GEN 6:13,12,Y dijo Dios a Noé: El fin de toda carne ha venido delante de mí; porque la tierra está llena de violencia a causa de ellos; y he aquí que yo los destruiré con la tierra.,H6440,HR/Ncmpc/Sp3mp,<from>/ because of/ them,,,,
e8083a30b6030cabcb39,GEN 6:13,13,Y dijo Dios a Noé: El fin de toda carne ha venido delante de mí; porque la tierra está llena de violencia a causa de ellos; y he aquí que yo los destruiré con la tierra.,H2005,HC/Tj/Sp1bs,and/ here [am]/ I,,,,
f82b48b7c7c425215994,GEN 6:13,15,Y dijo Dios a Noé: El fin de toda carne ha venido delante de mí; porque la tierra está llena de violencia a causa de ellos; y he aquí que yo los destruiré con la tierra.,H854,HR,with,,,,
714251844e61225c9844,GEN 6:14,6,"Hazte un arca de madera de Gopher: harás aposentos en el arca, y la embetunarás con brea por dentro y por fuera.",H853,HTo,<obj.>,,,,
2953b70d211720829b73,GEN 6:14,9,"Hazte un arca de madera de Gopher: harás aposentos en el arca, y la embetunarás con brea por dentro y por fuera.",H853,HTo/Sp3fs,<obj.>/ it,,,,
fb02d87019746c996580,GEN 6:14,12,"Hazte un arca de madera de Gopher: harás aposentos en el arca, y la embetunarás con brea por dentro y por fuera.",H3724,HRd/Ncmsa,with <the>/ pitch,,,,
7bfaec2ffb0833617bb5,GEN 6:15,3,"Y de esta manera la harás: de trescientos codos la longitud del arca, de cincuenta codos su anchura, y de treinta codos su altura.",H853,HTo/Sp3fs,<obj.>/ it,,,,
e81c32589d183ddaa71e,GEN 6:16,3,"Una ventana harás al arca, y la acabarás a un codo de elevación por la parte de arriba: y pondrás la puerta del arca a su lado; y le harás piso bajo, segundo y tercero.",H413,HC/R,and/ to,,,,
4af76e76d6d28a7350c8,GEN 6:17,1,"Y yo, he aquí que yo traigo un diluvio de aguas sobre la tierra, para destruir toda carne en que haya espíritu de vida debajo del cielo; todo lo que hay en la tierra morirá.",H2009,HTj/Sp1bs,here/ I,,,,
9158c2475bb7b02eadfe,GEN 6:17,3,"Y yo, he aquí que yo traigo un diluvio de aguas sobre la tierra, para destruir toda carne en que haya espíritu de vida debajo del cielo; todo lo que hay en la tierra morirá.",H853,HTo,<obj.>,,,,
f1ab5d9bacbc36ea14c1,GEN 6:18,1,"Pero estableceré mi pacto contigo, y entrarás en el arca tú, y tus hijos y tu mujer, y las mujeres de tus hijos contigo.",H853,HTo,<obj.>,,,,
9c9fd3f4d985078d8c7a,GEN 6:21,6,"Y toma contigo de toda vianda que se come, y allégala a ti; servirá de alimento para ti y para ellos.",H622,Hc/Vqq2ms,and/ you will gather [it],,,,
6d953b88922447eb8762,GEN 6:21,9,"Y toma contigo de toda vianda que se come, y allégala a ti; servirá de alimento para ti y para ellos.",H402,HR/Ncfsa,<into>/ food,,,,
f8f5b0ce358f07c35bef,GEN 6:22,5,E hízolo así Noé; hizo conforme a todo lo que Dios le mandó.,H853,HTo/Sp3ms,<obj.>/ him,,,,
db880bad8f2fe97363aa,GEN 6:22,8,E hízolo así Noé; hizo conforme a todo lo que Dios le mandó.,H6213,HVqp3ms,he did,,,,
cb71bc94ff77368ee50a,GEN 7:1,10,Y Jehová dijo a Noé: Entra tú y toda tu casa en el arca; porque a ti he visto justo delante de mí en esta generación.,H853,HTo/Sp2ms,<obj.>/ you,,,,
504ff4136047fdbeab4b,GEN 7:3,11,"También de las aves de los cielos de siete en siete, macho y hembra; para guardar en vida la casta sobre la faz de toda la tierra.",H3605,HNcmsc,all,,,,
cdcbcd3ceba0718fd2df,GEN 7:4,13,"Porque pasados aún siete días, yo haré llover sobre la tierra cuarenta días y cuarenta noches; y raeré toda sustancia que hice de sobre la faz de la tierra.",H853,HTo,<obj.>,,,,
82dbe1fbca2a7d1b647f,GEN 7:7,9,"Y vino Noé, y sus hijos, y su mujer, y las mujeres de sus hijos con él al arca, por las aguas del diluvio.",H6440,HR/Ncmpc,<from>/ because of,,,,
46c7960e15662cdeb8f3,GEN 7:9,5,"De dos en dos entraron a Noé en el arca: macho y hembra, como mandó Dios a Noé.",H413,HR,into,,,,
21a3181271417ad5624e,GEN 7:9,12,"De dos en dos entraron a Noé en el arca: macho y hembra, como mandó Dios a Noé.",H853,HTo,<obj.>,,,,
7add184cc37e87401d18,GEN 7:10,5,Y sucedió que al séptimo día las aguas del diluvio fueron sobre la tierra.,H1961,HVqp3cp,they were,,,,
3ba75ac4381644585558,GEN 7:11,3,"El año seiscientos de la vida de Noé, en el mes segundo, a diecisiete días del mes, aquel día fueron rotas todas las fuentes del grande abismo, y las cataratas de los cielos fueron abiertas;",H8141,HNcfsa,year,,,,
1ed42239fcf276bfa383,GEN 7:13,3,"En este mismo día entró Noé, y Sem y Châm y Japhet, hijos de Noé, la mujer de Noé, y las tres mujeres de sus hijos con él en el arca;",H935,HVqp3ms,he went,,,,
34fbc6b0346959b39edd,GEN 7:15,3,"Y vinieron a Noé al arca, de dos en dos de toda carne en que había espíritu de vida.",H413,HR,into,,,,
5a7485e24ee0e9ff72af,GEN 7:16,8,"Y los que vinieron, macho y hembra de toda carne vinieron, como le había mandado Dios: y Jehová le cerró la puerta.",H853,HTo/Sp3ms,<obj.>/ him,,,,
b296e3a97833dd7707d1,GEN 7:17,9,"Y fue el diluvio cuarenta días sobre la tierra; y las aguas crecieron, y alzaron el arca, y se elevó sobre la tierra.",H853,HTo,<obj.>,,,,
95cb378909ff2631bbfb,GEN 7:18,6,"Y prevalecieron las aguas, y crecieron en gran manera sobre la tierra; y andaba el arca sobre la faz de las aguas.",H1980,Hc/Vqw3fs,and/ it went,,,,
5135d7fc51f5806b3ade,GEN 7:19,1,"Y las aguas prevalecieron mucho en extremo sobre la tierra; y todos los montes altos que había debajo de todos los cielos, fueron cubiertos.",H1396,HVqp3cp,they increased,,,,
586f89407e5b6ae70ebe,GEN 7:19,3,"Y las aguas prevalecieron mucho en extremo sobre la tierra; y todos los montes altos que había debajo de todos los cielos, fueron cubiertos.",H3966,HAcmsa,exceedingly,,,,
94f61413db670696e3e5,GEN 7:20,1,Quince codos en alto prevalecieron las aguas; y fueron cubiertos los montes.,H6240,HAcbsc,teen,,,,
e6d722562af95fd3e9c1,GEN 7:20,3,Quince codos en alto prevalecieron las aguas; y fueron cubiertos los montes.,H4605,HR/R/Acbsa/Sd,from/ to/ above/ <towards>,,,,
c5fa0a38ea99bc781c71,GEN 7:23,1,"Así fue destruída toda sustancia que vivía sobre la faz de la tierra, desde el hombre hasta la bestia, y los reptiles, y las aves del cielo; y fueron raídos de la tierra; y quedó solamente Noé, y lo que con él estaba en el arca.",H853,HTo,<obj.>,,,,
c8d67d74be849de55ab7,GEN 7:23,11,"Así fue destruída toda sustancia que vivía sobre la faz de la tierra, desde el hombre hasta la bestia, y los reptiles, y las aves del cielo; y fueron raídos de la tierra; y quedó solamente Noé, y lo que con él estaba en el arca.",H5704,HR,unto,,,,
97329d603ef23f76ae0c,GEN 7:23,13,"Así fue destruída toda sustancia que vivía sobre la faz de la tierra, desde el hombre hasta la bestia, y los reptiles, y las aves del cielo; y fueron raídos de la tierra; y quedó solamente Noé, y lo que con él estaba en el arca.",H5704,HC/R,and/ unto,,,,
434e54406c9b2426e95b,GEN 7:23,22,"Así fue destruída toda sustancia que vivía sobre la faz de la tierra, desde el hombre hasta la bestia, y los reptiles, y las aves del cielo; y fueron raídos de la tierra; y quedó solamente Noé, y lo que con él estaba en el arca.",H834,HC/Tr,and/ which,,,,
80364e93634b6348cb10,GEN 8:1,4,"Y acordóse Dios de Noé, y de todos los animales, y de todas las bestias que estaban con él en el arca; e hizo pasar Dios un viento sobre la tierra, y disminuyeron las aguas.",H853,HC/To,and/ <obj.>,,,,
a70c7e8d91c1fe06a750,GEN 8:1,7,"Y acordóse Dios de Noé, y de todos los animales, y de todas las bestias que estaban con él en el arca; e hizo pasar Dios un viento sobre la tierra, y disminuyeron las aguas.",H853,HC/To,and/ <obj.>,,,,
a4434b2cf2de6aedcdb2,GEN 8:1,11,"Y acordóse Dios de Noé, y de todos los animales, y de todas las bestias que estaban con él en el arca; e hizo pasar Dios un viento sobre la tierra, y disminuyeron las aguas.",H854,HRd/Sp3ms,[were] with/ him,,,,
a10d9430ee94ec661817,GEN 8:3,5,"Y tornáronse las aguas de sobre la tierra, yendo y volviendo: y decrecieron las aguas al cabo de ciento y cincuenta días.",H7725,HC/Vqaa,and/ turning back,,,,
fcad3c39408a4231a6bf,GEN 8:6,6,"Y sucedió que, al cabo de cuarenta días, abrió Noé la ventana del arca que había hecho,",H853,HTo,<obj.>,,,,
c8772ffa2b383931df8c,GEN 8:7,1,"Y envió al cuervo, el cual salió, y estuvo yendo y tornando hasta que las aguas se secaron de sobre la tierra.",H853,HTo,<obj.>,,,,
2248b3ab7864590e400b,GEN 8:8,1,"Envió también de sí a la paloma, para ver si las aguas se habían retirado de sobre la faz de la tierra;",H853,HTo,<obj.>,,,,
b82d63c324007e22669e,GEN 8:9,18,"Y no halló la paloma donde sentar la planta de su pie, y volvióse a él al arca, porque las aguas estaban aún sobre la faz de toda la tierra: entonces él extendió su mano, y cogiéndola, hízola entrar consigo en el arca.",H3947,Hc/Vqw3ms/Sp3fs,and/ he took/ it,,,,
87ce3fec72424ef2a36a,GEN 8:9,20,"Y no halló la paloma donde sentar la planta de su pie, y volvióse a él al arca, porque las aguas estaban aún sobre la faz de toda la tierra: entonces él extendió su mano, y cogiéndola, hízola entrar consigo en el arca.",H853,HTo/Sp3fs,<obj.>/ it,,,,
20b8dff87eae2a0d539f,GEN 8:10,7,"Y esperó aún otros siete días, y volvió a enviar la paloma fuera del arca.",H853,HTo,<obj.>,,,,
15538e763dddda4ebf74,GEN 8:11,1,Y la paloma volvió a él a la hora de la tarde; y he aquí que traía una hoja de oliva tomada en su pico: y entendió Noé que las aguas se habían retirado de sobre la tierra.,H413,HRd/Sp3ms,to/ him,,,,
e1b80726037e0126810f,GEN 8:11,8,Y la paloma volvió a él a la hora de la tarde; y he aquí que traía una hoja de oliva tomada en su pico: y entendió Noé que las aguas se habían retirado de sobre la tierra.,H2965,HAamsa,freshly plucked,,,,
b4898fa009164a2ff371,GEN 8:12,6,"Y esperó aún otros siete días, y envió la paloma, la cual no volvió ya más a él.",H853,HTo,<obj.>,,,,
b901d9a42d446b085f45,GEN 8:12,11,"Y esperó aún otros siete días, y envió la paloma, la cual no volvió ya más a él.",H413,HRd/Sp3ms,to/ him,,,,
55784843a0fb644a51d1,GEN 8:13,14,"Y sucedió que en el año seiscientos y uno de Noé, en el mes primero, al primero del mes, las aguas se enjugaron de sobre la tierra; y quitó Noé la cubierta del arca, y miró, y he aquí que la faz de la tierra estaba enjuta.",H853,HTo,<obj.>,,,,
b80c2fc7795383472a27,GEN 8:13,19,"Y sucedió que en el año seiscientos y uno de Noé, en el mes primero, al primero del mes, las aguas se enjugaron de sobre la tierra; y quitó Noé la cubierta del arca, y miró, y he aquí que la faz de la tierra estaba enjuta.",H2717,HVqp3cp,they were dried up,,,,
a93272c7f3fbc0d49a3b,GEN 8:15,2,Y habló Dios a Noé diciendo:,H413,HR,to,,,,
e5a1574acf48c48943f3,GEN 8:21,2,"Y percibió Jehová olor de suavidad; y dijo Jehová en su corazón: No tornaré más a maldecir la tierra por causa del hombre; porque el intento del corazón del hombre es malo desde su juventud: ni volveré más a destruir todo viviente, como he hecho.",H853,HTo,<obj.>,,,,
a294fd427c756e0e4eb3,GEN 8:21,13,"Y percibió Jehová olor de suavidad; y dijo Jehová en su corazón: No tornaré más a maldecir la tierra por causa del hombre; porque el intento del corazón del hombre es malo desde su juventud: ni volveré más a destruir todo viviente, como he hecho.",H853,HTo,<obj.>,,,,
b656a5c6cdfeda9ff1d0,GEN 8:21,15,"Y percibió Jehová olor de suavidad; y dijo Jehová en su corazón: No tornaré más a maldecir la tierra por causa del hombre; porque el intento del corazón del hombre es malo desde su juventud: ni volveré más a destruir todo viviente, como he hecho.",H5668,HR/Ncmsc,for/ sake of,,,,
4b9f76a1968132ebafc1,GEN 8:21,27,"Y percibió Jehová olor de suavidad; y dijo Jehová en su corazón: No tornaré más a maldecir la tierra por causa del hombre; porque el intento del corazón del hombre es malo desde su juventud: ni volveré más a destruir todo viviente, como he hecho.",H853,HTo,<obj.>,,,,
9077086ea0003cedc646,GEN 9:1,2,"Y bendijo Dios a Noé y a sus hijos, y díjoles: Fructifiquen, y multipliquen, y hinchan la tierra:",H853,HTo,<obj.>,,,,
f452f71c46171dfdff9e,GEN 9:1,4,"Y bendijo Dios a Noé y a sus hijos, y díjoles: Fructifiquen, y multipliquen, y hinchan la tierra:",H853,HC/To,and/ <obj.>,,,,
cab6601de12b641b3e9c,GEN 9:1,7,"Y bendijo Dios a Noé y a sus hijos, y díjoles: Fructifiquen, y multipliquen, y hinchan la tierra:",H6509,HVqv2mp,be fruitful,,,,
cd550470ff17db4da9f1,GEN 9:1,8,"Y bendijo Dios a Noé y a sus hijos, y díjoles: Fructifiquen, y multipliquen, y hinchan la tierra:",H7235,HC/Vqv2mp,and/ multiply,,,,
9bb65367ae38685980c9,GEN 9:1,9,"Y bendijo Dios a Noé y a sus hijos, y díjoles: Fructifiquen, y multipliquen, y hinchan la tierra:",H4390,HC/Vqv2mp,and/ fill,,,,
dc5cb469f88b4693b5a0,GEN 9:1,10,"Y bendijo Dios a Noé y a sus hijos, y díjoles: Fructifiquen, y multipliquen, y hinchan la tierra:",H853,HTo,<obj.>,,,,
80ff31f70fb7115d9cb9,GEN 9:3,2,"Todo lo que se mueve y vive, les será para mantenimiento: así como las legumbres y hierbas, se lo he dado todo.",H834,HTr,which,,,,
887758c71e3837b15c18,GEN 9:3,3,"Todo lo que se mueve y vive, les será para mantenimiento: así como las legumbres y hierbas, se lo he dado todo.",H1931,HPp3ms,it,,,,
29444da4bebaffdfc2c1,GEN 9:3,10,"Todo lo que se mueve y vive, les será para mantenimiento: así como las legumbres y hierbas, se lo he dado todo.",H853,HTo,<obj.>,,,,
91d252da6d026acb7605,GEN 9:4,0,"Pero carne con su vida, que es su sangre, no comerán.",H389,HD,nevertheless,,,,
1ae4225b29aa67ee4205,GEN 9:4,5,"Pero carne con su vida, que es su sangre, no comerán.",H398,HVqi2mp,you must eat,,,,
9d436c85a05702280143,GEN 9:5,1,"Porque ciertamente demandaré la sangre de sus vidas; de mano de todo animal la demandaré, y de mano del hombre; de mano del varón su hermano demandaré la vida del hombre.",H853,HTo,<obj.>,,,,
cdaf1a6e08969bef164d,GEN 9:5,15,"Porque ciertamente demandaré la sangre de sus vidas; de mano de todo animal la demandaré, y de mano del hombre; de mano del varón su hermano demandaré la vida del hombre.",H853,HTo,<obj.>,,,,
a3e6e53a2dc2eee77f0f,GEN 9:6,5,"El que derrame sangre del hombre, por el hombre su sangre será derramada; porque a imagen de Dios es hecho el hombre.",H8210,HVNi3ms,<it> will be shed,,,,
721a15a9eaddab94b7ee,GEN 9:6,10,"El que derrame sangre del hombre, por el hombre su sangre será derramada; porque a imagen de Dios es hecho el hombre.",H853,HTo,<obj.>,,,,
bb930360400870106261,GEN 9:7,0,"Pero ustedes fructifiquen, y multiplíquense; procreen abundantemente en la tierra, y multiplíquense en ella.",H859,HC/Pp2mp,and/ you,,,,
b5c24269c66a3ae26ee0,GEN 9:7,1,"Pero ustedes fructifiquen, y multiplíquense; procreen abundantemente en la tierra, y multiplíquense en ella.",H6509,HVqv2mp,be fruitful,,,,
ed3b92bfdef9320fc2cb,GEN 9:7,2,"Pero ustedes fructifiquen, y multiplíquense; procreen abundantemente en la tierra, y multiplíquense en ella.",H7235,HC/Vqv2mp,and/ multiply,,,,
095e2a65f427c8ccc9ea,GEN 9:7,5,"Pero ustedes fructifiquen, y multiplíquense; procreen abundantemente en la tierra, y multiplíquense en ella.",H7235,HC/Vqv2mp,and/ multiply,,,,
daa7f86b102c86ebae81,GEN 9:8,2,"Y habló Dios a Noé y a sus hijos con él, diciendo:",H413,HR,to,,,,
7ad4ad729ae88c3f57b8,GEN 9:8,4,"Y habló Dios a Noé y a sus hijos con él, diciendo:",H413,HC/R,and/ to,,,,
5e5f40265ecbf86c476d,GEN 9:9,1,"Yo, he aquí que yo establezco mi pacto con ustedes, y con su simiente después de ustedes;",H2005,HTj/Sp1bs,here [am]/ I,,,,
b60e8aba02343c9c8e7c,GEN 9:9,6,"Yo, he aquí que yo establezco mi pacto con ustedes, y con su simiente después de ustedes;",H854,HC/R,and/ with,,,,
78287f96af1555cf304f,GEN 9:11,3,"Estableceré mi pacto con ustedes, y no fenecerá ya más toda carne con aguas de diluvio; ni habrá más diluvio para destruir la tierra.",H854,HRd/Sp2mp,with/ you,,,,
f046887e9db5b2f1ac77,GEN 9:11,5,"Estableceré mi pacto con ustedes, y no fenecerá ya más toda carne con aguas de diluvio; ni habrá más diluvio para destruir la tierra.",H3772,HVNi3ms,<it> will be cut off,,,,
f195c5792ec7c02617a3,GEN 9:12,9,"Y dijo Dios: Esta será la señal del pacto que yo establezco entre mí y ustedes y toda alma viviente que está con ustedes, por siglos perpetuos:",H996,HC/Acmpc/Sp2mp,and/ between/ you,,,,
1f58c2bddf336983f26b,GEN 9:12,10,"Y dijo Dios: Esta será la señal del pacto que yo establezco entre mí y ustedes y toda alma viviente que está con ustedes, por siglos perpetuos:",H996,HC/Acmsc,and/ between,,,,
261cdeba4dddb6797b94,GEN 9:13,0,"Mi arco pondré en las nubes, el cual será por señal de convenio entre mí y la tierra.",H853,HTo,<obj.>,,,,
6e59e8bf8df9ce501862,GEN 9:13,2,"Mi arco pondré en las nubes, el cual será por señal de convenio entre mí y la tierra.",H5414,HVqp1cs,I set,,,,
4b8b6b74225a1d0794fb,GEN 9:13,6,"Mi arco pondré en las nubes, el cual será por señal de convenio entre mí y la tierra.",H1285,HNcfsa,a covenant,,,,
d5d22ad20493d2b9c83d,GEN 9:13,8,"Mi arco pondré en las nubes, el cual será por señal de convenio entre mí y la tierra.",H996,HC/Acmsc,and/ between,,,,
e1723326a6dcccaaba00,GEN 9:14,0,"Y será que cuando haré venir nubes sobre la tierra, se dejará ver entonces mi arco en las nubes.",H1961,Hc/Vqq3ms,and/ it will be,,,,
2edbe90903e43b4b03c1,GEN 9:15,0,"Y acordarme he del pacto mío, que hay entre mí y ustedes y toda alma viviente de toda carne; y no serán más las aguas por diluvio para destruir toda carne.",H2142,Hc/Vqq1cs,and/ I will remember,,,,
8bbd43b7393b0953123d,GEN 9:15,1,"Y acordarme he del pacto mío, que hay entre mí y ustedes y toda alma viviente de toda carne; y no serán más las aguas por diluvio para destruir toda carne.",H853,HTo,<obj.>,,,,
f1c1e29c15b94211b720,GEN 9:15,5,"Y acordarme he del pacto mío, que hay entre mí y ustedes y toda alma viviente de toda carne; y no serán más las aguas por diluvio para destruir toda carne.",H996,HC/Acmpc/Sp2mp,and/ between/ you,,,,
186cb44b39a0d9e5754e,GEN 9:15,6,"Y acordarme he del pacto mío, que hay entre mí y ustedes y toda alma viviente de toda carne; y no serán más las aguas por diluvio para destruir toda carne.",H996,HC/Acmsc,and/ between,,,,
b118d97bd6fa94df5461,GEN 9:15,13,"Y acordarme he del pacto mío, que hay entre mí y ustedes y toda alma viviente de toda carne; y no serán más las aguas por diluvio para destruir toda carne.",H1961,HVqi3ms,<it> will become,,,,
87037ec93d3bd361c486,GEN 9:16,4,"Y estará el arco en las nubes, y verlo he para acordarme del pacto perpetuo entre Dios y toda alma viviente, con toda carne que hay sobre la tierra.",H2142,HR/Vqcc,to/ remember,,,,
d3b81081ce338a25821c,GEN 9:16,9,"Y estará el arco en las nubes, y verlo he para acordarme del pacto perpetuo entre Dios y toda alma viviente, con toda carne que hay sobre la tierra.",H996,HC/Acmsc,and/ between,,,,
888860069103199b87e9,GEN 9:17,2,"Dijo, pues, Dios a Noé: Esta será la señal del pacto que he establecido entre mí y toda carne que está sobre la tierra.",H413,HR,to,,,,
75ba8aa0190d379cab2f,GEN 9:17,10,"Dijo, pues, Dios a Noé: Esta será la señal del pacto que he establecido entre mí y toda carne que está sobre la tierra.",H996,HC/Acmsc,and/ between,,,,
b28ceb2e3ba5420b801e,GEN 9:22,4,"Y Châm, padre de Canaán, vio la desnudez de su padre, y díjolo a sus dos hermanos a la parte de afuera.",H853,HTo,<obj.>,,,,
08fe56919c66c86cebc8,GEN 9:23,3,"Entonces Sem y Japhet tomaron la ropa, y la pusieron sobre sus propios hombros, y andando hacia atrás, cubrieron la desnudez de su padre, teniendo vueltos sus rostros, y así no vieron la desnudez de su padre.",H853,HTo,<obj.>,,,,
a50224661492fe36d9c4,GEN 9:23,9,"Entonces Sem y Japhet tomaron la ropa, y la pusieron sobre sus propios hombros, y andando hacia atrás, cubrieron la desnudez de su padre, teniendo vueltos sus rostros, y así no vieron la desnudez de su padre.",H1980,Hc/Vqw3mp,and/ they walked,,,,
dff9f6e52d7f7a568090,GEN 9:23,10,"Entonces Sem y Japhet tomaron la ropa, y la pusieron sobre sus propios hombros, y andando hacia atrás, cubrieron la desnudez de su padre, teniendo vueltos sus rostros, y así no vieron la desnudez de su padre.",H322,HD,backwards,,,,
82c2241a3c080ccceada,GEN 9:23,12,"Entonces Sem y Japhet tomaron la ropa, y la pusieron sobre sus propios hombros, y andando hacia atrás, cubrieron la desnudez de su padre, teniendo vueltos sus rostros, y así no vieron la desnudez de su padre.",H853,HTo,<obj.>,,,,
d06f60d540cfec7d8e2a,GEN 9:23,16,"Entonces Sem y Japhet tomaron la ropa, y la pusieron sobre sus propios hombros, y andando hacia atrás, cubrieron la desnudez de su padre, teniendo vueltos sus rostros, y así no vieron la desnudez de su padre.",H322,HD,[were] backwards,,,,
87ce765004c318cab2ce,GEN 9:24,4,"Y despertó Noé de su vino, y supo lo que había hecho con él su hijo el más joven;",H853,HTo,<obj.>,,,,
14b38921a9c575d8609e,GEN 9:27,6,"Engrandezca Dios a Japhet, y habite en las tiendas de Sem, y séale Canaán siervo.",H1961,HC/Vqj3ms,and/ let him be,,,,
0f2d1a70499a79711e62,GEN 9:28,8,Y vivió Noé después del diluvio trescientos y cincuenta años.,H8141,HNcfsa,year[s],,,,
7d6f4074c1d4a7d044cd,GEN 9:29,8,Y fueron todos los días de Noé novecientos y cincuenta años; y murió.,H8141,HNcfsa,year[s],,,,
d6fec193146e4d3b46d2,GEN 10:5,2,"Por éstos fueron repartidas las islas de las gentes en sus tierras, cada cual según su lengua, conforme a sus familias en sus naciones.",H339,HNcmpc,[the] coastlands of,,,,
830155bc3a4d104262e0,GEN 10:5,4,"Por éstos fueron repartidas las islas de las gentes en sus tierras, cada cual según su lengua, conforme a sus familias en sus naciones.",H776,HR/Ncfpc/Sp3mp,in/ own lands/ their,,,,
c249e2efa0533ced6b1b,GEN 10:8,2,Y Cush engendró a Nimrod: éste comenzó a ser poderoso en la tierra.,H853,HTo,<obj.>,,,,
04b20ffbdc540ee61c07,GEN 10:8,4,Y Cush engendró a Nimrod: éste comenzó a ser poderoso en la tierra.,H1931,HPp3ms,he,,,,
e09f8941035c48968ea6,GEN 10:8,5,Y Cush engendró a Nimrod: éste comenzó a ser poderoso en la tierra.,H2490,HVhp3ms,he began,,,,
a1ed1bbd0bc0c83dd370,GEN 10:9,6,"Este fue vigoroso cazador delante de Jehová; por lo cual se dice: Así como Nimrod, vigoroso cazador delante de Jehová.",H5921,HR,there-,,,,
3f500e534843fd2662b3,GEN 10:11,2,"De esta tierra salió Assur, y edificó a Nínive, y a Rehoboth, y a Calah,",H1931,HTd/Pp3fs,<the>/ that,,,,
831c30a7e1bd93497afa,GEN 10:11,6,"De esta tierra salió Assur, y edificó a Nínive, y a Rehoboth, y a Calah,",H853,HTo,<obj.>,,,,
1f36902924edecbe4e0c,GEN 10:11,8,"De esta tierra salió Assur, y edificó a Nínive, y a Rehoboth, y a Calah,",H853,HC/To,and/ <obj.>,,,,
e912e1b740be230bad17,GEN 10:11,10,"De esta tierra salió Assur, y edificó a Nínive, y a Rehoboth, y a Calah,",H5893,HNpm,Ir,,,,
da54e1d8eb28d671cd9c,GEN 10:11,11,"De esta tierra salió Assur, y edificó a Nínive, y a Rehoboth, y a Calah,",H853,HC/To,and/ <obj.>,,,,
e9a50c3ad8dd86b98fb1,GEN 10:12,0,Y a Ressen entre Nínive y Calah; la cual es ciudad grande.,H853,HC/To,and/ <obj.>,,,,
cfd4a085c7fe72252769,GEN 10:12,4,Y a Ressen entre Nínive y Calah; la cual es ciudad grande.,H996,HC/Acmsc,and/ between,,,,
6a2d721badfcf0f1acaf,GEN 10:13,2,"Y Mizraim engendró a Ludim, y a Anamim, y a Lehabim, y a Naphtuhim,",H853,HTo,<obj.>,,,,
5f10d94729891deb4b3c,GEN 10:13,4,"Y Mizraim engendró a Ludim, y a Anamim, y a Lehabim, y a Naphtuhim,",H853,HC/To,and/ <obj.>,,,,
c8898f1ec3b93b610b27,GEN 10:13,6,"Y Mizraim engendró a Ludim, y a Anamim, y a Lehabim, y a Naphtuhim,",H853,HC/To,and/ <obj.>,,,,
71293e18063427d678b8,GEN 10:13,8,"Y Mizraim engendró a Ludim, y a Anamim, y a Lehabim, y a Naphtuhim,",H853,HC/To,and/ <obj.>,,,,
6794212b5d029775efb5,GEN 10:14,0,"Y a Pathrusim, y a Casluim, de donde salieron los Filisteos, y a Caphtorim.",H853,HC/To,and/ <obj.>,,,,
0133f2faba17cbb893f0,GEN 10:14,2,"Y a Pathrusim, y a Casluim, de donde salieron los Filisteos, y a Caphtorim.",H853,HC/To,and/ <obj.>,,,,
10d3ea5135ed2bb90b95,GEN 10:14,6,"Y a Pathrusim, y a Casluim, de donde salieron los Filisteos, y a Caphtorim.",H8033,HR/D,from/ there,,,,
ae599e351fcd29f8ac53,GEN 10:14,8,"Y a Pathrusim, y a Casluim, de donde salieron los Filisteos, y a Caphtorim.",H853,HC/To,and/ <obj.>,,,,
530939bf72ca44ae00bf,GEN 10:15,2,"Y Canaán engendró a Sidón, su primogénito, y a Heth,",H853,HTo,<obj.>,,,,
94395e12c4c83f3d1bd6,GEN 10:15,5,"Y Canaán engendró a Sidón, su primogénito, y a Heth,",H853,HC/To,and/ <obj.>,,,,
b27a175c425fdf666a75,GEN 10:16,0,"Y al Jebuseo, y al Amorrheo, y al Gergeseo,",H853,HC/To,and/ <obj.>,,,,
cf48d654614b0d9b79b2,GEN 10:16,2,"Y al Jebuseo, y al Amorrheo, y al Gergeseo,",H853,HC/To,and/ <obj.>,,,,
6816c0300ac826a77f3e,GEN 10:16,4,"Y al Jebuseo, y al Amorrheo, y al Gergeseo,",H853,HC/To,and/ <obj.>,,,,
7bb93b3b9658ba64582b,GEN 10:17,0,"Y al Heveo, y al Araceo, y al Sineo,",H853,HC/To,and/ <obj.>,,,,
01bcfcbec70c55a156a1,GEN 10:17,2,"Y al Heveo, y al Araceo, y al Sineo,",H853,HC/To,and/ <obj.>,,,,
f89c94cb77ce49b80ba9,GEN 10:17,4,"Y al Heveo, y al Araceo, y al Sineo,",H853,HC/To,and/ <obj.>,,,,
6ef9a75cefcf05f9f503,GEN 10:18,0,"Y al Aradio, y al Samareo, y al Amatheo: y después se derramaron las familias de los Cananeos.",H853,HC/To,and/ <obj.>,,,,
e65fc130cdbd84a632f2,GEN 10:18,2,"Y al Aradio, y al Samareo, y al Amatheo: y después se derramaron las familias de los Cananeos.",H853,HC/To,and/ <obj.>,,,,
36a28e395e504e936929,GEN 10:18,4,"Y al Aradio, y al Samareo, y al Amatheo: y después se derramaron las familias de los Cananeos.",H853,HC/To,and/ <obj.>,,,,
6c6b3150371e1eb364ac,GEN 10:19,8,"Y fue el término de los Cananeos desde Sidón, viniendo a Gerar hasta Gaza, hasta entrar en Sodoma y Gomorra, Adma, y Zeboim hasta Lasa.",H935,HVqcc/Sp2ms,going/ you,,,,
7301aeb56f87a1bd1bbd,GEN 10:21,3,"También le nacieron hijos a Sem, padre de todos los hijos de Heber, y hermano mayor de Japhet.",H1931,HPp3ms,he,,,,
4abac6a8c76e1dab6c17,GEN 10:23,5,"Y los hijos de Aram: Uz, y Hul, y Gether, y Pero.",H4851,HC/Npm,and/ Mash,,,,
eae6b6a9b9279641669c,GEN 10:24,2,"Y Arphaxad engendró a Sala, y Sala engendró a Heber.",H853,HTo,<obj.>,,,,
09f19a21535845a09060,GEN 10:24,6,"Y Arphaxad engendró a Sala, y Sala engendró a Heber.",H853,HTo,<obj.>,,,,
b9822a6165a9789124ea,GEN 10:26,2,"Y Joctán engendró a Almodad, y a Sheleph, y Hazarmaveth, y a Jera,",H853,HTo,<obj.>,,,,
b460a444036a044a3bdc,GEN 10:26,4,"Y Joctán engendró a Almodad, y a Sheleph, y Hazarmaveth, y a Jera,",H853,HC/To,and/ <obj.>,,,,
12cd91dc262814f74fba,GEN 10:26,6,"Y Joctán engendró a Almodad, y a Sheleph, y Hazarmaveth, y a Jera,",H853,HC/To,and/ <obj.>,,,,
4c4e9a1e24a50448bff7,GEN 10:26,8,"Y Joctán engendró a Almodad, y a Sheleph, y Hazarmaveth, y a Jera,",H853,HC/To,and/ <obj.>,,,,
4b0c09413527d98e2f87,GEN 10:27,0,"Y a Hadoram, y a Uzal, y a Dicla,",H853,HC/To,and/ <obj.>,,,,
e6ccb3faef540255ba7b,GEN 10:27,2,"Y a Hadoram, y a Uzal, y a Dicla,",H853,HC/To,and/ <obj.>,,,,
82ab2f3691a6fa6ef14a,GEN 10:27,4,"Y a Hadoram, y a Uzal, y a Dicla,",H853,HC/To,and/ <obj.>,,,,
73ef02f89bf5e2d72ef3,GEN 10:28,0,"Y a Obal, y a Abimael, y a Seba,",H853,HC/To,and/ <obj.>,,,,
c26b67bb6d56dbf8e4bc,GEN 10:28,2,"Y a Obal, y a Abimael, y a Seba,",H853,HC/To,and/ <obj.>,,,,
2935381ad3ba73d08921,GEN 10:28,4,"Y a Obal, y a Abimael, y a Seba,",H853,HC/To,and/ <obj.>,,,,
49a683ee79aa24c00672,GEN 10:29,0,"Y a Ophir, y a Havila, y a Jobad: todos estos fueron hijos de Joctán.",H853,HC/To,and/ <obj.>,,,,
e0c9f027098bdf5aa3fb,GEN 10:29,2,"Y a Ophir, y a Havila, y a Jobad: todos estos fueron hijos de Joctán.",H853,HC/To,and/ <obj.>,,,,
0bf5ed1619b1b74974cb,GEN 10:29,4,"Y a Ophir, y a Havila, y a Jobad: todos estos fueron hijos de Joctán.",H853,HC/To,and/ <obj.>,,,,
3a68fe2b4e16c8d76ae2,GEN 10:30,1,"Y fue su habitación desde Mesa viniendo de Sephar, monte a la parte del oriente.",H4186,HNcmsc/Sp3mp,dwelling place/ their,,,,
7615b96376ebf21d1196,GEN 10:32,2,"Estas son las familias de Noé por sus descendencias, en sus naciones; y de éstos fueron divididas las gentes en la tierra después del diluvio.",H1121,HNcmpc,[the] sons of,,,,
d8e0b7beef260fd8cbb8,GEN 11:1,0,Era entonces toda la tierra de una lengua y unas mismas palabras.,H1961,Hc/Vqw3ms,and/ it was,,,,
131b325a2b8f88b78d55,GEN 11:1,1,Era entonces toda la tierra de una lengua y unas mismas palabras.,H3605,HNcmsc,all,,,,
24811774b6253900abbd,GEN 11:2,4,"Y aconteció que, como se partieron de oriente, hallaron una vega en la tierra de Shinar, y asentaron allí.",H1237,HNcfsa,a plain,,,,
62cd560a280f65974edc,GEN 11:3,2,"Y dijeron los unos a los otros: Vaya, hagamos ladrillo y cozámoslo con fuego. Y fuéles el ladrillo en lugar de piedra, y el betún en lugar de mezcla.",H413,HR,to,,,,
7cf2f3431cc29d54ab15,GEN 11:3,6,"Y dijeron los unos a los otros: Vaya, hagamos ladrillo y cozámoslo con fuego. Y fuéles el ladrillo en lugar de piedra, y el betún en lugar de mezcla.",H3843,HNcmpa,bricks,,,,
4e2c8cd315d037b84eef,GEN 11:3,9,"Y dijeron los unos a los otros: Vaya, hagamos ladrillo y cozámoslo con fuego. Y fuéles el ladrillo en lugar de piedra, y el betún en lugar de mezcla.",H1961,Hc/Vqw3fs,and/ <it> became,,,,
b284df7b37e3fed96120,GEN 11:3,10,"Y dijeron los unos a los otros: Vaya, hagamos ladrillo y cozámoslo con fuego. Y fuéles el ladrillo en lugar de piedra, y el betún en lugar de mezcla.",H3843,HTd/Ncfsa,<the>/ brick,,,,
ea67214e1356b91b1ab1,GEN 11:3,13,"Y dijeron los unos a los otros: Vaya, hagamos ladrillo y cozámoslo con fuego. Y fuéles el ladrillo en lugar de piedra, y el betún en lugar de mezcla.",H1961,HVqp3ms,<it> became,,,,
5fac325035861d7e3c39,GEN 11:4,1,"Y dijeron: Vamos, edifiquémonos una ciudad y una torre, cuya cúspide llegue al cielo; y hagámonos un nombre, por si fuéramos esparcidos sobre la faz de toda la tierra.",H3051,HVqv2ms/Sh,give/ !,,,,
55e13bdd2f9824007e92,GEN 11:5,3,Y descendió Jehová para ver la ciudad y la torre que edificaban los hijos de los hombres.,H853,HTo,<obj.>,,,,
a9c0800e947a6d688f2a,GEN 11:5,5,Y descendió Jehová para ver la ciudad y la torre que edificaban los hijos de los hombres.,H853,HC/To,and/ <obj.>,,,,
918426a69f493864e475,GEN 11:6,2,"Y dijo Jehová: He aquí el pueblo es uno, y todos éstos tienen un lenguaje: y han comenzado a obrar, y nada les retraerá ahora de lo que han pensando hacer.",H2005,HTj,here!,,,,
2b762682cc34aaf9d9c9,GEN 11:6,5,"Y dijo Jehová: He aquí el pueblo es uno, y todos éstos tienen un lenguaje: y han comenzado a obrar, y nada les retraerá ahora de lo que han pensando hacer.",H8193,HC/Ncfsa,and/ a language,,,,
d60facf86b05582d33f0,GEN 11:6,8,"Y dijo Jehová: He aquí el pueblo es uno, y todos éstos tienen un lenguaje: y han comenzado a obrar, y nada les retraerá ahora de lo que han pensando hacer.",H2088,HC/Tm,and/ this,,,,
df883d928f4dbde888e3,GEN 11:6,13,"Y dijo Jehová: He aquí el pueblo es uno, y todos éstos tienen un lenguaje: y han comenzado a obrar, y nada les retraerá ahora de lo que han pensando hacer.",H1219,HVNi3ms,it will be withheld,,,,
903a5fd4c75c3f1b0556,GEN 11:6,14,"Y dijo Jehová: He aquí el pueblo es uno, y todos éstos tienen un lenguaje: y han comenzado a obrar, y nada les retraerá ahora de lo que han pensando hacer.",H3605,HNcmsa,all,,,,
a08bc75b47fd70922aa5,GEN 11:6,16,"Y dijo Jehová: He aquí el pueblo es uno, y todos éstos tienen un lenguaje: y han comenzado a obrar, y nada les retraerá ahora de lo que han pensando hacer.",H2161,HVqi3mp,they will plan,,,,
da5efd5befcf2b399a41,GEN 11:7,8,"Ahora pues, descendamos, y confundamos allí sus lenguas, para que ninguno entienda el habla de su compañero.",H376,HNcmsa,each,,,,
e39e17667c2288c57413,GEN 11:8,2,"Así los esparció Jehová desde allí sobre la faz de toda la tierra, y dejaron de edificar la ciudad.",H853,HTo/Sp3mp,<obj.>/ them,,,,
4103aa46d64c77a00196,GEN 11:9,14,"Por esto fue llamado el nombre de ella Babel, porque allí confundió Jehová el lenguaje de toda la tierra, y desde allí los esparció sobre la faz de toda la tierra.",H3068,HNpt,Yahweh,,,,
401c76e116c3a87f8dc4,GEN 11:10,8,"Estas son las generaciones de Sem: Sem, de edad de cien años, engendró a Arphaxad, dos años después del diluvio.",H853,HTo,<obj.>,,,,
0698d211929111f3f0cc,GEN 11:11,4,"Y vivió Sem, después que engendró a Arphaxad, quinientos años, y engendró hijos e hijas.",H853,HTo,<obj.>,,,,
d8df660b17510e5db7e9,GEN 11:12,1,"Y Arphaxad vivió treinta y cinco años, y engendró a Sala.",H2421,HVqp3ms,he lived,,,,
d7c3e4608d0d252d8c34,GEN 11:12,6,"Y Arphaxad vivió treinta y cinco años, y engendró a Sala.",H853,HTo,<obj.>,,,,
bfe36ab7c13d14f1fdf0,GEN 11:13,4,"Y vivió Arphaxad, después que engendró a Sala, cuatrocientos y tres años, y engendró hijos e hijas.",H853,HTo,<obj.>,,,,
ec880c2676762fe56aa9,GEN 11:13,10,"Y vivió Arphaxad, después que engendró a Sala, cuatrocientos y tres años, y engendró hijos e hijas.",H8141,HNcfsa,year[s],,,,
a17e79a2be554b318fab,GEN 11:14,1,"Y vivió Sala treinta años, y engendró a Heber.",H2421,HVqp3ms,he lived,,,,
77c5836c1eca349c9a95,GEN 11:14,5,"Y vivió Sala treinta años, y engendró a Heber.",H853,HTo,<obj.>,,,,
f7c155bfb0d3d805b73b,GEN 11:15,4,"Y vivió Sala, después que engendró a Heber, cuatrocientos y tres años, y engendró hijos e hijas.",H853,HTo,<obj.>,,,,
604622c176447f2b1c91,GEN 11:15,10,"Y vivió Sala, después que engendró a Heber, cuatrocientos y tres años, y engendró hijos e hijas.",H8141,HNcfsa,year[s],,,,
1ea7113e4a47b430c10d,GEN 11:16,6,"Y vivió Heber treinta y cuatro años, y engendró a Peleg.",H853,HTo,<obj.>,,,,
86a7de69e674da237af3,GEN 11:17,4,"Y vivió Heber, después que engendró a Peleg, cuatrocientos y treinta años, y engendró hijos e hijas.",H853,HTo,<obj.>,,,,
2972c942c3366e60246f,GEN 11:17,10,"Y vivió Heber, después que engendró a Peleg, cuatrocientos y treinta años, y engendró hijos e hijas.",H8141,HNcfsa,year[s],,,,
a08077a8b0170211c8b7,GEN 11:18,5,"Y vivió Peleg treinta años, y engendró a Reu.",H853,HTo,<obj.>,,,,
ff1efbd8bdb78da11314,GEN 11:19,4,"Y vivió Peleg, después que engendró a Reu, doscientos y nueve años, y engendró hijos e hijas.",H853,HTo,<obj.>,,,,
0e2e2acfa9322f1fee4a,GEN 11:19,9,"Y vivió Peleg, después que engendró a Reu, doscientos y nueve años, y engendró hijos e hijas.",H8141,HNcfsa,year[s],,,,
be21bc6474c9c2b67d18,GEN 11:20,6,"Y Reu vivió treinta y dos años, y engendró a Serug.",H853,HTo,<obj.>,,,,
3296f753b5ae8fc6f82f,GEN 11:21,4,"Y vivió Reu, después que engendró a Serug, doscientos y siete años, y engendró hijos e hijas.",H853,HTo,<obj.>,,,,
ef1d2c174905d586fa66,GEN 11:21,9,"Y vivió Reu, después que engendró a Serug, doscientos y siete años, y engendró hijos e hijas.",H8141,HNcfsa,year[s],,,,
02ce45df3aaf5f88e9e5,GEN 11:22,5,"Y vivió Serug treinta años, y engendró a Nachôr.",H853,HTo,<obj.>,,,,
568deeed15e48cdf5512,GEN 11:23,4,"Y vivió Serug, después que engendró a Nachôr, doscientos años, y engendró hijos e hijas.",H853,HTo,<obj.>,,,,
c203b49541a0656a7a80,GEN 11:24,6,"Y vivió Nachôr veintinueve años, y engendró a Thare.",H853,HTo,<obj.>,,,,
a92674ae5736e732f48c,GEN 11:25,4,"Y vivió Nachôr, después que engendró a Thare, ciento diecinueve años, y engendró hijos e hijas.",H853,HTo,<obj.>,,,,
182842863a5d4fc01a28,GEN 11:25,7,"Y vivió Nachôr, después que engendró a Thare, ciento diecinueve años, y engendró hijos e hijas.",H6240,HAcbsc,teen,,,,
53ff6131f87269b2c8d5,GEN 11:25,10,"Y vivió Nachôr, después que engendró a Thare, ciento diecinueve años, y engendró hijos e hijas.",H8141,HNcfsa,year[s],,,,
1229dbd6e1146f313fe6,GEN 11:26,5,"Y vivió Thare setenta años, y engendró a Abram, y a Nachôr, y a Harán.",H853,HTo,<obj.>,,,,
84bcbf2ff097940e6b53,GEN 11:26,7,"Y vivió Thare setenta años, y engendró a Abram, y a Nachôr, y a Harán.",H853,HTo,<obj.>,,,,
960b987ce5127278610f,GEN 11:26,9,"Y vivió Thare setenta años, y engendró a Abram, y a Nachôr, y a Harán.",H853,HC/To,and/ <obj.>,,,,
dd8c8c6654c537224866,GEN 11:27,5,"Estas son las generaciones de Thare: Thare engendró a Abram, y a Nachôr, y a Harán; y Harán engendró a Lot.",H853,HTo,<obj.>,,,,
6a7df2ca248e62c31b4c,GEN 11:27,7,"Estas son las generaciones de Thare: Thare engendró a Abram, y a Nachôr, y a Harán; y Harán engendró a Lot.",H853,HTo,<obj.>,,,,
8ad9defbceb8a53deef7,GEN 11:27,9,"Estas son las generaciones de Thare: Thare engendró a Abram, y a Nachôr, y a Harán; y Harán engendró a Lot.",H853,HC/To,and/ <obj.>,,,,
5279d9cf889f56aa2f5b,GEN 11:27,13,"Estas son las generaciones de Thare: Thare engendró a Abram, y a Nachôr, y a Harán; y Harán engendró a Lot.",H853,HTo,<obj.>,,,,
e8c9447a8cf4ce056ade,GEN 11:28,2,"Y murió Harán antes que su padre Thare en la tierra de su naturaleza, en Ur de los Caldeos.",H5921,HR,on,,,,
3582e39f6e8cdbba18c6,GEN 11:28,7,"Y murió Harán antes que su padre Thare en la tierra de su naturaleza, en Ur de los Caldeos.",H4138,HNcfsc/Sp3ms,kindred/ his,,,,
f6a71cafa59e71322207,GEN 11:29,16,"Y tomaron Abram y Nachôr para sí mujeres: el nombre de la mujer de Abram fue Sarai, y el nombre de la mujer de Nachôr, Milca, hija de Harán, padre de Milca y de Isca.",H1,HC/Ncmsc,and/ [the] father of,,,,
b3af8e6f9a81b2cd1a2f,GEN 11:30,0,"Pero Sarai fue estéril, y no tenía hijo.",H1961,Hc/Vqw3fs,and/ she was,,,,
1ff1f42c734243e217ce,GEN 11:31,5,"Y tomó Thare a Abram su hijo, y a Lot hijo de Harán, hijo de su hijo, y a Sarai su nuera, mujer de Abram su hijo: y salió con ellos de Ur de los Caldeos, para ir a la tierra de Canaán: y vinieron hasta Harán, y asentaron allí.",H853,HC/To,and/ <obj.>,,,,
3928cd77cb284e7b56ef,GEN 11:31,11,"Y tomó Thare a Abram su hijo, y a Lot hijo de Harán, hijo de su hijo, y a Sarai su nuera, mujer de Abram su hijo: y salió con ellos de Ur de los Caldeos, para ir a la tierra de Canaán: y vinieron hasta Harán, y asentaron allí.",H853,HC/To,and/ <obj.>,,,,
3242aed3b46c9c404d39,GEN 11:31,18,"Y tomó Thare a Abram su hijo, y a Lot hijo de Harán, hijo de su hijo, y a Sarai su nuera, mujer de Abram su hijo: y salió con ellos de Ur de los Caldeos, para ir a la tierra de Canaán: y vinieron hasta Harán, y asentaron allí.",H854,HRd/Sp3mp,with/ them,,,,
0aeb994d9ff2c192efbe,GEN 11:31,21,"Y tomó Thare a Abram su hijo, y a Lot hijo de Harán, hijo de su hijo, y a Sarai su nuera, mujer de Abram su hijo: y salió con ellos de Ur de los Caldeos, para ir a la tierra de Canaán: y vinieron hasta Harán, y asentaron allí.",H1980,HR/Vqcc,to/ go,,,,
2e13ffdb07abe2991584,GEN 11:32,6,Y fueron los días de Thare doscientos y cinco años; y murió Thare en Harán.,H8141,HNcfsa,year[s],,,,
b1f55af0b639dda1248e,GEN 12:1,2,"Pero Jehová había dicho a Abram: Vete de tu tierra y de tu parentela, y de la casa de tu padre, a la tierra que te mostraré;",H413,HR,to,,,,
93e95e2be1664657e7dc,GEN 12:1,4,"Pero Jehová había dicho a Abram: Vete de tu tierra y de tu parentela, y de la casa de tu padre, a la tierra que te mostraré;",H1980,HVqv2ms,go,,,,
4c72253672f20c5ad60c,GEN 12:1,9,"Pero Jehová había dicho a Abram: Vete de tu tierra y de tu parentela, y de la casa de tu padre, a la tierra que te mostraré;",H413,HR,to,,,,
91e8c06ec6cf768885f0,GEN 12:2,3,"Y haré de ti una nación grande, y bendecirte he, y engrandeceré tu nombre, y serás bendición:",H1288,HC/Vpu1cs/Sp2ms,and/ I will bless/ you,,,,
eaf1d3c36c8392b036ca,GEN 12:2,4,"Y haré de ti una nación grande, y bendecirte he, y engrandeceré tu nombre, y serás bendición:",H1431,HC/Vpc1cs,and/ I will make great,,,,
b4447d558d5e22b08b7e,GEN 12:3,2,"Y bendeciré a los que te bendigan, y a los que te maldigan maldeciré: y serán benditas en ti todas las familias de la tierra.",H7043,HC/Vprmsc/Sp2ms,and/ [one who] disdains/ you,,,,
a467b2f72409e7201404,GEN 12:3,4,"Y bendeciré a los que te bendigan, y a los que te maldigan maldeciré: y serán benditas en ti todas las familias de la tierra.",H1288,Hc/VNq3cp,and/ they will be blessed,,,,
53be84ad674df2f032de,GEN 12:4,0,"Y fuése Abram, como Jehová le dijo; y fue con él Lot: y era Abram de edad de setenta y cinco años cuando salió de Harán.",H1980,Hc/Vqw3ms,and/ he went,,,,
aba013d096e79584e181,GEN 12:4,6,"Y fuése Abram, como Jehová le dijo; y fue con él Lot: y era Abram de edad de setenta y cinco años cuando salió de Harán.",H1980,Hc/Vqw3ms,and/ he went,,,,
40e85de0cbfa68054007,GEN 12:4,7,"Y fuése Abram, como Jehová le dijo; y fue con él Lot: y era Abram de edad de setenta y cinco años cuando salió de Harán.",H854,HRd/Sp3ms,with/ him,,,,
b3de1f8b25aed364d6b9,GEN 12:4,14,"Y fuése Abram, como Jehová le dijo; y fue con él Lot: y era Abram de edad de setenta y cinco años cuando salió de Harán.",H8141,HNcfsa,year[s],,,,
9d04ebe381f81bc67504,GEN 12:5,2,"Y tomó Abram a Sarai su mujer, y a Lot hijo de su hermano, y toda su hacienda que habían ganado, y las almas que habían adquirido en Harán, y salieron para ir a tierra de Canaán; y a tierra de Canaán llegaron.",H853,HTo,<obj.>,,,,
d7e468626307e3ec7148,GEN 12:5,5,"Y tomó Abram a Sarai su mujer, y a Lot hijo de su hermano, y toda su hacienda que habían ganado, y las almas que habían adquirido en Harán, y salieron para ir a tierra de Canaán; y a tierra de Canaán llegaron.",H853,HC/To,and/ <obj.>,,,,
b91d214a1046b29720b2,GEN 12:5,9,"Y tomó Abram a Sarai su mujer, y a Lot hijo de su hermano, y toda su hacienda que habían ganado, y las almas que habían adquirido en Harán, y salieron para ir a tierra de Canaán; y a tierra de Canaán llegaron.",H853,HC/To,and/ <obj.>,,,,
48c1df752dcc40072769,GEN 12:5,14,"Y tomó Abram a Sarai su mujer, y a Lot hijo de su hermano, y toda su hacienda que habían ganado, y las almas que habían adquirido en Harán, y salieron para ir a tierra de Canaán; y a tierra de Canaán llegaron.",H853,HC/To,and/ <obj.>,,,,
168c6d30c1963106de04,GEN 12:5,20,"Y tomó Abram a Sarai su mujer, y a Lot hijo de su hermano, y toda su hacienda que habían ganado, y las almas que habían adquirido en Harán, y salieron para ir a tierra de Canaán; y a tierra de Canaán llegaron.",H1980,HR/Vqcc,to/ go,,,,
ca88140adc1216be6a9c,GEN 12:7,7,"Y apareció Jehová a Abram, y le dijo: A tu simiente daré esta tierra. Y edificó allí un altar a Jehová, que le había aparecido.",H853,HTo,<obj.>,,,,
67cd36d2b4197d79ba60,GEN 12:7,8,"Y apareció Jehová a Abram, y le dijo: A tu simiente daré esta tierra. Y edificó allí un altar a Jehová, que le había aparecido.",H776,HTd/Ncfsa,the/ land,,,,
df8b2f52b5c4a89d9174,GEN 12:7,15,"Y apareció Jehová a Abram, y le dijo: A tu simiente daré esta tierra. Y edificó allí un altar a Jehová, que le había aparecido.",H413,HRd/Sp3ms,to/ him,,,,
b642fe033d40ff318da5,GEN 12:8,8,"Y pasóse de allí a un monte al oriente de Bethel, y tendió su tienda, teniendo a Bethel al occidente y Hai al oriente: y edificó allí altar a Jehová, e invocó el nombre de Jehová.",H1008,HNpl,Beth-,,,,
a2a61a40b423c553d92d,GEN 12:8,9,"Y pasóse de allí a un monte al oriente de Bethel, y tendió su tienda, teniendo a Bethel al occidente y Hai al oriente: y edificó allí altar a Jehová, e invocó el nombre de Jehová.",H1008,HNpl,-el,,,,
427661d60e81c656a866,GEN 12:11,2,"Y aconteció que cuando estaba para entrar en Egipto, dijo a Sarai su mujer: He aquí, ahora conozco que eres mujer hermosa de vista;",H7126,HVhp3ms,he drew near,,,,
64aad74cc7262a5e87cd,GEN 12:11,6,"Y aconteció que cuando estaba para entrar en Egipto, dijo a Sarai su mujer: He aquí, ahora conozco que eres mujer hermosa de vista;",H413,HR,to,,,,
7a3f832d9e9a80aa241d,GEN 12:12,0,"Y será que cuando te habrán visto los Egipcios, dirán: Su mujer es: y me matarán a mí, y a ti te reservarán la vida.",H1961,Hc/Vqq3ms,and/ it will be,,,,
622e95b402952a899443,GEN 12:12,7,"Y será que cuando te habrán visto los Egipcios, dirán: Su mujer es: y me matarán a mí, y a ti te reservarán la vida.",H2063,HTm,this,,,,
3d94277827ee9f07927d,GEN 12:13,4,"Ahora pues, di que eres mi hermana, para que yo haya bien por causa tuya, y viva mi alma por amor de ti.",H4616,HTc,so that,,,,
22835611593d2859ce88,GEN 12:13,6,"Ahora pues, di que eres mi hermana, para que yo haya bien por causa tuya, y viva mi alma por amor de ti.",H5668,HR/Ncmsc/Sp2fs,for/ sake of/ you,,,,
a5d96a7f2a0975e8e960,GEN 12:13,9,"Ahora pues, di que eres mi hermana, para que yo haya bien por causa tuya, y viva mi alma por amor de ti.",H1558,HR/Ncmsc/Sp2fs,on/ account of/ you,,,,
dee925a35b147c1b8593,GEN 12:14,6,"Y aconteció que, como entró Abram en Egipto, los Egipcios vieron la mujer que era hermosa en gran manera.",H853,HTo,<obj.>,,,,
18255e216e0508aa4ca2,GEN 12:14,10,"Y aconteció que, como entró Abram en Egipto, los Egipcios vieron la mujer que era hermosa en gran manera.",H1931,HPp3fs,she,,,,
347b7deb11a10f1e6ad9,GEN 12:15,1,"Viéronla también los príncipes de Faraón, y se la alabaron; y fue llevada la mujer a casa de Faraón:",H853,HTo/Sp3fs,<obj.>/ her,,,,
769d1dee7d4c152bedea,GEN 12:15,5,"Viéronla también los príncipes de Faraón, y se la alabaron; y fue llevada la mujer a casa de Faraón:",H853,HTo/Sp3fs,<obj.>/ her,,,,
fc9b936b6103f4dfb327,GEN 12:15,6,"Viéronla también los príncipes de Faraón, y se la alabaron; y fue llevada la mujer a casa de Faraón:",H413,HR,to,,,,
114a5bb1d74c128b7ca1,GEN 12:15,11,"Viéronla también los príncipes de Faraón, y se la alabaron; y fue llevada la mujer a casa de Faraón:",H6547,HNtmsa,Pharaoh,,,,
7179f4c33fae28702701,GEN 12:16,1,"E hizo bien a Abram por causa de ella; y tuvo ovejas, y vacas, y asnos, y siervos, y criadas, y asnas y camellos.",H3190,HVhp3ms,he did good,,,,
2f4ab72d979f7623415d,GEN 12:16,2,"E hizo bien a Abram por causa de ella; y tuvo ovejas, y vacas, y asnos, y siervos, y criadas, y asnas y camellos.",H5668,HR/Ncmsc/Sp3fs,for/ sake of/ her,,,,
55dcd70d9db12b6b576e,GEN 12:17,2,"Pero Jehová hirió a Faraón y a su casa con grandes plagas, por causa de Sarai mujer de Abram.",H853,HTo,<obj.>,,,,
948984055b71a43a04d8,GEN 12:17,6,"Pero Jehová hirió a Faraón y a su casa con grandes plagas, por causa de Sarai mujer de Abram.",H853,HC/To,and/ <obj.>,,,,
e6549340bc33e7ff7ae7,GEN 12:18,12,"Entonces Faraón llamó a Abram, y le dijo: ¿Qué es esto que has hecho conmigo? ¿Por qué no me declaraste que era tu mujer?",H1931,HPp3fs,she,,,,
d17249ac01792703ba3c,GEN 12:19,5,"¿Por qué dijiste: Es mi hermana? poniéndome en ocasión de tomarla para mí por mujer? Ahora pues, he aquí tu mujer, tómala y vete.",H853,HTo/Sp3fs,<obj.>/ her,,,,
826148fb8754c203b23c,GEN 12:19,11,"¿Por qué dijiste: Es mi hermana? poniéndome en ocasión de tomarla para mí por mujer? Ahora pues, he aquí tu mujer, tómala y vete.",H1980,HC/Vqv2ms,and/ go,,,,
bfac09afeb4ac511b0c3,GEN 12:20,1,"Entonces Faraón dio orden a sus gentes acerca de Abram; y le acompañaron, y a su mujer con todo lo que tenía.",H5921,HRd/Sp3ms,on/ him,,,,
eada873b5e19e45478bd,GEN 12:20,3,"Entonces Faraón dio orden a sus gentes acerca de Abram; y le acompañaron, y a su mujer con todo lo que tenía.",H582,HNcmpa,men,,,,
d2c3814976c9383c85f7,GEN 12:20,5,"Entonces Faraón dio orden a sus gentes acerca de Abram; y le acompañaron, y a su mujer con todo lo que tenía.",H853,HTo/Sp3ms,<obj.>/ him,,,,
1ffe581f0d2e37a423fa,GEN 12:20,6,"Entonces Faraón dio orden a sus gentes acerca de Abram; y le acompañaron, y a su mujer con todo lo que tenía.",H853,HC/To,and/ <obj.>,,,,
57c7a0daca609999cb96,GEN 12:20,8,"Entonces Faraón dio orden a sus gentes acerca de Abram; y le acompañaron, y a su mujer con todo lo que tenía.",H853,HC/To,and/ <obj.>,,,,
792197b3700cf8fa210b,GEN 13:2,1,"Y Abram era riquísimo en ganado, en plata y oro.",H3515,HAamsa,[was] wealthy,,,,
f5ec552a856e09001138,GEN 13:3,0,"Y volvió por sus jornadas de la parte del Mediodía hacia Bethel, hasta el lugar donde había estado antes su tienda entre Bethel y Hai;",H1980,Hc/Vqw3ms,and/ he went,,,,
2807a8bbd434883e83f7,GEN 13:3,6,"Y volvió por sus jornadas de la parte del Mediodía hacia Bethel, hasta el lugar donde había estado antes su tienda entre Bethel y Hai;",H5704,HR,to,,,,
38511ebf6554e850d794,GEN 13:3,10,"Y volvió por sus jornadas de la parte del Mediodía hacia Bethel, hasta el lugar donde había estado antes su tienda entre Bethel y Hai;",H8033,HD,there,,,,
5e2141daa85557fab2c9,GEN 13:3,14,"Y volvió por sus jornadas de la parte del Mediodía hacia Bethel, hasta el lugar donde había estado antes su tienda entre Bethel y Hai;",H1008,HNpl,Beth-,,,,
23964dc1b061f4620874,GEN 13:3,15,"Y volvió por sus jornadas de la parte del Mediodía hacia Bethel, hasta el lugar donde había estado antes su tienda entre Bethel y Hai;",H1008,HNpl,-el,,,,
8f36db3d202127725c7a,GEN 13:3,16,"Y volvió por sus jornadas de la parte del Mediodía hacia Bethel, hasta el lugar donde había estado antes su tienda entre Bethel y Hai;",H996,HC/Acmsc,and/ between,,,,
ec8c449c292fb032f150,GEN 13:5,0,"Y asimismo Lot, que andaba con Abram, tenía ovejas, y vacas, y tiendas.",H1571,HC/D,and/ also,,,,
e4f077ce991a3d996367,GEN 13:6,1,"Y la tierra no podía darles para que habitasen juntos: porque su hacienda era mucha, y no podían morar en un mismo lugar.",H5375,HVqp3ms,it supported,,,,
f9d69296adc063a7dca2,GEN 13:6,2,"Y la tierra no podía darles para que habitasen juntos: porque su hacienda era mucha, y no podían morar en un mismo lugar.",H853,HTo/Sp3mp,<obj.>/ them,,,,
dccea2df908790ffb7cc,GEN 13:6,6,"Y la tierra no podía darles para que habitasen juntos: porque su hacienda era mucha, y no podían morar en un mismo lugar.",H3588,HTc,for,,,,
33a6d3d6fdd7bdb24e05,GEN 13:6,7,"Y la tierra no podía darles para que habitasen juntos: porque su hacienda era mucha, y no podían morar en un mismo lugar.",H1961,HVqp3ms,it was,,,,
fc47d2cbaaabb5aefe8b,GEN 13:6,8,"Y la tierra no podía darles para que habitasen juntos: porque su hacienda era mucha, y no podían morar en un mismo lugar.",H7399,HNcmsc/Sp3mp,possession[s]/ their,,,,
8269d0d63033344c1c00,GEN 13:6,9,"Y la tierra no podía darles para que habitasen juntos: porque su hacienda era mucha, y no podían morar en un mismo lugar.",H7227,HAamsa,much,,,,
b8903cd53f6902542a37,GEN 13:7,3,Y hubo contienda entre los pastores del ganado de Abram y los pastores del ganado de Lot: y el Cananeo y el Pherezeo habitaban entonces en la tierra.,H7462,HVqrmpc,[the] herdsmen of,,,,
03f10f537c45437b25a4,GEN 13:7,6,Y hubo contienda entre los pastores del ganado de Abram y los pastores del ganado de Lot: y el Cananeo y el Pherezeo habitaban entonces en la tierra.,H996,HC/Acmsc,and/ between,,,,
5634bd3e8f03bbf29dee,GEN 13:7,7,Y hubo contienda entre los pastores del ganado de Abram y los pastores del ganado de Lot: y el Cananeo y el Pherezeo habitaban entonces en la tierra.,H7462,HVqrmpc,[the] herdsmen of,,,,
be6426742df88e9d4663,GEN 13:8,2,"Entonces Abram dijo a Lot: No haya ahora altercado entre mí y ti, entre mis pastores y los tuyos, porque somos hermanos.",H413,HR,to,,,,
9b5bcc01310c7e14a38d,GEN 13:8,10,"Entonces Abram dijo a Lot: No haya ahora altercado entre mí y ti, entre mis pastores y los tuyos, porque somos hermanos.",H996,HC/Acmsc,and/ between,,,,
2a29fed7ebb169033b37,GEN 13:8,11,"Entonces Abram dijo a Lot: No haya ahora altercado entre mí y ti, entre mis pastores y los tuyos, porque somos hermanos.",H7462,HVqrmpc/Sp1bs,herdsmen/ my,,,,
f6a93c9ecffb212f6f66,GEN 13:8,12,"Entonces Abram dijo a Lot: No haya ahora altercado entre mí y ti, entre mis pastores y los tuyos, porque somos hermanos.",H996,HC/Acmsc,and/ between,,,,
359353f5d0323c2cad50,GEN 13:8,13,"Entonces Abram dijo a Lot: No haya ahora altercado entre mí y ti, entre mis pastores y los tuyos, porque somos hermanos.",H7462,HVqrmpc/Sp2ms,herdsmen/ your,,,,
68e26aa869fa61a44d41,GEN 13:8,17,"Entonces Abram dijo a Lot: No haya ahora altercado entre mí y ti, entre mis pastores y los tuyos, porque somos hermanos.",H587,HPp1bp,we,,,,
94ef4cd7209b1d6e9730,GEN 13:10,2,"Y alzó Lot sus ojos, y vio toda la llanura del Jordán, que toda ella era de riego, antes que destruyese Jehová a Sodoma y a Gomorra, como el huerto de Jehová, como la tierra de Egipto entrando en Zoar.",H853,HTo,<obj.>,,,,
f2acd6dbdb17a0c2062a,GEN 13:10,5,"Y alzó Lot sus ojos, y vio toda la llanura del Jordán, que toda ella era de riego, antes que destruyese Jehová a Sodoma y a Gomorra, como el huerto de Jehová, como la tierra de Egipto entrando en Zoar.",H853,HTo,<obj.>,,,,
3b661e850361ed0984a6,GEN 13:10,11,"Y alzó Lot sus ojos, y vio toda la llanura del Jordán, que toda ella era de riego, antes que destruyese Jehová a Sodoma y a Gomorra, como el huerto de Jehová, como la tierra de Egipto entrando en Zoar.",H4945,HNcmsa,[was] well-watered,,,,
12e5c9e23219015b4d4c,GEN 13:10,15,"Y alzó Lot sus ojos, y vio toda la llanura del Jordán, que toda ella era de riego, antes que destruyese Jehová a Sodoma y a Gomorra, como el huerto de Jehová, como la tierra de Egipto entrando en Zoar.",H853,HTo,<obj.>,,,,
dde33966f61e98778098,GEN 13:10,17,"Y alzó Lot sus ojos, y vio toda la llanura del Jordán, que toda ella era de riego, antes que destruyese Jehová a Sodoma y a Gomorra, como el huerto de Jehová, como la tierra de Egipto entrando en Zoar.",H853,HC/To,and/ <obj.>,,,,
7cad2499628bb329ca18,GEN 13:10,24,"Y alzó Lot sus ojos, y vio toda la llanura del Jordán, que toda ella era de riego, antes que destruyese Jehová a Sodoma y a Gomorra, como el huerto de Jehová, como la tierra de Egipto entrando en Zoar.",H6820,HNpl,Zoar,,,,
237642b65635fc7fab18,GEN 13:11,2,"Entonces Lot escogió para sí toda la llanura del Jordán: y partióse Lot de Oriente, y apartáronse el uno del otro.",H853,HTo,<obj.>,,,,
572f742898faab7d00e6,GEN 13:11,9,"Entonces Lot escogió para sí toda la llanura del Jordán: y partióse Lot de Oriente, y apartáronse el uno del otro.",H6504,Hc/VNw3mp,and/ they separated,,,,
0ac81bb05b82c9c82ad4,GEN 13:12,1,"Abram asentó en la tierra de Canaán, y Lot asentó en las ciudades de la llanura, y fue poniendo sus tiendas hasta Sodoma.",H3427,HVqp3ms,he dwelt,,,,
e0f710721c0c3251fbda,GEN 13:12,5,"Abram asentó en la tierra de Canaán, y Lot asentó en las ciudades de la llanura, y fue poniendo sus tiendas hasta Sodoma.",H3427,HVqp3ms,he dwelt,,,,
35c0af3988e283f83d76,GEN 13:14,2,"Y Jehová dijo a Abram, después que Lot se apartó de él: Alza ahora tus ojos, y mira desde el lugar donde estás hacia el Aquilón, y al Mediodía, y al Oriente y al Occidente;",H413,HR,to,,,,
522b323363ca26eac996,GEN 13:14,16,"Y Jehová dijo a Abram, después que Lot se apartó de él: Alza ahora tus ojos, y mira desde el lugar donde estás hacia el Aquilón, y al Mediodía, y al Oriente y al Occidente;",H8033,HD,[are] there,,,,
735df45d8985fb184827,GEN 13:15,1,"Porque toda la tierra que ves, la daré a ti y a tu simiente para siempre.",H853,HTo,<obj.>,,,,
460c1e24b549e57a8b1a,GEN 13:16,1,"Y haré tu simiente como el polvo de la tierra: que si alguno podrá contar el polvo de la tierra, también tu simiente será contada.",H853,HTo,<obj.>,,,,
4af047f8acbc04c4c2b2,GEN 13:16,7,"Y haré tu simiente como el polvo de la tierra: que si alguno podrá contar el polvo de la tierra, también tu simiente será contada.",H3201,HVqi3ms,he will be able,,,,
93b300ffb209100cac2f,GEN 13:16,10,"Y haré tu simiente como el polvo de la tierra: que si alguno podrá contar el polvo de la tierra, también tu simiente será contada.",H853,HTo,<obj.>,,,,
51250fb55794db87a51f,GEN 14:2,19,"Que éstos hicieron guerra contra Bera, rey de Sodoma, y contra Birsha, rey de Gomorra, y contra Shinab, rey de Adma, y contra Shemeber, rey de Zeboim, y contra el rey de Bela, la cual es Zoar.",H6820,HNpl,[is] Zoar,,,,
4a5a85e7dc8a387b7344,GEN 14:3,1,"Todos estos se juntaron en el valle de Siddim, que es el mar salado.",H428,HTm,these,,,,
23f0ab41813ee6a6cf6f,GEN 14:3,6,"Todos estos se juntaron en el valle de Siddim, que es el mar salado.",H1931,HPp3ms,that,,,,
cff59bdc98a527eef2d0,GEN 14:4,4,"Doce años habían servido a Chêdorlaomer, y al décimotercio año se rebelaron.",H853,HTo,<obj.>,,,,
3493a14f6348c83209b9,GEN 14:4,8,"Doce años habían servido a Chêdorlaomer, y al décimotercio año se rebelaron.",H8141,HNcfsa,year,,,,
24eb3fc029fa194abad3,GEN 14:5,9,"Y en el año décimocuarto vino Chêdorlaomer, y los reyes que estaban de su parte, y derrotaron a los Raphaitas en Ashteroth-carnaim, a los Zuzitas en Ham, y a los Emitas en Shave-Kiriataim.",H853,HTo,<obj.>,,,,
5a130301be0f62610b41,GEN 14:5,12,"Y en el año décimocuarto vino Chêdorlaomer, y los reyes que estaban de su parte, y derrotaron a los Raphaitas en Ashteroth-carnaim, a los Zuzitas en Ham, y a los Emitas en Shave-Kiriataim.",H6255,HNpl,Karnaim,,,,
7d19d7d8cb20a7348140,GEN 14:5,13,"Y en el año décimocuarto vino Chêdorlaomer, y los reyes que estaban de su parte, y derrotaron a los Raphaitas en Ashteroth-carnaim, a los Zuzitas en Ham, y a los Emitas en Shave-Kiriataim.",H853,HC/To,and/ <obj.>,,,,
8d2d221e60ef36e6376f,GEN 14:5,16,"Y en el año décimocuarto vino Chêdorlaomer, y los reyes que estaban de su parte, y derrotaron a los Raphaitas en Ashteroth-carnaim, a los Zuzitas en Ham, y a los Emitas en Shave-Kiriataim.",H853,HC/To,and/ <obj.>,,,,
2e7e3705ec5393a35932,GEN 14:5,18,"Y en el año décimocuarto vino Chêdorlaomer, y los reyes que estaban de su parte, y derrotaron a los Raphaitas en Ashteroth-carnaim, a los Zuzitas en Ham, y a los Emitas en Shave-Kiriataim.",H7740,HR/Npl,in/ Shaveh,,,,
d07be16cfa5271661379,GEN 14:5,19,"Y en el año décimocuarto vino Chêdorlaomer, y los reyes que estaban de su parte, y derrotaron a los Raphaitas en Ashteroth-carnaim, a los Zuzitas en Ham, y a los Emitas en Shave-Kiriataim.",H7156,HNpl,Kiriathaim,,,,
077c1b412b1451b1ef7b,GEN 14:6,0,"Y a los Horeos en el monte de Seir, hasta la llanura de Parán, que está junto al desierto.",H853,HC/To,and/ <obj.>,,,,
0e0ab6402d6ebf9bbc91,GEN 14:6,6,"Y a los Horeos en el monte de Seir, hasta la llanura de Parán, que está junto al desierto.",H364,HNpl,Paran,,,,
1c5cc1c33caddf9609e2,GEN 14:7,2,"Y volvieron, y vinieron a Emmisphat, que es Cades, y devastaron todas las haciendas de los Amalecitas, y también al Amorrheo, que habitaba en Hazezón-tamar.",H413,HR,to,,,,
335f79feb096877b24a6,GEN 14:7,4,"Y volvieron, y vinieron a Emmisphat, que es Cades, y devastaron todas las haciendas de los Amalecitas, y también al Amorrheo, que habitaba en Hazezón-tamar.",H5880,HNpl,Mishpat,,,,
8c9c101dcfa52820170d,GEN 14:7,8,"Y volvieron, y vinieron a Emmisphat, que es Cades, y devastaron todas las haciendas de los Amalecitas, y también al Amorrheo, que habitaba en Hazezón-tamar.",H853,HTo,<obj.>,,,,
757fc9de2d564064f543,GEN 14:7,9,"Y volvieron, y vinieron a Emmisphat, que es Cades, y devastaron todas las haciendas de los Amalecitas, y también al Amorrheo, que habitaba en Hazezón-tamar.",H3605,HNcmsc,all,,,,
bc1ae9bc56c135e52d2b,GEN 14:7,10,"Y volvieron, y vinieron a Emmisphat, que es Cades, y devastaron todas las haciendas de los Amalecitas, y también al Amorrheo, que habitaba en Hazezón-tamar.",H7704,HNcmsc,[the] region of,,,,
9e4b9fdbad59e2ad9a0b,GEN 14:7,13,"Y volvieron, y vinieron a Emmisphat, que es Cades, y devastaron todas las haciendas de los Amalecitas, y también al Amorrheo, que habitaba en Hazezón-tamar.",H853,HTo,<obj.>,,,,
b4737e006dc4160752f9,GEN 14:7,17,"Y volvieron, y vinieron a Emmisphat, que es Cades, y devastaron todas las haciendas de los Amalecitas, y también al Amorrheo, que habitaba en Hazezón-tamar.",H2688,HNpl,Tamar,,,,
9e2c616d6b7892a16694,GEN 14:8,12,"Y salió el rey de Sodoma, y el rey de Gomorra, y el rey de Adma, y el rey de Zeboim, y el rey de Bela, que es Zoar, y ordenaron contra ellos batalla en el valle de Siddim;",H6820,HNpl,[is] Zoar,,,,
98be7c32819cc166ae28,GEN 14:9,15,"Es a saber, contra Chêdorlaomer, rey de Elam, y Tidal, rey de naciones, y Amraphel, rey de Shinar, y Arioch, rey de Elasar; cuatro reyes contra cinco.",H854,HR,with,,,,
7f7323a98d4471aa883a,GEN 14:10,3,"Y el valle de Siddim estaba lleno de pozos de betún: y huyeron el rey de Sodoma y el de Gomorra, y cayeron allí; y los demás huyeron al monte.",H875,HNcfpc,pits of,,,,
9c57396c92d82e055abb,GEN 14:10,5,"Y el valle de Siddim estaba lleno de pozos de betún: y huyeron el rey de Sodoma y el de Gomorra, y cayeron allí; y los demás huyeron al monte.",H5127,Hc/Vqw3mp,and/ they fled,,,,
eccbabb1ac7ac6dc4bcf,GEN 14:10,13,"Y el valle de Siddim estaba lleno de pozos de betún: y huyeron el rey de Sodoma y el de Gomorra, y cayeron allí; y los demás huyeron al monte.",H5127,HVqp3cp,they fled,,,,
5e8b86cc515744615465,GEN 14:11,1,"Y tomaron toda la riqueza de Sodoma y de Gomorra, y todas sus vituallas, y se fueron.",H853,HTo,<obj.>,,,,
8bb1bef3cb52e2b6002d,GEN 14:11,6,"Y tomaron toda la riqueza de Sodoma y de Gomorra, y todas sus vituallas, y se fueron.",H853,HC/To,and/ <obj.>,,,,
bdd77d4dfb532c7ecc01,GEN 14:11,9,"Y tomaron toda la riqueza de Sodoma y de Gomorra, y todas sus vituallas, y se fueron.",H1980,Hc/Vqw3mp,and/ they went,,,,
e75c49995a5bd0d7ab61,GEN 14:12,1,"Tomaron también a Lot, hijo del hermano de Abram, que moraba en Sodoma, y su hacienda, y se fueron.",H853,HTo,<obj.>,,,,
7d95ba7f915f2119838a,GEN 14:12,3,"Tomaron también a Lot, hijo del hermano de Abram, que moraba en Sodoma, y su hacienda, y se fueron.",H853,HC/To,and/ <obj.>,,,,
792dd06a5f54720aa0fb,GEN 14:12,8,"Tomaron también a Lot, hijo del hermano de Abram, que moraba en Sodoma, y su hacienda, y se fueron.",H1980,Hc/Vqw3mp,and/ they went,,,,
1882ce4b12ffa481560e,GEN 14:13,5,"Y vino uno de los que escaparon, y denunciólo a Abram el Hebreo, que habitaba en el valle de Mamre Amorrheo, hermano de Eschôl y hermano de Aner, los cuales estaban confederados con Abram.",H1931,HC/Pp3ms,and/ he,,,,
361901c79c3663b94a60,GEN 14:13,14,"Y vino uno de los que escaparon, y denunciólo a Abram el Hebreo, que habitaba en el valle de Mamre Amorrheo, hermano de Eschôl y hermano de Aner, los cuales estaban confederados con Abram.",H1992,HC/Pp3mp,and/ they,,,,
99666af3b8862550401d,GEN 14:14,5,"Y oyó Abram que su hermano estaba prisionero, y armó sus criados, los criados de su casa, trescientos dieciocho, y siguiólos hasta Dan.",H7324,Hc/Vhw3ms,and/ he drew out,,,,
80bac71a554acad6463d,GEN 14:14,6,"Y oyó Abram que su hermano estaba prisionero, y armó sus criados, los criados de su casa, trescientos dieciocho, y siguiólos hasta Dan.",H853,HTo,<obj.>,,,,
abe3917b04d8276f396c,GEN 14:14,8,"Y oyó Abram que su hermano estaba prisionero, y armó sus criados, los criados de su casa, trescientos dieciocho, y siguiólos hasta Dan.",H3211,HNcmpc,those born of,,,,
3d37582e82623c7d1a4f,GEN 14:16,1,"Y recobró todos los bienes, y también a Lot su hermano y su hacienda, y también las mujeres y gente.",H853,HTo,<obj.>,,,,
c157682eab5e43d67cc9,GEN 14:16,5,"Y recobró todos los bienes, y también a Lot su hermano y su hacienda, y también las mujeres y gente.",H853,HTo,<obj.>,,,,
9a9333797688b73ffa8b,GEN 14:16,9,"Y recobró todos los bienes, y también a Lot su hermano y su hacienda, y también las mujeres y gente.",H7725,HVhp3ms,he brought back,,,,
a452ed7b599e6f2e35be,GEN 14:16,11,"Y recobró todos los bienes, y también a Lot su hermano y su hacienda, y también las mujeres y gente.",H853,HTo,<obj.>,,,,
54a28aee0bc1ad4f0ae0,GEN 14:16,13,"Y recobró todos los bienes, y también a Lot su hermano y su hacienda, y también las mujeres y gente.",H853,HC/To,and/ <obj.>,,,,
33f24a386c5e385042a8,GEN 14:17,3,"Y salió el rey de Sodoma a recibirlo, cuando volvía de la derrota de Chêdorlaomer y de los reyes que con él estaban, al valle de Shave, que es el valle del Rey.",H7122,HR/Vqcc/Sp3ms,to/ meet/ him,,,,
ef0f1fe10144ca9d8fac,GEN 14:17,9,"Y salió el rey de Sodoma a recibirlo, cuando volvía de la derrota de Chêdorlaomer y de los reyes que con él estaban, al valle de Shave, que es el valle del Rey.",H853,HC/To,and/ <obj.>,,,,
790e8ddd11487c0d3452,GEN 14:17,12,"Y salió el rey de Sodoma a recibirlo, cuando volvía de la derrota de Chêdorlaomer y de los reyes que con él estaban, al valle de Shave, que es el valle del Rey.",H854,HRd/Sp3ms,[were] with/ him,,,,
b53241584e02af6b97fd,GEN 14:18,1,"Entonces Melchîsedec, rey de Salem, sacó pan y vino; el cual era sacerdote del Dios alto;",H4442,HNpm,-zedek,,,,
f5a7590435a766726bfe,GEN 14:18,7,"Entonces Melchîsedec, rey de Salem, sacó pan y vino; el cual era sacerdote del Dios alto;",H1931,HC/Pp3ms,and/ he,,,,
8b578ba2638728eba2df,GEN 14:19,1,"Y bendíjole, y dijo: Bendito sea Abram del Dios alto, poseedor de los cielos y de la tierra;",H559,Hc/Vqw3ms,and/ he said,,,,
f2bc0d1211dc78f0623c,GEN 14:21,3,"Entonces el rey de Sodoma dijo a Abram: Dame las personas, y toma para ti la hacienda.",H413,HR,to,,,,
6b55ff6ee084e1b9d785,GEN 14:23,5,"Que desde un hilo hasta la correa de un calzado, nada tomaré de todo lo que es tuyo, porque no digas: Yo enriquecí a Abram:",H518,HC/Tc,and/ if,,,,
2e526854a113f6ab3703,GEN 14:23,13,"Que desde un hilo hasta la correa de un calzado, nada tomaré de todo lo que es tuyo, porque no digas: Yo enriquecí a Abram:",H853,HTo,<obj.>,,,,
1104869c5d822c1b91f4,GEN 14:24,0,"Sacando solamente lo que comieron los mancebos, y la porción de los varones que fueron conmigo, Aner, Eschôl, y Mamre; los cuales tomarán su parte.",H1107,HAcbsc/Sp1bs,apart from/ me,,,,
0fc6e75c2c63dfafeb8e,GEN 14:24,5,"Sacando solamente lo que comieron los mancebos, y la porción de los varones que fueron conmigo, Aner, Eschôl, y Mamre; los cuales tomarán su parte.",H2506,HC/Ncmsc,and/ [the] share of,,,,
56227bfaf7ffa78ab58f,GEN 14:24,15,"Sacando solamente lo que comieron los mancebos, y la porción de los varones que fueron conmigo, Aner, Eschôl, y Mamre; los cuales tomarán su parte.",H2506,HNcmsc/Sp3mp,share/ their,,,,
638abe584d9ac4a13097,GEN 15:1,6,"Después de estas cosas fue la palabra de Jehová a Abram en visión, diciendo: No temas, Abram; yo soy tu escudo, y tu galardón sobremanera grande.",H413,HR,to,,,,
d485184034780664680e,GEN 15:2,6,"Y respondió Abram: Señor Jehová ¿qué me has de dar, siendo así que ando sin hijo, y el mayordomo de mi casa es ese Damasceno Eliezer?",H595,HC/Pp1bs,and/ I,,,,
1ac9db69782066e97170,GEN 15:2,12,"Y respondió Abram: Señor Jehová ¿qué me has de dar, siendo así que ando sin hijo, y el mayordomo de mi casa es ese Damasceno Eliezer?",H1931,HPp3ms,he,,,,
33bb50e9e0ebd0c6871d,GEN 15:3,2,"Dijo más Abram: Mira que no me has dado prole, y he aquí que es mi heredero uno nacido en mi casa.",H2005,HTj,here!,,,,
8320916a519741119362,GEN 15:3,10,"Dijo más Abram: Mira que no me has dado prole, y he aquí que es mi heredero uno nacido en mi casa.",H853,HTo/Sp1bs,<obj.>/ me,,,,
ad99c3221690cf59377f,GEN 15:4,0,"Y luego la palabra de Jehová fue a él diciendo: No te heredará éste, sino el que saldrá de tus entrañas será el que te herede.",H2009,HC/Tj,and/ there!,,,,
bfae141d7f24830fecc2,GEN 15:4,3,"Y luego la palabra de Jehová fue a él diciendo: No te heredará éste, sino el que saldrá de tus entrañas será el que te herede.",H413,HRd/Sp3ms,[was] to/ him,,,,
71df2046a6ea72a8caf2,GEN 15:4,8,"Y luego la palabra de Jehová fue a él diciendo: No te heredará éste, sino el que saldrá de tus entrañas será el que te herede.",H3588,HTc,that,,,,
0d3bdf75d62f0721f4ff,GEN 15:4,9,"Y luego la palabra de Jehová fue a él diciendo: No te heredará éste, sino el que saldrá de tus entrañas será el que te herede.",H518,HTc,except,,,,
b7911d3468e75bc57f86,GEN 15:4,11,"Y luego la palabra de Jehová fue a él diciendo: No te heredará éste, sino el que saldrá de tus entrañas será el que te herede.",H3318,HVqi3ms,he will come out,,,,
1e5db68efd1ef33c2169,GEN 15:5,1,"Y sacóle fuera, y dijo: Mira ahora a los cielos, y cuenta las estrellas, si las puedes contar. Y le dijo: Así será tu simiente.",H853,HTo/Sp3ms,<obj.>/ him,,,,
8bf17191c7283695da20,GEN 15:5,12,"Y sacóle fuera, y dijo: Mira ahora a los cielos, y cuenta las estrellas, si las puedes contar. Y le dijo: Así será tu simiente.",H853,HTo/Sp3mp,<obj.>/ them,,,,
5685dd5c2f33692c3faf,GEN 15:7,1,"Y díjole: Yo soy Jehová, que te saqué de Ur de los Caldeos, para darte a heredar esta tierra.",H413,HRd/Sp3ms,to/ him,,,,
d3ea23de702d5c56def1,GEN 15:7,9,"Y díjole: Yo soy Jehová, que te saqué de Ur de los Caldeos, para darte a heredar esta tierra.",H853,HTo,<obj.>,,,,
f563a90850f00a1422c4,GEN 15:9,2,"Y le dijo: Apártame una becerra de tres años, y una cabra de tres años, y un carnero de tres años, una tórtola también, y un palomino.",H3947,HVqv2ms/Sh,bring/ !,,,,
a10c6789449a781c7177,GEN 15:10,1,"Y tomó él todas estas cosas, y partiólas por la mitad, y puso cada mitad una enfrente de otra; pero no partió las aves.",H853,HTo,<obj.>,,,,
f17be3d3d7f387492d27,GEN 15:10,2,"Y tomó él todas estas cosas, y partiólas por la mitad, y puso cada mitad una enfrente de otra; pero no partió las aves.",H3605,HNcmsa,all,,,,
dc270bb409c1ff58e966,GEN 15:10,3,"Y tomó él todas estas cosas, y partiólas por la mitad, y puso cada mitad una enfrente de otra; pero no partió las aves.",H428,HTm,these,,,,
0e2b596a3d700bd2f1ce,GEN 15:10,5,"Y tomó él todas estas cosas, y partiólas por la mitad, y puso cada mitad una enfrente de otra; pero no partió las aves.",H853,HTo/Sp3mp,<obj.>/ them,,,,
ff740c96e3235e367334,GEN 15:10,10,"Y tomó él todas estas cosas, y partiólas por la mitad, y puso cada mitad una enfrente de otra; pero no partió las aves.",H7122,HR/Vqcc,to/ meet,,,,
06712ba1bda763dbfc46,GEN 15:10,12,"Y tomó él todas estas cosas, y partiólas por la mitad, y puso cada mitad una enfrente de otra; pero no partió las aves.",H853,HC/To,and/ <obj.>,,,,
ee783abaeef1c851abab,GEN 15:10,15,"Y tomó él todas estas cosas, y partiólas por la mitad, y puso cada mitad una enfrente de otra; pero no partió las aves.",H1334,HVqp3ms,he cut in two,,,,
735b5469f167200a0b18,GEN 15:11,5,"Y descendían aves sobre los cuerpos muertos, y ojeábalas Abram.",H853,HTo/Sp3mp,<obj.>/ them,,,,
20baebb5ba5c07e5f42a,GEN 15:12,0,"Pero a la caída del sol sobrecogió el sueño a Abram, y he aquí que el pavor de una grande obscuridad cayó sobre él.",H1961,Hc/Vqw3ms,and/ it was,,,,
938847403a34d6c71ba8,GEN 15:12,12,"Pero a la caída del sol sobrecogió el sueño a Abram, y he aquí que el pavor de una grande obscuridad cayó sobre él.",H5921,HRd/Sp3ms,on/ him,,,,
8ada325415b5027f2040,GEN 15:13,5,"Entonces dijo a Abram: Ten por cierto que tu simiente será peregrina en tierra no suya, y servirá a los de allí, y serán por ellos afligidos cuatrocientos años.",H1616,HNcmsa,a sojourner,,,,
73b485c1258962b2b95f,GEN 15:13,6,"Entonces dijo a Abram: Ten por cierto que tu simiente será peregrina en tierra no suya, y servirá a los de allí, y serán por ellos afligidos cuatrocientos años.",H1961,HVqi3ms,it will be,,,,
a237a50ea96c9b1e9984,GEN 15:13,9,"Entonces dijo a Abram: Ten por cierto que tu simiente será peregrina en tierra no suya, y servirá a los de allí, y serán por ellos afligidos cuatrocientos años.",H3808,HTn,[which] not,,,,
b1902f9a505f52aae431,GEN 15:13,10,"Entonces dijo a Abram: Ten por cierto que tu simiente será peregrina en tierra no suya, y servirá a los de allí, y serán por ellos afligidos cuatrocientos años.",H5647,Hc/Vqq3cp/Sp3mp,and/ they will serve/ them,,,,
7375448aa4fcb431b701,GEN 15:13,11,"Entonces dijo a Abram: Ten por cierto que tu simiente será peregrina en tierra no suya, y servirá a los de allí, y serán por ellos afligidos cuatrocientos años.",H6031,Hc/Vpq3cp,and/ they will afflict,,,,
bc212ce273fb4fa92d8c,GEN 15:13,12,"Entonces dijo a Abram: Ten por cierto que tu simiente será peregrina en tierra no suya, y servirá a los de allí, y serán por ellos afligidos cuatrocientos años.",H853,HTo/Sp3mp,<obj.>/ them,,,,
5d3923a92b3d655e32e8,GEN 15:14,1,"Pero también a la gente a quien servirán, juzgaré yo; y después de esto saldrán con grande riqueza.",H853,HTo,<obj.>,,,,
359e681c185efcf05d7f,GEN 15:14,3,"Pero también a la gente a quien servirán, juzgaré yo; y después de esto saldrán con grande riqueza.",H834,HTr,which,,,,
01f510da9a075cd7df4d,GEN 15:15,2,"Y tú vendrás a tus padres en paz, y serás sepultado en buena vejez.",H413,HR,to,,,,
9e20fcb74af94467540d,GEN 15:16,6,Y en la cuarta generación volverán acá: porque aun no está cumplida la maldad del Amorrheo hasta aquí.,H8003,HAamsa,[is] complete,,,,
353b3f6bbd10bcd3651e,GEN 15:17,4,"Y sucedió que puesto el sol, y ya obscurecido, dejóse ver un horno humeando, y una antorcha de fuego que pasó por entre los animales divididos.",H1961,HVqp3ms,it was,,,,
9e470e202ca58aa6b129,GEN 15:17,5,"Y sucedió que puesto el sol, y ya obscurecido, dejóse ver un horno humeando, y una antorcha de fuego que pasó por entre los animales divididos.",H2009,HC/Tj,and/ there!,,,,
bd1c6a94564622f865b2,GEN 15:17,11,"Y sucedió que puesto el sol, y ya obscurecido, dejóse ver un horno humeando, y una antorcha de fuego que pasó por entre los animales divididos.",H5674,HVqp3ms,it passed,,,,
e96115228fe2b0f2bc66,GEN 15:17,14,"Y sucedió que puesto el sol, y ya obscurecido, dejóse ver un horno humeando, y una antorcha de fuego que pasó por entre los animales divididos.",H428,HTd/Tm,<the>/ these,,,,
cd40433ceed85a1622b8,GEN 15:18,1,"En aquel día hizo Jehová un pacto con Abram diciendo: A tu simiente daré esta tierra desde el río de Egipto hasta el río grande, el río Eufrates;",H1931,HTd/Pp3ms,<the>/ that,,,,
d5d516950388f6a3ff52,GEN 15:18,4,"En aquel día hizo Jehová un pacto con Abram diciendo: A tu simiente daré esta tierra desde el río de Egipto hasta el río grande, el río Eufrates;",H854,HR,with,,,,
0d55a7690a8532409ecc,GEN 15:19,0,"Los Cineos, y los Ceneceos, y los Cedmoneos,",H853,HTo,<obj.>,,,,
fa6b6d04a833ef72f2f5,GEN 15:19,2,"Los Cineos, y los Ceneceos, y los Cedmoneos,",H853,HC/To,and/ <obj.>,,,,
9e9808d28f425da86984,GEN 15:19,4,"Los Cineos, y los Ceneceos, y los Cedmoneos,",H853,HC/To,and/ <obj.>,,,,
0f7141176a5c7fbc30aa,GEN 15:19,5,"Los Cineos, y los Ceneceos, y los Cedmoneos,",H6935,HTd/Ngmsa,the/ Kadmonite[s],,,,
f12cf9fbb13cda6c26b2,GEN 15:20,0,"Y los Hetheos, y los Pherezeos, y los Raphaitas,",H853,HC/To,and/ <obj.>,,,,
f53293cecbe7d7d27b2c,GEN 15:20,2,"Y los Hetheos, y los Pherezeos, y los Raphaitas,",H853,HC/To,and/ <obj.>,,,,
c0d0264a078e8ec7dfc0,GEN 15:20,4,"Y los Hetheos, y los Pherezeos, y los Raphaitas,",H853,HC/To,and/ <obj.>,,,,
857155c7133c20eee0d4,GEN 15:21,0,"Y los Amorrheos, y los Cananeos, y los Gergeseos, y los Jebuseos.",H853,HC/To,and/ <obj.>,,,,
0df268775c224d64add2,GEN 15:21,2,"Y los Amorrheos, y los Cananeos, y los Gergeseos, y los Jebuseos.",H853,HC/To,and/ <obj.>,,,,
e2d1aac6882ae91119a8,GEN 15:21,4,"Y los Amorrheos, y los Cananeos, y los Gergeseos, y los Jebuseos.",H853,HC/To,and/ <obj.>,,,,
0885158f9432b19e9905,GEN 15:21,6,"Y los Amorrheos, y los Cananeos, y los Gergeseos, y los Jebuseos.",H853,HC/To,and/ <obj.>,,,,
54ba05b6de284c92d998,GEN 16:2,2,"Dijo, pues, Sarai a Abram: Ya ves que Jehová me ha hecho estéril: ruégote que entres a mi sierva; quizá tendré hijos de ella. Y atendió Abram al dicho de Sarai.",H413,HR,to,,,,
d67a52ab5599b83c5bb0,GEN 16:2,4,"Dijo, pues, Sarai a Abram: Ya ves que Jehová me ha hecho estéril: ruégote que entres a mi sierva; quizá tendré hijos de ella. Y atendió Abram al dicho de Sarai.",H2009,HTj,here!,,,,
fd54a16d23aa861bea71,GEN 16:2,8,"Dijo, pues, Sarai a Abram: Ya ves que Jehová me ha hecho estéril: ruégote que entres a mi sierva; quizá tendré hijos de ella. Y atendió Abram al dicho de Sarai.",H3205,HR/Vqcc,from/ bearing children,,,,
8fa311f1bd14bb2c92b2,GEN 16:2,9,"Dijo, pues, Sarai a Abram: Ya ves que Jehová me ha hecho estéril: ruégote que entres a mi sierva; quizá tendré hijos de ella. Y atendió Abram al dicho de Sarai.",H935,HVqv2ms,go,,,,
fc644263c9020bb6ed69,GEN 16:2,10,"Dijo, pues, Sarai a Abram: Ya ves que Jehová me ha hecho estéril: ruégote que entres a mi sierva; quizá tendré hijos de ella. Y atendió Abram al dicho de Sarai.",H4994,HTj,please,,,,
60d3adf56aff6b047f5a,GEN 16:2,11,"Dijo, pues, Sarai a Abram: Ya ves que Jehová me ha hecho estéril: ruégote que entres a mi sierva; quizá tendré hijos de ella. Y atendió Abram al dicho de Sarai.",H413,HR,into,,,,
931da0df36f62807c2d3,GEN 16:2,16,"Dijo, pues, Sarai a Abram: Ya ves que Jehová me ha hecho estéril: ruégote que entres a mi sierva; quizá tendré hijos de ella. Y atendió Abram al dicho de Sarai.",H8085,Hc/Vqw3ms,and/ he listened,,,,
b2fa2cf208219fe7e12b,GEN 16:3,4,"Y Sarai, mujer de Abram, tomó a Agar su sierva egipcia, al cabo de diez años que había habitado Abram en la tierra de Canaán, y dióla a Abram su marido por mujer.",H853,HTo,<obj.>,,,,
99c8a8586bf542ad3f05,GEN 16:3,16,"Y Sarai, mujer de Abram, tomó a Agar su sierva egipcia, al cabo de diez años que había habitado Abram en la tierra de Canaán, y dióla a Abram su marido por mujer.",H853,HTo/Sp3fs,<obj.>/ her,,,,
37db7cabc60d92e083de,GEN 16:4,0,"Y él cohabitó con Agar, la cual concibió: y cuando vio que había concebido, miraba con desprecio a su señora.",H935,Hc/Vqw3ms,and/ he went,,,,
ba38a8cc4d298d520a0b,GEN 16:4,1,"Y él cohabitó con Agar, la cual concibió: y cuando vio que había concebido, miraba con desprecio a su señora.",H413,HR,into,,,,
47e1e35256add3a0b231,GEN 16:5,2,"Entonces Sarai dijo a Abram: Mi afrenta sea sobre ti: yo puse mi sierva en tu seno, y viéndose embarazada, me mira con desprecio; juzgue Jehová entre mí y ti.",H413,HR,to,,,,
b7225732ce916e20e864,GEN 16:5,11,"Entonces Sarai dijo a Abram: Mi afrenta sea sobre ti: yo puse mi sierva en tu seno, y viéndose embarazada, me mira con desprecio; juzgue Jehová entre mí y ti.",H3588,HTc,that,,,,
c9689d4ae100a100a7a2,GEN 16:5,18,"Entonces Sarai dijo a Abram: Mi afrenta sea sobre ti: yo puse mi sierva en tu seno, y viéndose embarazada, me mira con desprecio; juzgue Jehová entre mí y ti.",H996,HC/Acmpc/Sp2ms,and/ between/ you,,,,
f7e441f13ba8da808c58,GEN 16:6,2,"Y respondió Abram a Sarai: He ahí tu sierva en tu mano, haz con ella lo que bien te parezca. Y como Sarai la afligiese, huyóse de su presencia.",H413,HR,to,,,,
b3f72518f248cf918520,GEN 16:6,4,"Y respondió Abram a Sarai: He ahí tu sierva en tu mano, haz con ella lo que bien te parezca. Y como Sarai la afligiese, huyóse de su presencia.",H2009,HTj,there!,,,,
c961b705920e217e6046,GEN 16:6,9,"Y respondió Abram a Sarai: He ahí tu sierva en tu mano, haz con ella lo que bien te parezca. Y como Sarai la afligiese, huyóse de su presencia.",H5869,HR/Ncfdc/Sp2fs,in/ view/ your,,,,
0977d1af0e80902c869e,GEN 16:6,12,"Y respondió Abram a Sarai: He ahí tu sierva en tu mano, haz con ella lo que bien te parezca. Y como Sarai la afligiese, huyóse de su presencia.",H1272,Hc/Vqw3fs,and/ she fled,,,,
4e2d35fefc4d2ca8050c,GEN 16:8,4,"Y le dijo: Agar, sierva de Sarai, ¿de dónde vienes tú, y a dónde vas? Y ella respondió: Huyo de delante de Sarai, mi señora.",H335,HTi,where?,,,,
7e780046ffdadd762065,GEN 16:8,8,"Y le dijo: Agar, sierva de Sarai, ¿de dónde vienes tú, y a dónde vas? Y ella respondió: Huyo de delante de Sarai, mi señora.",H1980,HVqi2fs,are you going,,,,
f1902b7608d49a539504,GEN 16:8,13,"Y le dijo: Agar, sierva de Sarai, ¿de dónde vienes tú, y a dónde vas? Y ella respondió: Huyo de delante de Sarai, mi señora.",H595,HPp1bs,I,,,,
f8940d46db12ba0a727a,GEN 16:9,4,"Y díjole el ángel de Jehová: Vuélvete a tu señora, y ponte sumisa bajo de su mano.",H413,HR,to,,,,
516c9aab12b0b54087b4,GEN 16:11,13,"Díjole aún el ángel de Jehová: He aquí que has concebido, y parirás un hijo, y llamarás su nombre Ismael, porque oído ha Jehová tu aflicción.",H413,HR,to,,,,
b1ead4d272a6c5e3ba2d,GEN 16:12,8,"Y él será hombre fiero; su mano contra todos, y las manos de todos contra él, y delante de todos sus hermanos habitará.",H5921,HC/R,and/ on,,,,
de196e53ef5497bc3307,GEN 16:13,4,Entonces llamó el nombre de Jehová que con ella hablaba: Tú eres el Dios de la vista; porque dijo: ¿No he visto también aquí al que me ve?,H413,HRd/Sp3fs,to/ her,,,,
8a523d31162e303b2d57,GEN 16:13,13,Entonces llamó el nombre de Jehová que con ella hablaba: Tú eres el Dios de la vista; porque dijo: ¿No he visto también aquí al que me ve?,H310,HAcmpc,[the] back<s> of,,,,
4f12ca40ba5f22cd272e,GEN 16:13,14,Entonces llamó el nombre de Jehová que con ella hablaba: Tú eres el Dios de la vista; porque dijo: ¿No he visto también aquí al que me ve?,H7200,HVqrmsc/Sp1bs,[the] [one who] sees/ me,,,,
517f1120315d3d7086dd,GEN 16:14,1,"Por lo cual llamó al pozo, Pozo del Viviente que me ve. He aquí está entre Cades y Bered.",H3651,HD,-fore,,,,
e80194f6f34c3401de06,GEN 16:14,5,"Por lo cual llamó al pozo, Pozo del Viviente que me ve. He aquí está entre Cades y Bered.",H883,HNpl,Lahai,,,,
7979cb39b56ece5862b3,GEN 16:14,6,"Por lo cual llamó al pozo, Pozo del Viviente que me ve. He aquí está entre Cades y Bered.",H883,HNpl,Roi,,,,
3477427771ca8949126d,GEN 16:14,10,"Por lo cual llamó al pozo, Pozo del Viviente que me ve. He aquí está entre Cades y Bered.",H996,HC/Acmsc,and/ between,,,,
a47ca76cdee61469b27a,GEN 16:16,5,"Y era Abram de edad de ochenta y seis años, cuando parió Agar a Ismael.",H8141,HNcmpa,years,,,,
f1df8c0bb7177e5c2279,GEN 16:16,8,"Y era Abram de edad de ochenta y seis años, cuando parió Agar a Ismael.",H853,HTo,<obj.>,,,,
9eba69f2bfe23394eb32,GEN 16:16,10,"Y era Abram de edad de ochenta y seis años, cuando parió Agar a Ismael.",H87,HR/Npm,to/ Abram,,,,
8226297ee3a5dac9ae32,GEN 17:1,6,"Y siendo Abram de edad de noventa y nueve años, aparecióle Jehová, y le dijo: Yo soy el Dios Todopoderoso; anda delante de mí, y sé perfecto.",H8141,HNcmpa,years,,,,
3aa079b9c91d141c25aa,GEN 17:1,9,"Y siendo Abram de edad de noventa y nueve años, aparecióle Jehová, y le dijo: Yo soy el Dios Todopoderoso; anda delante de mí, y sé perfecto.",H413,HR,to,,,,
7f846e3f96105cc27488,GEN 17:1,10,"Y siendo Abram de edad de noventa y nueve años, aparecióle Jehová, y le dijo: Yo soy el Dios Todopoderoso; anda delante de mí, y sé perfecto.",H87,HNpm,Abram,,,,
9fd2c78d2b859be9a615,GEN 17:1,12,"Y siendo Abram de edad de noventa y nueve años, aparecióle Jehová, y le dijo: Yo soy el Dios Todopoderoso; anda delante de mí, y sé perfecto.",H413,HRd/Sp3ms,to/ him,,,,
4fbc3a4b9fec1b0626b5,GEN 17:2,3,"Y pondré mi pacto entre mí y ti, y multiplicarte he mucho en gran manera.",H996,HC/Acmsc/Sp2ms,and/ between/ you,,,,
7be38c74828300b7be94,GEN 17:2,5,"Y pondré mi pacto entre mí y ti, y multiplicarte he mucho en gran manera.",H853,HTo/Sp2ms,<obj.>/ you,,,,
5be4171d014481b0d4fd,GEN 17:2,7,"Y pondré mi pacto entre mí y ti, y multiplicarte he mucho en gran manera.",H3966,HAcmsa,muchness,,,,
0f7b8eb0c68937662078,GEN 17:5,3,"Y no se llamará más tu nombre Abram, sino que será tu nombre Abraham, porque te he puesto por padre de muchedumbre de gentes.",H853,HTo,<obj.>,,,,
d339739d321c8c013b30,GEN 17:6,1,"Y multiplicarte he mucho en gran manera, y te pondré en gentes, y reyes saldrán de ti.",H853,HTo/Sp2ms,<obj.>/ you,,,,
8efaf4d513e3bd2fec29,GEN 17:6,3,"Y multiplicarte he mucho en gran manera, y te pondré en gentes, y reyes saldrán de ti.",H3966,HAcmsa,muchness,,,,
75a940591b2921cc8fe0,GEN 17:6,7,"Y multiplicarte he mucho en gran manera, y te pondré en gentes, y reyes saldrán de ti.",H4480,HRd/Sp2ms,from/ you,,,,
2d55879bea1ae7362ebb,GEN 17:7,1,"Y estableceré mi pacto entre mí y ti, y tu simiente después de ti en sus generaciones, por alianza perpetua, para serte a ti por Dios, y a tu simiente después de ti.",H853,HTo,<obj.>,,,,
daa776bf5ec4b967d017,GEN 17:7,4,"Y estableceré mi pacto entre mí y ti, y tu simiente después de ti en sus generaciones, por alianza perpetua, para serte a ti por Dios, y a tu simiente después de ti.",H996,HC/Acmsc/Sp2ms,and/ between/ you,,,,
6472dd129165f785598a,GEN 17:7,5,"Y estableceré mi pacto entre mí y ti, y tu simiente después de ti en sus generaciones, por alianza perpetua, para serte a ti por Dios, y a tu simiente después de ti.",H996,HC/Acmsc,and/ between,,,,
defae78edc6f05af04c2,GEN 17:7,11,"Y estableceré mi pacto entre mí y ti, y tu simiente después de ti en sus generaciones, por alianza perpetua, para serte a ti por Dios, y a tu simiente después de ti.",H1961,HR/Vqcc,to/ become,,,,
b0c1d2bc52a18655c6f8,GEN 17:8,3,"Y te daré a ti, y a tu simiente después de ti, la tierra de tus peregrinaciones, toda la tierra de Canaán en heredad perpetua; y seré el Dios de ellos.",H853,HTo,<obj.>,,,,
bdcc3819acce90c15bc7,GEN 17:8,5,"Y te daré a ti, y a tu simiente después de ti, la tierra de tus peregrinaciones, toda la tierra de Canaán en heredad perpetua; y seré el Dios de ellos.",H4033,HNcmpc/Sp2ms,sojournings/ your,,,,
dd8338b0e7059a800425,GEN 17:8,6,"Y te daré a ti, y a tu simiente después de ti, la tierra de tus peregrinaciones, toda la tierra de Canaán en heredad perpetua; y seré el Dios de ellos.",H853,HTo,<obj.>,,,,
e6c0c41f6bcf24e408dd,GEN 17:9,2,"Dijo de nuevo Dios a Abraham: Tú pero guardarás mi pacto, tú y tu simiente después de ti por sus generaciones.",H413,HR,to,,,,
0d16c8c7f8b6789069c1,GEN 17:9,5,"Dijo de nuevo Dios a Abraham: Tú pero guardarás mi pacto, tú y tu simiente después de ti por sus generaciones.",H853,HTo,<obj.>,,,,
984a2004c16dd67d1290,GEN 17:10,3,"Este será mi pacto, que guardarán entre mí y ustedes y tu simiente después de ti: Será circuncidado todo varón de entre ustedes.",H8104,HVqi2mp,you will keep,,,,
775c430ece976074b686,GEN 17:10,6,"Este será mi pacto, que guardarán entre mí y ustedes y tu simiente después de ti: Será circuncidado todo varón de entre ustedes.",H996,HC/Acmsc,and/ between,,,,
e014a2270a716214d557,GEN 17:10,9,"Este será mi pacto, que guardarán entre mí y ustedes y tu simiente después de ti: Será circuncidado todo varón de entre ustedes.",H4135,HVNcc,they will be circumcised,,,,
d168e3f60bd0f36f108a,GEN 17:11,0,"Circuncidarán, pues, la carne de su prepucio, y será por señal del pacto entre mí y ustedes.",H4135,Hc/VNq2mp,and/ you will be circumcised,,,,
a3b6d26e35c1d405c06e,GEN 17:11,1,"Circuncidarán, pues, la carne de su prepucio, y será por señal del pacto entre mí y ustedes.",H853,HTo,<obj.>,,,,
d65fc4b4897c040284e2,GEN 17:11,8,"Circuncidarán, pues, la carne de su prepucio, y será por señal del pacto entre mí y ustedes.",H996,HC/Acmpc/Sp2mp,and/ between/ you,,,,
791c9c19485b2e06dcbd,GEN 17:12,3,"Y de edad de ocho días será circuncidado todo varón entre ustedes por sus generaciones: el nacido en casa, y el comprado a dinero de cualquier extranjero, que no sea de tu simiente.",H4135,HVNi3ms,he will be circumcised,,,,
e7956aaf7a483ee33ddc,GEN 17:12,12,"Y de edad de ocho días será circuncidado todo varón entre ustedes por sus generaciones: el nacido en casa, y el comprado a dinero de cualquier extranjero, que no sea de tu simiente.",H1121,HNcmsc,son of,,,,
a34f425302fc1dfec91d,GEN 17:12,17,"Y de edad de ocho días será circuncidado todo varón entre ustedes por sus generaciones: el nacido en casa, y el comprado a dinero de cualquier extranjero, que no sea de tu simiente.",H1931,HPp3ms,he,,,,
e6b4df4cd44cc22a5853,GEN 17:14,4,"Y el varón incircunciso que no haya circuncidado la carne de su prepucio, aquella persona será borrada de su pueblo; ha violado mi pacto.",H4135,HVNi3ms,he will be circumcised,,,,
1f91416fb1dc762ad10f,GEN 17:14,5,"Y el varón incircunciso que no haya circuncidado la carne de su prepucio, aquella persona será borrada de su pueblo; ha violado mi pacto.",H853,HTo,<obj.>,,,,
0916c38ecdc0d5858f03,GEN 17:14,12,"Y el varón incircunciso que no haya circuncidado la carne de su prepucio, aquella persona será borrada de su pueblo; ha violado mi pacto.",H853,HTo,<obj.>,,,,
6136b2da83e95e3580f4,GEN 17:15,2,"Dijo también Dios a Abraham: A Sarai tu mujer no la llamarás Sarai, sino Sara será su nombre.",H413,HR,to,,,,
693b97e24f5bc5f78f29,GEN 17:15,8,"Dijo también Dios a Abraham: A Sarai tu mujer no la llamarás Sarai, sino Sara será su nombre.",H853,HTo,<obj.>,,,,
ab222ce5b3ce9ce68a76,GEN 17:15,11,"Dijo también Dios a Abraham: A Sarai tu mujer no la llamarás Sarai, sino Sara será su nombre.",H3588,HTc,for,,,,
1c99b8446dbdb41c268e,GEN 17:15,13,"Dijo también Dios a Abraham: A Sarai tu mujer no la llamarás Sarai, sino Sara será su nombre.",H8034,HNcmsc/Sp3fs,name/ her,,,,
604164fac482e5d05ac8,GEN 17:16,1,"Y bendecirla he, y también te daré de ella hijo; sí, la bendeciré, y vendrá a ser madre de naciones; reyes de pueblos serán de ella.",H853,HTo/Sp3fs,<obj.>/ her,,,,
dba209d6646785a66850,GEN 17:16,12,"Y bendecirla he, y también te daré de ella hijo; sí, la bendeciré, y vendrá a ser madre de naciones; reyes de pueblos serán de ella.",H1961,HVqi3mp,they will be,,,,
f1e3b14ab27720ce1f23,GEN 17:18,2,Y dijo Abraham a Dios: Ojalá Ismael viva delante de ti.,H413,HR,to,,,,
cab82256d475422a7587,GEN 17:19,12,"Y respondió Dios: Ciertamente Sara tu mujer te parirá un hijo, y llamarás su nombre Isaac; y confirmaré mi pacto con él por alianza perpetua para su simiente después de él.",H853,HTo,<obj.>,,,,
85f1aa2ec8ac7af4ca9b,GEN 17:19,14,"Y respondió Dios: Ciertamente Sara tu mujer te parirá un hijo, y llamarás su nombre Isaac; y confirmaré mi pacto con él por alianza perpetua para su simiente después de él.",H854,HRd/Sp3ms,with/ him,,,,
161d5cf9a1bf1449608a,GEN 17:20,4,"Y en cuanto a Ismael, también te he oído: he aquí que le bendeciré, y le haré fructificar y multiplicar mucho en gran manera: doce príncipes engendrará, y ponerlo he por gran gente.",H853,HTo/Sp3ms,<obj.>/ him,,,,
5d7948d8a748ffe1117a,GEN 17:20,6,"Y en cuanto a Ismael, también te he oído: he aquí que le bendeciré, y le haré fructificar y multiplicar mucho en gran manera: doce príncipes engendrará, y ponerlo he por gran gente.",H853,HTo/Sp3ms,<obj.>/ him,,,,
4751dababca0da234c91,GEN 17:20,8,"Y en cuanto a Ismael, también te he oído: he aquí que le bendeciré, y le haré fructificar y multiplicar mucho en gran manera: doce príncipes engendrará, y ponerlo he por gran gente.",H853,HTo/Sp3ms,<obj.>/ him,,,,
d0b932d9b4847fd71395,GEN 17:21,3,"Pero yo estableceré mi pacto con Isaac, al cual te parirá Sara por este tiempo el año siguiente.",H854,HR,with,,,,
ab23cc515ba02a7708bf,GEN 17:21,5,"Pero yo estableceré mi pacto con Isaac, al cual te parirá Sara por este tiempo el año siguiente.",H834,HTr,whom,,,,
a7788cb5403656a0341b,GEN 17:23,2,"Entonces tomó Abraham a Ismael su hijo, y a todos los siervos nacidos en su casa, y a todos los comprados por su dinero, a todo varón entre los domésticos de la casa de Abraham, y circuncidó la carne del prepucio de ellos en aquel mismo día, como Dios le había dicho.",H853,HTo,<obj.>,,,,
8e0572c0dd3d43d2d76d,GEN 17:23,5,"Entonces tomó Abraham a Ismael su hijo, y a todos los siervos nacidos en su casa, y a todos los comprados por su dinero, a todo varón entre los domésticos de la casa de Abraham, y circuncidó la carne del prepucio de ellos en aquel mismo día, como Dios le había dicho.",H853,HC/To,and/ <obj.>,,,,
6e6a21c3ac91a503639d,GEN 17:23,9,"Entonces tomó Abraham a Ismael su hijo, y a todos los siervos nacidos en su casa, y a todos los comprados por su dinero, a todo varón entre los domésticos de la casa de Abraham, y circuncidó la carne del prepucio de ellos en aquel mismo día, como Dios le había dicho.",H853,HC/To,and/ <obj.>,,,,
6c02ad5f2159818476bc,GEN 17:23,19,"Entonces tomó Abraham a Ismael su hijo, y a todos los siervos nacidos en su casa, y a todos los comprados por su dinero, a todo varón entre los domésticos de la casa de Abraham, y circuncidó la carne del prepucio de ellos en aquel mismo día, como Dios le había dicho.",H853,HTo,<obj.>,,,,
696d8f33ae82acc49bc5,GEN 17:24,5,Era Abraham de edad de noventa y nueve años cuando circuncidó la carne de su prepucio.,H4135,HR/VNcc/Sp3ms,when/ was circumcised/ he,,,,
7a549c789631df8e4583,GEN 17:25,2,"E Ismael su hijo era de trece años, cuando fue circuncidada la carne de su prepucio.",H1121,HNcmsc,[was] a son of,,,,
d98013eebc9a81b8c168,GEN 17:25,4,"E Ismael su hijo era de trece años, cuando fue circuncidada la carne de su prepucio.",H6240,HAcbsa,teen,,,,
730f02f94e70c1f92b72,GEN 17:25,6,"E Ismael su hijo era de trece años, cuando fue circuncidada la carne de su prepucio.",H4135,HR/VNcc/Sp3ms,when/ was circumcised/ he,,,,
9d05a046172d06cb2c52,GEN 17:25,7,"E Ismael su hijo era de trece años, cuando fue circuncidada la carne de su prepucio.",H853,HTo,<obj.>,,,,
6ad1cfbf51c3d83bfb3b,GEN 17:26,2,En el mismo día fue circuncidado Abraham e Ismael su hijo.,H2088,HTd/Tm,<the>/ this,,,,
c296a03c7a34b7ad5bb7,GEN 17:26,3,En el mismo día fue circuncidado Abraham e Ismael su hijo.,H4135,HVNp3ms,he was circumcised,,,,
a52d989a925fe156b333,GEN 17:27,7,"Y todos los varones de su casa, el siervo nacido en casa, y el comprado por dinero del extranjero, fueron circuncidados con él.",H854,HR/To,from/ with,,,,
f3d264eb18baeb76e4df,GEN 17:27,8,"Y todos los varones de su casa, el siervo nacido en casa, y el comprado por dinero del extranjero, fueron circuncidados con él.",H1121,HNcmsc,a son of,,,,
e25c76dcb956887e65cb,GEN 17:27,10,"Y todos los varones de su casa, el siervo nacido en casa, y el comprado por dinero del extranjero, fueron circuncidados con él.",H4135,HVNp3cp,they were circumcised,,,,
5c4d1d7b858006d30325,GEN 17:27,11,"Y todos los varones de su casa, el siervo nacido en casa, y el comprado por dinero del extranjero, fueron circuncidados con él.",H854,HRd/Sp3ms,with/ him,,,,
d8b0211a0bbc95494ca5,GEN 18:1,1,"Y aparecióle Jehová en el valle de Mamre, estando él sentado a la puerta de su tienda en el calor del día.",H413,HRd/Sp3ms,to/ him,,,,
05cdff7fdfd8db7ce448,GEN 18:1,9,"Y aparecióle Jehová en el valle de Mamre, estando él sentado a la puerta de su tienda en el calor del día.",H2527,HR/Vqcc,when/ [the] heat of,,,,
2661480843f0df69de2c,GEN 18:2,10,"Y alzó sus ojos y miró, y he aquí tres varones que estaban junto a él: y cuando los vio, salió corriendo de la puerta de su tienda a recibirlos, e inclinóse hacia la tierra,",H7122,HR/Vqcc/Sp3mp,to/ meet/ them,,,,
b939439f622bbb047c12,GEN 18:4,4,"Que se traiga ahora un poco de agua, y laven sus pies; y recuéstense debajo de un árbol,",H7364,HC/Vqv2mp,and/ wash,,,,
944e9a8da85658300dda,GEN 18:4,6,"Que se traiga ahora un poco de agua, y laven sus pies; y recuéstense debajo de un árbol,",H8172,HC/VNv2mp,and/ support yourself,,,,
6bc63e76c687c121c425,GEN 18:5,3,"Y traeré un bocado de pan, y sustenten su corazón; después pasarán: porque por eso han pasado cerca de su siervo. Y ellos dijeron: Haz así como has dicho.",H5582,HC/Vqv2mp,and/ sustain <you>,,,,
12e8c30d7fc5635a8c79,GEN 18:5,7,"Y traeré un bocado de pan, y sustenten su corazón; después pasarán: porque por eso han pasado cerca de su siervo. Y ellos dijeron: Haz así como has dicho.",H3588,HTc,for,,,,
dd4bd3ef9cb389bef667,GEN 18:5,10,"Y traeré un bocado de pan, y sustenten su corazón; después pasarán: porque por eso han pasado cerca de su siervo. Y ellos dijeron: Haz así como has dicho.",H5674,HVqp2mp,you have passed by,,,,
71e1dff6da445392b883,GEN 18:6,3,"Entonces Abraham fue de priesa a la tienda a Sara, y le dijo: Toma presto tres medidas de flor de harina, amasa y haz panes cocidos debajo del rescoldo.",H413,HR,to,,,,
7cc484e6105e0406a1dd,GEN 18:6,9,"Entonces Abraham fue de priesa a la tienda a Sara, y le dijo: Toma presto tres medidas de flor de harina, amasa y haz panes cocidos debajo del rescoldo.",H7058,HNcmsa,flour,,,,
316fec1e41f4f15606f1,GEN 18:6,11,"Entonces Abraham fue de priesa a la tienda a Sara, y le dijo: Toma presto tres medidas de flor de harina, amasa y haz panes cocidos debajo del rescoldo.",H3888,HVqv2fs,knead [it],,,,
927293f2ada810f22814,GEN 18:7,10,"Y corrió Abraham a las vacas, y tomó un becerro tierno y bueno, y diólo al mozo, y dióse éste priesa a aderezarlo.",H413,HR,to,,,,
87377800638aab99e231,GEN 18:7,14,"Y corrió Abraham a las vacas, y tomó un becerro tierno y bueno, y diólo al mozo, y dióse éste priesa a aderezarlo.",H853,HTo/Sp3ms,<obj.>/ it,,,,
50675617c2185781ab9b,GEN 18:8,11,"Tomó también manteca y leche, y el becerro que había aderezado, y púsolo delante de ellos; y él estaba junto a ellos debajo del árbol; y comieron.",H5921,HRd/Sp3mp,with/ them,,,,
ad02672468f9a764e299,GEN 18:10,3,"Entonces dijo: De cierto volveré a ti según el tiempo de la vida, y he aquí, tendrá un hijo Sara tu mujer. Y Sara escuchaba a la puerta de la tienda, que estaba detrás de él.",H413,HRd/Sp2ms,to/ you,,,,
c85168ebc9567cf56e42,GEN 18:11,3,"Y Abraham y Sara eran viejos, entrados en días: a Sara había cesado ya la costumbre de las mujeres.",H935,HVqrmpa,[having] come,,,,
baf792e99947a9ac67bd,GEN 18:11,4,"Y Abraham y Sara eran viejos, entrados en días: a Sara había cesado ya la costumbre de las mujeres.",H3117,HRd/Ncmpa,in <the>/ days,,,,
f66abee1ef6f596a293c,GEN 18:11,6,"Y Abraham y Sara eran viejos, entrados en días: a Sara había cesado ya la costumbre de las mujeres.",H1961,HR/Vqcc,to/ be,,,,
4bf2250ee7eb802e6fbf,GEN 18:13,2,Entonces Jehová dijo a Abraham: ¿Por qué se ha reído Sara diciendo: Será cierto que he de parir siendo ya vieja?,H413,HR,to,,,,
ec52f93ed035a194c968,GEN 18:13,5,Entonces Jehová dijo a Abraham: ¿Por qué se ha reído Sara diciendo: Será cierto que he de parir siendo ya vieja?,H2088,HTm,this,,,,
cbd482200e05a6f6343b,GEN 18:13,9,Entonces Jehová dijo a Abraham: ¿Por qué se ha reído Sara diciendo: Será cierto que he de parir siendo ya vieja?,H637,HTi/Tj,¿/ also,,,,
15b1dc6482696320b3f1,GEN 18:13,12,Entonces Jehová dijo a Abraham: ¿Por qué se ha reído Sara diciendo: Será cierto que he de parir siendo ya vieja?,H589,HC/Pp1bs,and/ I,,,,
7217a07e7d8f72252c23,GEN 18:14,5,"¿Hay para Dios alguna cosa difícil? Al tiempo señalado volveré a ti, según el tiempo de la vida, y Sara tendrá un hijo.",H413,HRd/Sp2ms,to/ you,,,,
0e9abbc8d3d96d1e7ceb,GEN 18:16,4,"Y los varones se levantaron de allí, y miraron hacia Sodoma: y Abraham iba con ellos acompañándolos.",H5921,HR,on,,,,
5d32da4f0c4fc77e207c,GEN 18:17,6,"Y Jehová dijo: ¿Encubriré yo a Abraham lo que voy a hacer,",H589,HPp1bs,I,,,,
cd0da04d5efd7714db96,GEN 18:19,2,"Porque yo lo he conocido, sé que mandará a sus hijos y a su casa después de sí, que guarden el camino de Jehová, haciendo justicia y juicio, para que haga venir Jehová sobre Abraham lo que ha hablado acerca de él.",H4616,HTc,so that,,,,
4ee56511a071b7cca4c6,GEN 18:19,5,"Porque yo lo he conocido, sé que mandará a sus hijos y a su casa después de sí, que guarden el camino de Jehová, haciendo justicia y juicio, para que haga venir Jehová sobre Abraham lo que ha hablado acerca de él.",H853,HTo,<obj.>,,,,
5c5537972e4f46f3262b,GEN 18:19,7,"Porque yo lo he conocido, sé que mandará a sus hijos y a su casa después de sí, que guarden el camino de Jehová, haciendo justicia y juicio, para que haga venir Jehová sobre Abraham lo que ha hablado acerca de él.",H853,HC/To,and/ <obj.>,,,,
9be45b75bb92564d917a,GEN 18:19,16,"Porque yo lo he conocido, sé que mandará a sus hijos y a su casa después de sí, que guarden el camino de Jehová, haciendo justicia y juicio, para que haga venir Jehová sobre Abraham lo que ha hablado acerca de él.",H4616,HTc,so that,,,,
82da476fcfa7f270d26d,GEN 18:19,21,"Porque yo lo he conocido, sé que mandará a sus hijos y a su casa después de sí, que guarden el camino de Jehová, haciendo justicia y juicio, para que haga venir Jehová sobre Abraham lo que ha hablado acerca de él.",H853,HTo,<obj.>,,,,
d13d595efcbe7d2179a9,GEN 18:20,5,"Entonces Jehová le dijo: Por cuanto el clamor de Sodoma y Gomorra se aumenta más y más, y el pecado de ellos se ha agravado en extremo,",H3588,HTc,for,,,,
a37d7b3d89c1e4d77680,GEN 18:20,6,"Entonces Jehová le dijo: Por cuanto el clamor de Sodoma y Gomorra se aumenta más y más, y el pecado de ellos se ha agravado en extremo,",H7231,HVqp3fs,it is great,,,,
ec0b9e7555ea6a93c7de,GEN 18:20,8,"Entonces Jehová le dijo: Por cuanto el clamor de Sodoma y Gomorra se aumenta más y más, y el pecado de ellos se ha agravado en extremo,",H3588,HTc,that,,,,
cf8dd86868217264ebfe,GEN 18:21,10,"Descenderé ahora, y veré si han consumado su obra según el clamor que ha venido hasta mí; y si no, saberlo he.",H3045,HVqc1cs,I will know,,,,
ec5d265eef68dcfa220b,GEN 18:22,3,"Y apartáronse de allí los varones, y fueron hacia Sodoma: pero Abraham estaba aún delante de Jehová.",H1980,Hc/Vqw3mp,and/ they went,,,,
cf13a69f677d86e0772c,GEN 18:22,7,"Y apartáronse de allí los varones, y fueron hacia Sodoma: pero Abraham estaba aún delante de Jehová.",H5975,HVqrmsa,standing,,,,
c2f850004bda33593743,GEN 18:23,3,Y acercóse Abraham y dijo: ¿Destruirás también al justo con el impío?,H637,HTi/Tj,¿/ also,,,,
6b94e299c0f03aeb947c,GEN 18:24,1,Quizá hay cincuenta justos dentro de la ciudad: ¿destruirás también y no perdonarás al lugar por cincuenta justos que estén dentro de él?,H3426,HAcbsa,there,,,,
47674e0e1f68a3202afa,GEN 18:24,6,Quizá hay cincuenta justos dentro de la ciudad: ¿destruirás también y no perdonarás al lugar por cincuenta justos que estén dentro de él?,H637,HTi/Tj,¿/ also,,,,
21b9a4584b299f7a77a8,GEN 18:24,11,Quizá hay cincuenta justos dentro de la ciudad: ¿destruirás también y no perdonarás al lugar por cincuenta justos que estén dentro de él?,H4616,HTc,for [the] sake of,,,,
c2f5c2ca2c50c249d299,GEN 18:25,3,"Lejos de ti el hacer tal, que hagas morir al justo con el impío, y que sea el justo tratado como el impío; nunca tal hagas. El juez de toda la tierra, ¿no ha de hacer lo que es justo?",H2088,HTd/Tm,<the>/ this,,,,
cf3462691f40e297bf49,GEN 18:26,3,"Entonces respondió Jehová: Si hallo en Sodoma cincuenta justos dentro de la ciudad, perdonaré a todo este lugar por amor de ellos.",H4672,HVqi1cs,I will find,,,,
12eb7b6e93640371ef2e,GEN 18:26,12,"Entonces respondió Jehová: Si hallo en Sodoma cincuenta justos dentro de la ciudad, perdonaré a todo este lugar por amor de ellos.",H5668,HR/Ncmsc/Sp3mp,for/ sake of/ them,,,,
be0de39ec05078fcc0af,GEN 18:27,7,"Y Abraham replicó y dijo: He aquí ahora que he comenzado a hablar a mi Señor, aunque soy polvo y ceniza:",H413,HR,to,,,,
742f7adde3fb6e60ce50,GEN 18:28,7,"Quizá faltarán de cincuenta justos cinco: ¿destruirás por aquellos cinco toda la ciudad? Y dijo: No la destruiré, si hallo allí cuarenta y cinco.",H853,HTo,<obj.>,,,,
922dc23acca78f55f2fb,GEN 18:28,14,"Quizá faltarán de cincuenta justos cinco: ¿destruirás por aquellos cinco toda la ciudad? Y dijo: No la destruiré, si hallo allí cuarenta y cinco.",H4672,HVqi1cs,I will find,,,,
63a251d1a5a9992c4018,GEN 18:29,1,"Y volvió a hablarle, y dijo: Quizá se hallarán allí cuarenta. Y respondió: No lo haré por amor de los cuarenta.",H5750,HAcmsa,again,,,,
ff566fca2afd35bfa29c,GEN 18:29,12,"Y volvió a hablarle, y dijo: Quizá se hallarán allí cuarenta. Y respondió: No lo haré por amor de los cuarenta.",H5668,HR/Ncmsc,for/ sake of,,,,
f49f10d1856167f8b467,GEN 18:30,5,"Y dijo: No se enoje ahora mi Señor, si hablo: quizá se hallarán allí treinta. Y respondió: No lo haré si hallo allí treinta.",H1696,HC/Vpc1cs,and/ let me speak,,,,
000ad762b30ce98999d7,GEN 18:30,14,"Y dijo: No se enoje ahora mi Señor, si hablo: quizá se hallarán allí treinta. Y respondió: No lo haré si hallo allí treinta.",H4672,HVqi1cs,I will find,,,,
67d88bef40bf2a9cddb0,GEN 18:31,5,"Y dijo: He aquí ahora que he emprendido el hablar a mi Señor: quizá se hallarán allí veinte. No la destruiré, respondió, por amor de los veinte.",H413,HR,to,,,,
e91d9500a7a93e0e80e5,GEN 18:31,7,"Y dijo: He aquí ahora que he emprendido el hablar a mi Señor: quizá se hallarán allí veinte. No la destruiré, respondió, por amor de los veinte.",H194,HD,perhaps,,,,
80043c5fe01467ec3153,GEN 18:31,14,"Y dijo: He aquí ahora que he emprendido el hablar a mi Señor: quizá se hallarán allí veinte. No la destruiré, respondió, por amor de los veinte.",H5668,HR/Ncmsc,for/ sake of,,,,
0537ea17860b0d2d6aaa,GEN 18:32,5,"Y volvió a decir: No se enoje ahora mi Señor, si hablo solamente una vez: quizá se hallarán allí diez. No la destruiré, respondió, por amor de los diez.",H1696,HC/Vpc1cs,and/ let me speak,,,,
8401e2bca3ab968460ba,GEN 18:32,15,"Y volvió a decir: No se enoje ahora mi Señor, si hablo solamente una vez: quizá se hallarán allí diez. No la destruiré, respondió, por amor de los diez.",H5668,HR/Ncmsc,for/ sake of,,,,
9b6899550c48c4b4a1cc,GEN 18:33,0,"Y fuése Jehová, luego que acabó de hablar a Abraham: y Abraham se volvió a su lugar.",H1980,Hc/Vqw3ms,and/ he went,,,,
8a79705ec5cfa2991c35,GEN 18:33,5,"Y fuése Jehová, luego que acabó de hablar a Abraham: y Abraham se volvió a su lugar.",H413,HR,to,,,,
1e65a5b9e56396a5173e,GEN 19:1,12,"Llegaron, pues, los dos ángeles a Sodoma a la caída de la tarde: y Lot estaba sentado a la puerta de Sodoma. Y viéndolos Lot, levantóse a recibirlos, e inclinóse hacia el suelo;",H7122,HR/Vqcc/Sp3mp,to/ meet/ them,,,,
026927b60247c8a48886,GEN 19:1,14,"Llegaron, pues, los dos ángeles a Sodoma a la caída de la tarde: y Lot estaba sentado a la puerta de Sodoma. Y viéndolos Lot, levantóse a recibirlos, e inclinóse hacia el suelo;",H639,HNcmda,face,,,,
53b506be74ce2fa565d9,GEN 19:2,1,"Y dijo: Ahora, pues, mis señores, les ruego que vengan a casa de su siervo y se hospeden, y lavarán sus pies: y por la mañana se levantarán, y seguirán su camino. Y ellos respondieron: No, que en la plaza nos quedaremos esta noche.",H2009,HTj,here!,,,,
7944d01b09a406810efc,GEN 19:2,4,"Y dijo: Ahora, pues, mis señores, les ruego que vengan a casa de su siervo y se hospeden, y lavarán sus pies: y por la mañana se levantarán, y seguirán su camino. Y ellos respondieron: No, que en la plaza nos quedaremos esta noche.",H5493,HVqv2mp,turn aside,,,,
a8ae3f1157f27b882b61,GEN 19:2,6,"Y dijo: Ahora, pues, mis señores, les ruego que vengan a casa de su siervo y se hospeden, y lavarán sus pies: y por la mañana se levantarán, y seguirán su camino. Y ellos respondieron: No, que en la plaza nos quedaremos esta noche.",H413,HR,to,,,,
fe0a5482348ad9bbc358,GEN 19:2,10,"Y dijo: Ahora, pues, mis señores, les ruego que vengan a casa de su siervo y se hospeden, y lavarán sus pies: y por la mañana se levantarán, y seguirán su camino. Y ellos respondieron: No, que en la plaza nos quedaremos esta noche.",H7364,HC/Vqv2mp,and/ wash,,,,
d85920c79e7b108db2cb,GEN 19:2,13,"Y dijo: Ahora, pues, mis señores, les ruego que vengan a casa de su siervo y se hospeden, y lavarán sus pies: y por la mañana se levantarán, y seguirán su camino. Y ellos respondieron: No, que en la plaza nos quedaremos esta noche.",H1980,Hc/Vqq2mp,and/ you will go,,,,
fc2a25d97da2041ca59a,GEN 19:2,19,"Y dijo: Ahora, pues, mis señores, les ruego que vengan a casa de su siervo y se hospeden, y lavarán sus pies: y por la mañana se levantarán, y seguirán su camino. Y ellos respondieron: No, que en la plaza nos quedaremos esta noche.",H3885,HVqi1cp,we will stay [the] night,,,,
e4e1251579435ba87152,GEN 19:3,2,"Pero él porfió con ellos mucho, y se vinieron con él, y entraron en su casa; e hízoles banquete, y coció panes sin levadura, y comieron.",H5493,Hc/Vqw3mp,and/ they turned aside,,,,
b75ddf40192ee44e17d7,GEN 19:4,0,"Y antes que se acostasen, cercaron la casa los hombres de la ciudad, los varones de Sodoma, todo el pueblo junto, desde el más joven hasta el más viejo;",H2962,HAcbsa,before,,,,
3197c7a5f2a0559d3289,GEN 19:4,7,"Y antes que se acostasen, cercaron la casa los hombres de la ciudad, los varones de Sodoma, todo el pueblo junto, desde el más joven hasta el más viejo;",H5921,HR,<on>,,,,
31244654f9d20af6bc98,GEN 19:4,10,"Y antes que se acostasen, cercaron la casa los hombres de la ciudad, los varones de Sodoma, todo el pueblo junto, desde el más joven hasta el más viejo;",H5704,HC/R,and/ unto,,,,
d5d8916eb890239b838e,GEN 19:4,14,"Y antes que se acostasen, cercaron la casa los hombres de la ciudad, los varones de Sodoma, todo el pueblo junto, desde el más joven hasta el más viejo;",H7097,HR/Ncmsa,from/ [the] end,,,,
86525eb064ae6b680ac9,GEN 19:5,1,"Y llamaron a Lot, y le dijeron: ¿Dónde están los varones que vinieron a ti esta noche? sácanoslos, para que los conozcamos.",H413,HR,to,,,,
b4084c3bb50fd34a821a,GEN 19:5,8,"Y llamaron a Lot, y le dijeron: ¿Dónde están los varones que vinieron a ti esta noche? sácanoslos, para que los conozcamos.",H413,HRd/Sp2ms,to/ you,,,,
f5adf3ce8cc29bda3486,GEN 19:5,10,"Y llamaron a Lot, y le dijeron: ¿Dónde están los varones que vinieron a ti esta noche? sácanoslos, para que los conozcamos.",H3318,HVhv2ms/Sp3mp,bring/ them,,,,
f34ac04850c15b35c2fd,GEN 19:5,11,"Y llamaron a Lot, y le dijeron: ¿Dónde están los varones que vinieron a ti esta noche? sácanoslos, para que los conozcamos.",H413,HRd/Sp1bp,to/ us,,,,
036a7f3665fe3c028911,GEN 19:5,13,"Y llamaron a Lot, y le dijeron: ¿Dónde están los varones que vinieron a ti esta noche? sácanoslos, para que los conozcamos.",H853,HTo/Sp3mp,<obj.>/ them,,,,
a1ba2063958bbcb321a0,GEN 19:6,1,"Entonces Lot salió a ellos a la puerta, y cerró las puertas tras sí,",H413,HRd/Sp3mp,to/ them,,,,
f52e6dd0974d7f49c962,GEN 19:6,4,"Entonces Lot salió a ellos a la puerta, y cerró las puertas tras sí,",H1817,HC/Td/Ncfsa,and/ the/ door,,,,
99dbaf1b4542bcf0d3f3,GEN 19:8,9,"He aquí ahora yo tengo dos hijas que no han conocido varón; se las sacaré afuera, y hagan de ellas como bien les parezca: solamente a estos varones no hagan nada, pues que vinieron a la sombra de mi tejado.",H4994,HTj,please,,,,
fe3ea06dd961737fc3d2,GEN 19:8,10,"He aquí ahora yo tengo dos hijas que no han conocido varón; se las sacaré afuera, y hagan de ellas como bien les parezca: solamente a estos varones no hagan nada, pues que vinieron a la sombra de mi tejado.",H853,HTo/Sp3fp,<obj.>/ them,,,,
2959cf7df9370bdcd57c,GEN 19:8,11,"He aquí ahora yo tengo dos hijas que no han conocido varón; se las sacaré afuera, y hagan de ellas como bien les parezca: solamente a estos varones no hagan nada, pues que vinieron a la sombra de mi tejado.",H413,HRd/Sp2mp,to/ you,,,,
e8f9b91d25521e67e1f2,GEN 19:8,12,"He aquí ahora yo tengo dos hijas que no han conocido varón; se las sacaré afuera, y hagan de ellas como bien les parezca: solamente a estos varones no hagan nada, pues que vinieron a la sombra de mi tejado.",H6213,HC/Vqv2mp,and/ do,,,,
474923210fc6f99ab3ab,GEN 19:8,14,"He aquí ahora yo tengo dos hijas que no han conocido varón; se las sacaré afuera, y hagan de ellas como bien les parezca: solamente a estos varones no hagan nada, pues que vinieron a la sombra de mi tejado.",H5869,HR/Ncfdc/Sp2mp,in/ view/ your,,,,
bbeedc7277f726fbc8ea,GEN 19:8,18,"He aquí ahora yo tengo dos hijas que no han conocido varón; se las sacaré afuera, y hagan de ellas como bien les parezca: solamente a estos varones no hagan nada, pues que vinieron a la sombra de mi tejado.",H408,HTn,may not,,,,
3aa20c66f390e3ab7674,GEN 19:8,19,"He aquí ahora yo tengo dos hijas que no han conocido varón; se las sacaré afuera, y hagan de ellas como bien les parezca: solamente a estos varones no hagan nada, pues que vinieron a la sombra de mi tejado.",H6213,HVqj2mp,you do,,,,
980fe11dcad331b1cf7e,GEN 19:8,22,"He aquí ahora yo tengo dos hijas que no han conocido varón; se las sacaré afuera, y hagan de ellas como bien les parezca: solamente a estos varones no hagan nada, pues que vinieron a la sombra de mi tejado.",H5921,HR,since,,,,
454cf6d95c1ed465e30f,GEN 19:8,23,"He aquí ahora yo tengo dos hijas que no han conocido varón; se las sacaré afuera, y hagan de ellas como bien les parezca: solamente a estos varones no hagan nada, pues que vinieron a la sombra de mi tejado.",H3651,HD,<thus>,,,,
9bd817c6ad19219355cf,GEN 19:9,4,"Y ellos respondieron: Quita allá: y añadieron: Vino éste aquí para habitar como un extraño, ¿y habrá de erigirse en juez? Ahora te haremos más mal que a ellos. Y hacían gran violencia al varón, a Lot, y se acercaron para romper las puertas.",H259,HTd/Acfsa,the/ one,,,,
8b5d742f4d5b5c466737,GEN 19:10,2,"Entonces los varones alargaron la mano, y metieron a Lot en casa con ellos, y cerraron las puertas.",H853,HTo,<obj.>,,,,
220dce7ddcce7f07e0dc,GEN 19:10,5,"Entonces los varones alargaron la mano, y metieron a Lot en casa con ellos, y cerraron las puertas.",H853,HTo,<obj.>,,,,
bd47cf38f919a174b596,GEN 19:10,9,"Entonces los varones alargaron la mano, y metieron a Lot en casa con ellos, y cerraron las puertas.",H853,HC/To,and/ <obj.>,,,,
320680f2d87b4ab7702d,GEN 19:11,0,"Y a los hombres que estaban a la puerta de la casa desde el menor hasta el mayor, hirieron con ceguera; pero ellos se fatigaban por hallar la puerta.",H853,HC/To,and/ <obj.>,,,,
3c262ecf80941687313d,GEN 19:11,11,"Y a los hombres que estaban a la puerta de la casa desde el menor hasta el mayor, hirieron con ceguera; pero ellos se fatigaban por hallar la puerta.",H4672,HR/Vqcc,to/ find,,,,
9020a82fce4e5cf42c35,GEN 19:12,2,"Y dijeron los varones a Lot: ¿Tienes aquí alguno más? Yernos, y tus hijos y tus hijas, y todo lo que tienes en la ciudad, sácalo de este lugar:",H413,HR,to,,,,
f13c071abf32fe4ad3ee,GEN 19:12,6,"Y dijeron los varones a Lot: ¿Tienes aquí alguno más? Yernos, y tus hijos y tus hijas, y todo lo que tienes en la ciudad, sácalo de este lugar:",H6311,HD,here,,,,
c1165a463ba322f84ab3,GEN 19:12,13,"Y dijeron los varones a Lot: ¿Tienes aquí alguno más? Yernos, y tus hijos y tus hijas, y todo lo que tienes en la ciudad, sácalo de este lugar:",H3318,HVhv2ms,bring out,,,,
f06e5a9e8a9e33eb3311,GEN 19:13,3,"Porque vamos a destruir este lugar, por cuanto el clamor de ellos ha subido de punto delante de Jehová; por tanto Jehová nos ha enviado para destruirlo.",H853,HTo,<obj.>,,,,
5f5b6470cb0ec7700954,GEN 19:13,9,"Porque vamos a destruir este lugar, por cuanto el clamor de ellos ha subido de punto delante de Jehová; por tanto Jehová nos ha enviado para destruirlo.",H854,HR,with,,,,
1cdf2ff57728d90feb2d,GEN 19:14,3,"Entonces salió Lot, y habló a sus yernos, los que habían de tomar sus hijas, y les dijo: Levántense, salgan de este lugar; porque Jehová va a destruir esta ciudad. Pero pareció a sus yernos como que se burlaba.",H413,HR,to,,,,
8faacfbb6163d4f0d54a,GEN 19:14,8,"Entonces salió Lot, y habló a sus yernos, los que habían de tomar sus hijas, y les dijo: Levántense, salgan de este lugar; porque Jehová va a destruir esta ciudad. Pero pareció a sus yernos como que se burlaba.",H6965,HVqv2mp,arise,,,,
3a0607c4bdfc52e8c182,GEN 19:14,9,"Entonces salió Lot, y habló a sus yernos, los que habían de tomar sus hijas, y les dijo: Levántense, salgan de este lugar; porque Jehová va a destruir esta ciudad. Pero pareció a sus yernos como que se burlaba.",H3318,HVqv2mp,go out,,,,
0b94c870493e7af344ce,GEN 19:14,16,"Entonces salió Lot, y habló a sus yernos, los que habían de tomar sus hijas, y les dijo: Levántense, salgan de este lugar; porque Jehová va a destruir esta ciudad. Pero pareció a sus yernos como que se burlaba.",H853,HTo,<obj.>,,,,
71ac2f9dc5034859a243,GEN 19:14,18,"Entonces salió Lot, y habló a sus yernos, los que habían de tomar sus hijas, y les dijo: Levántense, salgan de este lugar; porque Jehová va a destruir esta ciudad. Pero pareció a sus yernos como que se burlaba.",H1961,Hc/Vqw3ms,and/ he was,,,,
d7e1a7570ba99b0626d4,GEN 19:15,3,"Y al rayar el alba, los ángeles daban prisa a Lot, diciendo: Levántate, toma tu mujer, y tus dos hijas que se hallan aquí, porque no perezcas en el castigo de la ciudad.",H213,Hc/Vhw3mp,and/ they urged,,,,
468e886885d07a715411,GEN 19:15,9,"Y al rayar el alba, los ángeles daban prisa a Lot, diciendo: Levántate, toma tu mujer, y tus dos hijas que se hallan aquí, porque no perezcas en el castigo de la ciudad.",H853,HTo,<obj.>,,,,
39f83198609084c4e122,GEN 19:15,11,"Y al rayar el alba, los ángeles daban prisa a Lot, diciendo: Levántate, toma tu mujer, y tus dos hijas que se hallan aquí, porque no perezcas en el castigo de la ciudad.",H853,HC/To,and/ <obj.>,,,,
d3476c2cef016a5d50d4,GEN 19:16,13,"Y deteniéndose él, los varones asieron de su mano, y de la mano de su mujer, y de las manos de sus dos hijas, según la misericordia de Jehová para con él; y le sacaron, y le pusieron fuera de la ciudad.",H5117,Hc/Vhw3mp/Sp3ms,and/ they placed/ him,,,,
70e5ce5df609aa678c59,GEN 19:17,0,"Y fue que cuando los hubo sacado fuera, dijo: Escapa por tu vida; no mires tras ti, ni pares en toda esta llanura; escapa al monte, no sea que perezcas.",H1961,Hc/Vqw3ms,and/ it was,,,,
77ef5f9bf66959136637,GEN 19:17,1,"Y fue que cuando los hubo sacado fuera, dijo: Escapa por tu vida; no mires tras ti, ni pares en toda esta llanura; escapa al monte, no sea que perezcas.",H3318,HR/Vhcc/Sp3mp,when/ brought out/ they,,,,
010e517d958e9579cc7b,GEN 19:17,2,"Y fue que cuando los hubo sacado fuera, dijo: Escapa por tu vida; no mires tras ti, ni pares en toda esta llanura; escapa al monte, no sea que perezcas.",H853,HTo/Sp3mp,<obj.>/ them,,,,
4a4fd1ed2012238e4575,GEN 19:17,4,"Y fue que cuando los hubo sacado fuera, dijo: Escapa por tu vida; no mires tras ti, ni pares en toda esta llanura; escapa al monte, no sea que perezcas.",H559,Hc/Vqw3ms,and/ he said,,,,
374cff0ab7cf83992f83,GEN 19:18,5,"Y Lot les dijo: No, yo les ruego, señores míos;",H136,HNpt,O Lord,,,,
c558a905c798f4b7f4f8,GEN 19:19,10,"He aquí ahora ha hallado tu siervo gracia en tus ojos, y has engrandecido tu misericordia que has hecho conmigo dándome la vida; pero yo no podré escapar al monte, no sea caso que me alcance el mal, y muera.",H5978,HR/Sp1bs,with/ me,,,,
0cc961e7b9063255b02d,GEN 19:19,12,"He aquí ahora ha hallado tu siervo gracia en tus ojos, y has engrandecido tu misericordia que has hecho conmigo dándome la vida; pero yo no podré escapar al monte, no sea caso que me alcance el mal, y muera.",H853,HTo,<obj.>,,,,
9bbf097b6ee6659da816,GEN 19:20,5,"He aquí ahora esta ciudad está cerca para huir allá, la cual es pequeña; escaparé ahora allá, (¿no es ella pequeña?) y vivirá mi alma.",H5127,HR/Vqcc,to/ flee,,,,
e1a1f61f1fa16e368f5c,GEN 19:20,9,"He aquí ahora esta ciudad está cerca para huir allá, la cual es pequeña; escaparé ahora allá, (¿no es ella pequeña?) y vivirá mi alma.",H4422,HVNc1cs,let me escape,,,,
0f90058857fcbb4b1582,GEN 19:20,15,"He aquí ahora esta ciudad está cerca para huir allá, la cual es pequeña; escaparé ahora allá, (¿no es ella pequeña?) y vivirá mi alma.",H2421,HC/Vqj3fs,so/ it may live,,,,
73af914dcd3112d6027e,GEN 19:21,8,"Y le respondió: He aquí he recibido también tu súplica sobre esto, y no destruiré la ciudad de que has hablado.",H1115,HR/Ncbsc,to/ not,,,,
deb6d264576fb1a6cf5f,GEN 19:21,10,"Y le respondió: He aquí he recibido también tu súplica sobre esto, y no destruiré la ciudad de que has hablado.",H853,HTo,<obj.>,,,,
3b592596260d15d64c81,GEN 19:22,12,"Date priesa, escápate allá; porque nada podré hacer hasta que allí hayas llegado. Por esto fue llamado el nombre de la ciudad, Zoar.",H3651,HD,-fore,,,,
a497fbe80b81b1e7bffc,GEN 19:22,14,"Date priesa, escápate allá; porque nada podré hacer hasta que allí hayas llegado. Por esto fue llamado el nombre de la ciudad, Zoar.",H8034,HNcmsc,[the] name of,,,,
a0b3335c8b93011693a0,GEN 19:22,16,"Date priesa, escápate allá; porque nada podré hacer hasta que allí hayas llegado. Por esto fue llamado el nombre de la ciudad, Zoar.",H6820,HNpl,Zoar,,,,
4a84d3f157a388543623,GEN 19:23,6,"El sol salía sobre la tierra, cuando Lot llegó a Zoar.",H6820,HNpl/Sd,Zoar/ towards,,,,
087b8d221b0523310be5,GEN 19:24,1,Entonces llovió Jehová sobre Sodoma y sobre Gomorra azufre y fuego de parte de Jehová desde los cielos;,H4305,HVhp3ms,he caused to rain,,,,
955ce608c30108e8a816,GEN 19:24,8,Entonces llovió Jehová sobre Sodoma y sobre Gomorra azufre y fuego de parte de Jehová desde los cielos;,H854,HR/R,from/ with,,,,
fe82997924716ea658a8,GEN 19:25,1,"Y destruyó las ciudades, y toda aquella llanura, con todos los moradores de aquellas ciudades, y el fruto de la tierra.",H853,HTo,<obj.>,,,,
28bf985652289ffcf73c,GEN 19:25,3,"Y destruyó las ciudades, y toda aquella llanura, con todos los moradores de aquellas ciudades, y el fruto de la tierra.",H411,HTd/Tm,<the>/ these,,,,
2dc3e50624d933445b3b,GEN 19:25,4,"Y destruyó las ciudades, y toda aquella llanura, con todos los moradores de aquellas ciudades, y el fruto de la tierra.",H853,HC/To,and/ <obj.>,,,,
2f1415bbfba3a7205212,GEN 19:25,7,"Y destruyó las ciudades, y toda aquella llanura, con todos los moradores de aquellas ciudades, y el fruto de la tierra.",H853,HC/To,and/ <obj.>,,,,
49e01c78dc93cb2b449e,GEN 19:27,7,Y subió Abraham por la mañana al lugar donde había estado delante de Jehová:,H8033,HD,there,,,,
738e145473e56c59d34c,GEN 19:27,8,Y subió Abraham por la mañana al lugar donde había estado delante de Jehová:,H854,HR,with,,,,
8587c6cdddc56e371ad2,GEN 19:28,1,"Y miró hacia Sodoma y Gomorra, y hacia toda la tierra de aquella llanura miró; y he aquí que el humo subía de la tierra como el humo de un horno.",H5921,HR,on,,,,
6fb3d0fdbb75cbaca108,GEN 19:28,5,"Y miró hacia Sodoma y Gomorra, y hacia toda la tierra de aquella llanura miró; y he aquí que el humo subía de la tierra como el humo de un horno.",H5921,HC/R,and/ on,,,,
65368524de47389ef285,GEN 19:29,0,"Así fue que, cuando destruyó Dios las ciudades de la llanura, acordóse Dios de Abraham, y envió fuera a Lot de en medio de la destrucción, al asolar las ciudades donde Lot estaba.",H1961,Hc/Vqw3ms,and/ it was,,,,
10485764c63191b1d4ad,GEN 19:29,3,"Así fue que, cuando destruyó Dios las ciudades de la llanura, acordóse Dios de Abraham, y envió fuera a Lot de en medio de la destrucción, al asolar las ciudades donde Lot estaba.",H853,HTo,<obj.>,,,,
013c07c7d0583a4e9d38,GEN 19:29,8,"Así fue que, cuando destruyó Dios las ciudades de la llanura, acordóse Dios de Abraham, y envió fuera a Lot de en medio de la destrucción, al asolar las ciudades donde Lot estaba.",H853,HTo,<obj.>,,,,
a3c459d58d31b5fd39dd,GEN 19:29,11,"Así fue que, cuando destruyó Dios las ciudades de la llanura, acordóse Dios de Abraham, y envió fuera a Lot de en medio de la destrucción, al asolar las ciudades donde Lot estaba.",H853,HTo,<obj.>,,,,
458e1d6e8a4f6d1aefa2,GEN 19:29,16,"Así fue que, cuando destruyó Dios las ciudades de la llanura, acordóse Dios de Abraham, y envió fuera a Lot de en medio de la destrucción, al asolar las ciudades donde Lot estaba.",H853,HTo,<obj.>,,,,
8e0a258d187f338f672d,GEN 19:30,2,"Pero Lot subió de Zoar, y asentó en el monte, y sus dos hijas con él; porque tuvo miedo de quedar en Zoar, y se alojó en una cueva él y sus dos hijas.",H6820,HR/Npl,from/ Zoar,,,,
8c6de24d25a9ff82e5cd,GEN 19:30,3,"Pero Lot subió de Zoar, y asentó en el monte, y sus dos hijas con él; porque tuvo miedo de quedar en Zoar, y se alojó en una cueva él y sus dos hijas.",H3427,Hc/Vqw3ms,and/ he dwelt,,,,
84fa5e3f046928d5abb9,GEN 19:30,10,"Pero Lot subió de Zoar, y asentó en el monte, y sus dos hijas con él; porque tuvo miedo de quedar en Zoar, y se alojó en una cueva él y sus dos hijas.",H3427,HR/Vqcc,to/ dwell,,,,
62ca9de318ee80d37068,GEN 19:30,11,"Pero Lot subió de Zoar, y asentó en el monte, y sus dos hijas con él; porque tuvo miedo de quedar en Zoar, y se alojó en una cueva él y sus dos hijas.",H6820,HR/Npl,in/ Zoar,,,,
8d32fc194aa7172d219c,GEN 19:30,12,"Pero Lot subió de Zoar, y asentó en el monte, y sus dos hijas con él; porque tuvo miedo de quedar en Zoar, y se alojó en una cueva él y sus dos hijas.",H3427,Hc/Vqw3ms,and/ he dwelt,,,,
38299c41e6b87a4b9e49,GEN 19:31,2,"Entonces la mayor dijo a la menor: Nuestro padre es viejo, y no queda varón en la tierra que entre a nosotras conforme a la costumbre de toda la tierra:",H413,HR,to,,,,
5a976d7231a66b81413f,GEN 19:31,10,"Entonces la mayor dijo a la menor: Nuestro padre es viejo, y no queda varón en la tierra que entre a nosotras conforme a la costumbre de toda la tierra:",H5921,HRd/Sp1bp,on/ us,,,,
101898ba07d5d9e3bc75,GEN 19:32,0,"Ven, demos a beber vino a nuestro padre, y durmamos con él, y conservaremos de nuestro padre generación.",H1980,HVqv2ms/Sh,come/ !,,,,
adf4d0e1ed0db588e8e3,GEN 19:32,2,"Ven, demos a beber vino a nuestro padre, y durmamos con él, y conservaremos de nuestro padre generación.",H853,HTo,<obj.>,,,,
4f47930db2dea87a91d6,GEN 19:33,9,"Y dieron a beber vino a su padre aquella noche: y entró la mayor, y durmió con su padre; pero él no sintió cuándo se acostó ella, ni cuándo se levantó.",H853,HTo,<obj.>,,,,
018f47113fa6ad286f98,GEN 19:34,0,"El día siguiente dijo la mayor a la menor: He aquí yo dormí la noche pasada con mi padre; démosle a beber vino también esta noche, y entra y duerme con él, para que conservemos de nuestro padre generación.",H1961,Hc/Vqw3ms,and/ it was,,,,
9a100c552d02ef13a921,GEN 19:34,1,"El día siguiente dijo la mayor a la menor: He aquí yo dormí la noche pasada con mi padre; démosle a beber vino también esta noche, y entra y duerme con él, para que conservemos de nuestro padre generación.",H4283,HR/Ncfsa,from/ [the] next day,,,,
4b3da0fcb7582f98c373,GEN 19:34,4,"El día siguiente dijo la mayor a la menor: He aquí yo dormí la noche pasada con mi padre; démosle a beber vino también esta noche, y entra y duerme con él, para que conservemos de nuestro padre generación.",H413,HR,to,,,,
4d784b0fb44de1f5c253,GEN 19:34,6,"El día siguiente dijo la mayor a la menor: He aquí yo dormí la noche pasada con mi padre; démosle a beber vino también esta noche, y entra y duerme con él, para que conservemos de nuestro padre generación.",H2005,HTj,here!,,,,
3e41b7ccb77b67477b4b,GEN 19:34,9,"El día siguiente dijo la mayor a la menor: He aquí yo dormí la noche pasada con mi padre; démosle a beber vino también esta noche, y entra y duerme con él, para que conservemos de nuestro padre generación.",H853,HTo,<obj.>,,,,
d6f85d6026cbc0395c31,GEN 19:35,4,"Y dieron a beber vino a su padre también aquella noche: y levantóse la menor, y durmió con él; pero no echó de ver cuándo se acostó ella, ni cuándo se levantó.",H853,HTo,<obj.>,,,,
adb5e46d8b29520c87f7,GEN 19:38,7,"La menor también parió un hijo, y llamó su nombre Ben-ammí, el cual es padre de los Ammonitas hasta hoy.",H1151,HNpm,Ben-,,,,
a8430a65a90cc3317d7f,GEN 19:38,8,"La menor también parió un hijo, y llamó su nombre Ben-ammí, el cual es padre de los Ammonitas hasta hoy.",H1151,HNpm,Ammi,,,,
0b1b5952057908cc56b6,GEN 20:1,8,"De allí partió Abraham a la tierra del Mediodía, y asentó entre Cades y Shur, y habitó como forastero en Gerar.",H996,HC/Acmsc,and/ between,,,,
516e88980a50f73c7316,GEN 20:1,10,"De allí partió Abraham a la tierra del Mediodía, y asentó entre Cades y Shur, y habitó como forastero en Gerar.",H1481,Hc/Vqw3ms,and/ he sojourned,,,,
29f07e4b7bd5fbab3238,GEN 20:2,12,"Y dijo Abraham de Sara su mujer: Mi hermana es. Y Abimelech, rey de Gerar, envió y tomó a Sara.",H853,HTo,<obj.>,,,,
5cae0a276aac93b7d1ab,GEN 20:3,2,"Pero Dios vino a Abimelech en sueños de noche, y le dijo: He aquí muerto eres a causa de la mujer que has tomado, la cual es casada con marido.",H413,HR,to,,,,
96a662b15530608737af,GEN 20:3,9,"Pero Dios vino a Abimelech en sueños de noche, y le dijo: He aquí muerto eres a causa de la mujer que has tomado, la cual es casada con marido.",H5921,HR,on,,,,
3c51b1ae985ef34cc826,GEN 20:4,3,"Pero Abimelech no había llegado a ella, y dijo: Señor, ¿matarás también la gente justa?",H413,HRd/Sp3fs,to/ her,,,,
4c0129159233518dd9ed,GEN 20:5,5,"¿No me dijo él: Mi hermana es; y ella también dijo: Es mi hermano? Con sencillez de mi corazón, y con limpieza de mis manos he hecho esto.",H1931,HC/Pp3fs,and/ she,,,,
ba4cfdc59637a5d68ad0,GEN 20:5,7,"¿No me dijo él: Mi hermana es; y ella también dijo: Es mi hermano? Con sencillez de mi corazón, y con limpieza de mis manos he hecho esto.",H1931,HPp3fs,she,,,,
392be23d2362d9b2bbf6,GEN 20:5,10,"¿No me dijo él: Mi hermana es; y ella también dijo: Es mi hermano? Con sencillez de mi corazón, y con limpieza de mis manos he hecho esto.",H1931,HPp3ms,he,,,,
c7131deb8854de9787df,GEN 20:6,15,"Y díjole Dios en sueños: Yo también sé que con integridad de tu corazón has hecho esto; y yo también te detuve de pecar contra mí, y así no te permití que la tocases.",H853,HTo/Sp2ms,<obj.>/ you,,,,
2e2b3a8237605b29dc6f,GEN 20:6,22,"Y díjole Dios en sueños: Yo también sé que con integridad de tu corazón has hecho esto; y yo también te detuve de pecar contra mí, y así no te permití que la tocases.",H413,HRd/Sp3fs,<to>/ her,,,,
4cf683af40bf5b79f71d,GEN 20:7,6,"Ahora, pues, vuelve la mujer a su marido; porque es profeta, y orará por ti, y vivirás. Y si tú no la volvieres, sabe que de cierto morirás, con todo lo que sea tuyo.",H1931,HPp3ms,he,,,,
09585af2acf479785d2f,GEN 20:7,12,"Ahora, pues, vuelve la mujer a su marido; porque es profeta, y orará por ti, y vivirás. Y si tú no la volvieres, sabe que de cierto morirás, con todo lo que sea tuyo.",H7725,HVhrmsa,returning [her],,,,
bbe2a9c9fdaaecb08fda,GEN 20:7,19,"Ahora, pues, vuelve la mujer a su marido; porque es profeta, y orará por ti, y vivirás. Y si tú no la volvieres, sabe que de cierto morirás, con todo lo que sea tuyo.",H834,HTr,who,,,,
98585216f22fe0c50316,GEN 20:8,7,"Entonces Abimelech se levantó de mañana, y llamó a todos sus siervos, y dijo todas estas palabras en los oídos de ellos; y temieron los hombres en gran manera.",H853,HTo,<obj.>,,,,
08e5dc856b52fc2501d2,GEN 20:9,15,"Después llamó Abimelech a Abraham, y le dijo: ¿Qué nos has hecho? ¿y en qué pequé yo contra ti, que has atraído sobre mí y sobre mi reino tan gran pecado? lo que no debiste hacer has hecho conmigo.",H4639,HNcmpa,deeds,,,,
ac768397166370c23cc3,GEN 20:9,20,"Después llamó Abimelech a Abraham, y le dijo: ¿Qué nos has hecho? ¿y en qué pequé yo contra ti, que has atraído sobre mí y sobre mi reino tan gran pecado? lo que no debiste hacer has hecho conmigo.",H5978,HR/Sp1bs,with/ me,,,,
e9218fd3fd200d2857a9,GEN 20:10,2,Y dijo más Abimelech a Abraham: ¿Qué viste para que hicieses esto?,H413,HR,to,,,,
ea979ce3f62fdea67f5a,GEN 20:10,5,Y dijo más Abimelech a Abraham: ¿Qué viste para que hicieses esto?,H7200,HVqp2ms,did you see,,,,
49da556fec7c45515440,GEN 20:10,8,Y dijo más Abimelech a Abraham: ¿Qué viste para que hicieses esto?,H853,HTo,<obj.>,,,,
e7427c81c73e9e6707c9,GEN 20:12,5,"Y a la verdad también es mi hermana, hija de mi padre, pero no hija de mi madre, y toméla por mujer.",H1931,HPp3fs,she,,,,
e5286ddffa46694b12e9,GEN 20:12,6,"Y a la verdad también es mi hermana, hija de mi padre, pero no hija de mi madre, y toméla por mujer.",H389,HD,only,,,,
b43722d9c58f0e98d528,GEN 20:12,10,"Y a la verdad también es mi hermana, hija de mi padre, pero no hija de mi madre, y toméla por mujer.",H1961,Hc/Vqw3fs,and/ she became,,,,
317a6a1725207fb47f45,GEN 20:13,0,"Y fue que, cuando Dios me hizo salir errante de la casa de mi padre, yo le dije: Esta es la merced que tú me harás, que en todos los lugares donde lleguemos, digas de mí: Mi hermano es.",H1961,Hc/Vqw3ms,and/ it was,,,,
61977f98ef8fefcbcc91,GEN 20:13,3,"Y fue que, cuando Dios me hizo salir errante de la casa de mi padre, yo le dije: Esta es la merced que tú me harás, que en todos los lugares donde lleguemos, digas de mí: Mi hermano es.",H853,HTo/Sp1bs,<obj.>/ me,,,,
23c0f40eb4799f3c3385,GEN 20:13,12,"Y fue que, cuando Dios me hizo salir errante de la casa de mi padre, yo le dije: Esta es la merced que tú me harás, que en todos los lugares donde lleguemos, digas de mí: Mi hermano es.",H5978,HR/Sp1bs,with/ me,,,,
324f2a9f19390bb17adc,GEN 20:13,17,"Y fue que, cuando Dios me hizo salir errante de la casa de mi padre, yo le dije: Esta es la merced que tú me harás, que en todos los lugares donde lleguemos, digas de mí: Mi hermano es.",H935,HVqi1cp,we will go,,,,
f1d4802b01a2f0680f44,GEN 20:13,18,"Y fue que, cuando Dios me hizo salir errante de la casa de mi padre, yo le dije: Esta es la merced que tú me harás, que en todos los lugares donde lleguemos, digas de mí: Mi hermano es.",H8033,HD/Sd,there/ towards,,,,
2504475d85742b8430a2,GEN 20:14,9,"Entonces Abimelech tomó ovejas y vacas, y siervos y siervas, y diólo a Abraham, y devolvióle a Sara su mujer.",H853,HTo,<obj.>,,,,
23748f6854f37f1aa87f,GEN 20:15,6,"Y dijo Abimelech: He aquí mi tierra está delante de ti, habita donde bien te parezca.",H5869,HR/Ncfdc/Sp2ms,in/ view/ your,,,,
430a787826b432b0a8cd,GEN 20:17,2,"Entonces Abraham oró a Dios; y Dios sanó a Abimelech y a su mujer, y a sus siervas, y parieron.",H413,HR,to,,,,
f476cc48b0c68355251b,GEN 20:17,6,"Entonces Abraham oró a Dios; y Dios sanó a Abimelech y a su mujer, y a sus siervas, y parieron.",H853,HTo,<obj.>,,,,
07954deec6d3a549fbb7,GEN 20:17,8,"Entonces Abraham oró a Dios; y Dios sanó a Abimelech y a su mujer, y a sus siervas, y parieron.",H853,HC/To,and/ <obj.>,,,,
b2644f54a014ca982b69,GEN 20:18,4,"Porque había del todo cerrado Jehová toda matriz de la casa de Abimelech, a causa de Sara mujer de Abraham.",H1157,HAcbsc,behind,,,,
2746605a282ad3271aca,GEN 20:18,9,"Porque había del todo cerrado Jehová toda matriz de la casa de Abimelech, a causa de Sara mujer de Abraham.",H5921,HR,on,,,,
6282190846d27c9154ee,GEN 21:1,2,"Y visitó Jehová a Sara, como había dicho, e hizo Jehová con Sara como había hablado.",H853,HTo,<obj.>,,,,
8b7c78be2183de649cd6,GEN 21:2,9,"Y concibió y parió Sara a Abraham un hijo en su vejez, en el tiempo que Dios le había dicho.",H854,HRd/Sp3ms,with <the>/ him,,,,
88ca33ff1194cca959de,GEN 21:3,2,"Y llamó Abraham el nombre de su hijo que le nació, que le parió Sara, Isaac.",H853,HTo,<obj.>,,,,
397b18f4d24a7305b334,GEN 21:4,2,"Y circuncidó Abraham a su hijo Isaac de ocho días, como Dios le había mandado.",H853,HTo,<obj.>,,,,
59c831540d8a7871907d,GEN 21:4,5,"Y circuncidó Abraham a su hijo Isaac de ocho días, como Dios le había mandado.",H1121,HNcmsc,a son of,,,,
4b82cf7558a50e69faf6,GEN 21:4,10,"Y circuncidó Abraham a su hijo Isaac de ocho días, como Dios le había mandado.",H853,HTo/Sp3ms,<obj.>/ him,,,,
4f33874052ec219c6171,GEN 21:5,5,"Y era Abraham de cien años, cuando le nació Isaac su hijo.",H853,HTo,<obj.>,,,,
16b75f3448e86affa533,GEN 21:5,7,"Y era Abraham de cien años, cuando le nació Isaac su hijo.",H1121,HNcmsc/Sp3ms,son/ his,,,,
e0560793301965552db2,GEN 21:6,2,"Entonces dijo Sara: Dios me ha hecho reir, y cualquiera que lo oiga, se reirá conmigo.",H6712,HNcmsa,laughter,,,,
45ff2bfa9a289ab1fbe6,GEN 21:6,6,"Entonces dijo Sara: Dios me ha hecho reir, y cualquiera que lo oiga, se reirá conmigo.",H8085,HTd/Vqrmsa,who/ hears,,,,
735115c434d70036d45a,GEN 21:8,8,"Y creció el niño, y fue destetado; e hizo Abraham gran banquete el día que fue destetado Isaac.",H1580,HVNcc,was weaned,,,,
49bc3368fd81a9dc5a62,GEN 21:8,9,"Y creció el niño, y fue destetado; e hizo Abraham gran banquete el día que fue destetado Isaac.",H853,HTo,<obj.>,,,,
2a1c9fe05bd9c175a9b6,GEN 21:9,2,"Y vio Sara al hijo de Agar la Egipcia, el cual había ésta parido a Abraham, que se burlaba.",H853,HTo,<obj.>,,,,
bb273321502d2f869977,GEN 21:9,7,"Y vio Sara al hijo de Agar la Egipcia, el cual había ésta parido a Abraham, que se burlaba.",H3205,HVqp3fs,she had borne,,,,
1ea51fa95d8a2938ef08,GEN 21:10,5,"Por tanto dijo a Abraham: Echa a esta sierva y a su hijo; que el hijo de esta sierva no ha de heredar con mi hijo, con Isaac.",H853,HC/To,and/ <obj.>,,,,
44f5ba5910f73eb5ff11,GEN 21:10,7,"Por tanto dijo a Abraham: Echa a esta sierva y a su hijo; que el hijo de esta sierva no ha de heredar con mi hijo, con Isaac.",H3588,HTc,for,,,,
04b6672b662e63388bbc,GEN 21:11,3,Este dicho pareció grave en gran manera a Abraham a causa de su hijo.,H5869,HR/Ncfdc,in/ [the] eyes of,,,,
93f898d037af34a07884,GEN 21:11,5,Este dicho pareció grave en gran manera a Abraham a causa de su hijo.,H5921,HR,on,,,,
d3a53382d9a1a3adaa4d,GEN 21:12,2,"Entonces dijo Dios a Abraham: No te parezca grave a causa del muchacho y de tu sierva; en todo lo que te diga Sara, oye su voz, porque en Isaac te será llamada descendencia.",H413,HR,to,,,,
31a48b71558e840e4177,GEN 21:12,6,"Entonces dijo Dios a Abraham: No te parezca grave a causa del muchacho y de tu sierva; en todo lo que te diga Sara, oye su voz, porque en Isaac te será llamada descendencia.",H5869,HR/Ncfdc/Sp2ms,in/ view/ your,,,,
c3444f1d7fa05ac890fa,GEN 21:12,13,"Entonces dijo Dios a Abraham: No te parezca grave a causa del muchacho y de tu sierva; en todo lo que te diga Sara, oye su voz, porque en Isaac te será llamada descendencia.",H559,HVqi3fs,she says,,,,
cd15a36e3f4a2745a84b,GEN 21:12,14,"Entonces dijo Dios a Abraham: No te parezca grave a causa del muchacho y de tu sierva; en todo lo que te diga Sara, oye su voz, porque en Isaac te será llamada descendencia.",H413,HRd/Sp2ms,to/ you,,,,
47ac83e2f5b7267e3c57,GEN 21:13,1,"Y también al hijo de la sierva pondré en gente, porque es tu simiente.",H853,HTo,<obj.>,,,,
08e98e6287dfde868a03,GEN 21:13,8,"Y también al hijo de la sierva pondré en gente, porque es tu simiente.",H1931,HPp3ms,he,,,,
3fae5751c1eb6dd948ad,GEN 21:14,8,"Entonces Abraham se levantó muy de mañana, y tomó pan, y un odre de agua, y diólo a Agar, poniéndolo sobre su hombro, y entrególe el muchacho, y despidióla. Y ella partió, y andaba errante por el desierto de Beer-seba.",H413,HR,to,,,,
24e9bf55176dac6c5129,GEN 21:14,13,"Entonces Abraham se levantó muy de mañana, y tomó pan, y un odre de agua, y diólo a Agar, poniéndolo sobre su hombro, y entrególe el muchacho, y despidióla. Y ella partió, y andaba errante por el desierto de Beer-seba.",H853,HC/To,and/ <obj.>,,,,
cb6e0f9c74ed5e294027,GEN 21:14,16,"Entonces Abraham se levantó muy de mañana, y tomó pan, y un odre de agua, y diólo a Agar, poniéndolo sobre su hombro, y entrególe el muchacho, y despidióla. Y ella partió, y andaba errante por el desierto de Beer-seba.",H1980,Hc/Vqw3fs,and/ she went,,,,
268b1e6b532242851e62,GEN 21:14,20,"Entonces Abraham se levantó muy de mañana, y tomó pan, y un odre de agua, y diólo a Agar, poniéndolo sobre su hombro, y entrególe el muchacho, y despidióla. Y ella partió, y andaba errante por el desierto de Beer-seba.",H884,HNpl,Sheba,,,,
a7d131c61e800f283015,GEN 21:15,5,"Y faltó el agua del odre, y echó al muchacho debajo de un árbol;",H853,HTo,<obj.>,,,,
b14fc56a3372d6c12d57,GEN 21:16,0,"Y fuése y sentóse enfrente, alejándose como un tiro de arco; porque decía: No veré cuando el muchacho morirá: y sentóse enfrente, y alzó su voz y lloró.",H1980,Hc/Vqw3fs,and/ she went,,,,
779b639054c2f704b339,GEN 21:16,4,"Y fuése y sentóse enfrente, alejándose como un tiro de arco; porque decía: No veré cuando el muchacho morirá: y sentóse enfrente, y alzó su voz y lloró.",H2909,HR/Vprmpc,like/ [the] shooters of,,,,
bb1905dc400c415cbe8a,GEN 21:16,10,"Y fuése y sentóse enfrente, alejándose como un tiro de arco; porque decía: No veré cuando el muchacho morirá: y sentóse enfrente, y alzó su voz y lloró.",H4194,HR/Ncmsc,on/ [the] death of,,,,
75669d77956cdd38a741,GEN 21:16,12,"Y fuése y sentóse enfrente, alejándose como un tiro de arco; porque decía: No veré cuando el muchacho morirá: y sentóse enfrente, y alzó su voz y lloró.",H3427,Hc/Vqw3fs,and/ she sat,,,,
28a674d6dbd3cabf2ecc,GEN 21:16,15,"Y fuése y sentóse enfrente, alejándose como un tiro de arco; porque decía: No veré cuando el muchacho morirá: y sentóse enfrente, y alzó su voz y lloró.",H853,HTo,<obj.>,,,,
3f96185acd4ea61fab3b,GEN 21:17,8,"Y oyó Dios la voz del muchacho; y el ángel de Dios llamó a Agar desde el cielo, y le dijo: ¿Qué tienes, Agar? No temas; porque Dios ha oído la voz del muchacho en donde está.",H413,HR,to,,,,
ca56196776954fa3cf07,GEN 21:17,20,"Y oyó Dios la voz del muchacho; y el ángel de Dios llamó a Agar desde el cielo, y le dijo: ¿Qué tienes, Agar? No temas; porque Dios ha oído la voz del muchacho en donde está.",H413,HR,<to>,,,,
e8d5d6b626bd2a7abbca,GEN 21:18,5,"Levántate, alza al muchacho, y ásele de tu mano, porque en gran gente lo tengo de poner.",H853,HTo,<obj.>,,,,
fd62abef8b67bbe844a8,GEN 21:19,2,"Entonces abrió Dios sus ojos, y vio una fuente de agua; y fue, y llenó el odre de agua, y dio de beber al muchacho.",H853,HTo,<obj.>,,,,
ebc91e9481d179aa33fb,GEN 21:19,7,"Entonces abrió Dios sus ojos, y vio una fuente de agua; y fue, y llenó el odre de agua, y dio de beber al muchacho.",H1980,Hc/Vqw3fs,and/ she went,,,,
a1935fd5a925961ea67b,GEN 21:19,9,"Entonces abrió Dios sus ojos, y vio una fuente de agua; y fue, y llenó el odre de agua, y dio de beber al muchacho.",H853,HTo,<obj.>,,,,
0381edd5744c4fa24599,GEN 21:19,13,"Entonces abrió Dios sus ojos, y vio una fuente de agua; y fue, y llenó el odre de agua, y dio de beber al muchacho.",H853,HTo,<obj.>,,,,
6a7ef02b1cbfd7f5a52f,GEN 21:20,8,"Y fue Dios con el muchacho; y creció, y habitó en el desierto, y fue tirador de arco.",H7235,HVqrmsa,a shooter,,,,
df2c9019feda9be5885e,GEN 21:20,9,"Y fue Dios con el muchacho; y creció, y habitó en el desierto, y fue tirador de arco.",H7199,HNcmsa,a bowman,,,,
b2e66c1a56efb442a39a,GEN 21:22,8,"Y aconteció en aquel mismo tiempo que habló Abimelech, y Phicol , príncipe de su ejército, a Abraham diciendo: Dios es contigo en todo cuanto haces:",H413,HR,to,,,,
1f39eb8eccca1e650c30,GEN 21:25,2,"Y Abraham reconvino a Abimelech a causa de un pozo de agua, que los siervos de Abimelech le habían quitado.",H853,HTo,<obj.>,,,,
4d2eb8e7a9999c854243,GEN 21:25,4,"Y Abraham reconvino a Abimelech a causa de un pozo de agua, que los siervos de Abimelech le habían quitado.",H5921,HR,on,,,,
6f55894dd5393604c06b,GEN 21:26,6,"Y respondió Abimelech: No sé quién haya hecho esto, ni tampoco tú me lo hiciste saber, ni yo lo he oído hasta hoy.",H853,HTo,<obj.>,,,,
f3f9b20d9c263b0a0c47,GEN 21:26,13,"Y respondió Abimelech: No sé quién haya hecho esto, ni tampoco tú me lo hiciste saber, ni yo lo he oído hasta hoy.",H1571,HC/D,and/ also,,,,
05683a6d466f6e1b816a,GEN 21:26,17,"Y respondió Abimelech: No sé quién haya hecho esto, ni tampoco tú me lo hiciste saber, ni yo lo he oído hasta hoy.",H1115,HNcbsc,except,,,,
39be2b21c6ba1b96ac2a,GEN 21:28,2,Y puso Abraham siete corderas del rebaño aparte.,H853,HTo,<obj.>,,,,
cbdf6568c9a564e0f79d,GEN 21:28,6,Y puso Abraham siete corderas del rebaño aparte.,H905,HR/Ncmsc/Sp3fp,to/ alone/ them,,,,
4e4fe12f74a0c5704191,GEN 21:29,2,Y dijo Abimelech a Abraham: ¿Qué significan esas siete corderas que has puesto aparte?,H413,HR,to,,,,
40c1e4458a2516254053,GEN 21:29,5,Y dijo Abimelech a Abraham: ¿Qué significan esas siete corderas que has puesto aparte?,H2007,HPp3fp,[are] they,,,,
8143df5de379e20a4fea,GEN 21:29,11,Y dijo Abimelech a Abraham: ¿Qué significan esas siete corderas que has puesto aparte?,H905,HR/Ncmsc/Sp3fp,to/ alone/ them,,,,
78c7377a2e804303a3f5,GEN 21:30,2,"Y él respondió: Que estas siete corderas tomarás de mi mano, para que me sean en testimonio de que yo cavé este pozo.",H853,HTo,<obj.>,,,,
807e2285b19cdd51f80e,GEN 21:30,7,"Y él respondió: Que estas siete corderas tomarás de mi mano, para que me sean en testimonio de que yo cavé este pozo.",H5668,HR/Ncmsa,in/order that,,,,
f7784fa7c237a2f2825a,GEN 21:30,8,"Y él respondió: Que estas siete corderas tomarás de mi mano, para que me sean en testimonio de que yo cavé este pozo.",H1961,HVqj3fs,it may become,,,,
80c10f7584b15eeab9d3,GEN 21:30,12,"Y él respondió: Que estas siete corderas tomarás de mi mano, para que me sean en testimonio de que yo cavé este pozo.",H853,HTo,<obj.>,,,,
33beef24fb2e7ddaf49a,GEN 21:31,6,Por esto llamó a aquel lugar Beer-seba; porque allí juraron ambos.,H884,HNpl,Sheba,,,,
babd41c6805a2878c8ff,GEN 21:32,3,"Así hicieron alianza en Beer-seba: y levantóse Abimelech, y Phicol, príncipe de su ejército, y se volvieron a tierra de los Filisteos.",H884,HNpl,Sheba,,,,
0b592936525b7d0c7a49,GEN 21:32,10,"Así hicieron alianza en Beer-seba: y levantóse Abimelech, y Phicol, príncipe de su ejército, y se volvieron a tierra de los Filisteos.",H413,HR,to,,,,
c8e8e072331c821dc67f,GEN 21:33,3,"Y plantó Abraham un bosque en Beer-seba, e invocó allí el nombre de Jehová Dios eterno.",H884,HNpl,Sheba,,,,
549f7108181cc1e4842e,GEN 22:1,5,"Y aconteció después de estas cosas, que tentó Dios a Abraham, y le dijo: Abraham. Y él respondió: Heme aquí.",H5254,HVpp3ms,he put to [the] test,,,,
7a3482fd81f98b3fe18c,GEN 22:1,6,"Y aconteció después de estas cosas, que tentó Dios a Abraham, y le dijo: Abraham. Y él respondió: Heme aquí.",H853,HTo,<obj.>,,,,
2a8b75ae6b443631a608,GEN 22:2,3,"Y dijo: Toma ahora tu hijo, tu único, Isaac, a quien amas, y vete a tierra de Moriah, y ofrécelo allí en holocausto sobre uno de los montes que yo te diré.",H853,HTo,<obj.>,,,,
490c894d31e8d09062e5,GEN 22:2,5,"Y dijo: Toma ahora tu hijo, tu único, Isaac, a quien amas, y vete a tierra de Moriah, y ofrécelo allí en holocausto sobre uno de los montes que yo te diré.",H853,HTo,<obj.>,,,,
588788ec7003979536cc,GEN 22:2,9,"Y dijo: Toma ahora tu hijo, tu único, Isaac, a quien amas, y vete a tierra de Moriah, y ofrécelo allí en holocausto sobre uno de los montes que yo te diré.",H853,HTo,<obj.>,,,,
ea1a6cbb46512257ba07,GEN 22:2,11,"Y dijo: Toma ahora tu hijo, tu único, Isaac, a quien amas, y vete a tierra de Moriah, y ofrécelo allí en holocausto sobre uno de los montes que yo te diré.",H1980,HC/Vqv2ms,and/ go,,,,
c0b3578bec7b646e5ff8,GEN 22:2,21,"Y dijo: Toma ahora tu hijo, tu único, Isaac, a quien amas, y vete a tierra de Moriah, y ofrécelo allí en holocausto sobre uno de los montes que yo te diré.",H834,HTr,which,,,,
3247f3e4e0c415cda982,GEN 22:2,23,"Y dijo: Toma ahora tu hijo, tu único, Isaac, a quien amas, y vete a tierra de Moriah, y ofrécelo allí en holocausto sobre uno de los montes que yo te diré.",H413,HRd/Sp2ms,to/ you,,,,
fbb0e3cda922019a24aa,GEN 22:3,4,"Y Abraham se levantó muy de mañana, y enalbardó su asno, y tomó consigo dos mozos suyos, y a Isaac su hijo: y cortó leña para el holocausto, y levantóse, y fue al lugar que Dios le dijo.",H853,HTo,<obj.>,,,,
e54884c1dd47957c8f68,GEN 22:3,7,"Y Abraham se levantó muy de mañana, y enalbardó su asno, y tomó consigo dos mozos suyos, y a Isaac su hijo: y cortó leña para el holocausto, y levantóse, y fue al lugar que Dios le dijo.",H853,HTo,<obj.>,,,,
2482de440adf69233ed2,GEN 22:3,11,"Y Abraham se levantó muy de mañana, y enalbardó su asno, y tomó consigo dos mozos suyos, y a Isaac su hijo: y cortó leña para el holocausto, y levantóse, y fue al lugar que Dios le dijo.",H853,HC/To,and/ <obj.>,,,,
599b9931ec9b432d178c,GEN 22:3,18,"Y Abraham se levantó muy de mañana, y enalbardó su asno, y tomó consigo dos mozos suyos, y a Isaac su hijo: y cortó leña para el holocausto, y levantóse, y fue al lugar que Dios le dijo.",H1980,Hc/Vqw3ms,and/ he went,,,,
bbd2359d4dee51b1c549,GEN 22:4,4,"Al tercer día alzó Abraham sus ojos, y vio el lugar de lejos.",H853,HTo,<obj.>,,,,
ec7707ffc716d20db3f7,GEN 22:4,7,"Al tercer día alzó Abraham sus ojos, y vio el lugar de lejos.",H853,HTo,<obj.>,,,,
8bdffc001efe61dd3849,GEN 22:5,2,"Entonces dijo Abraham a sus mozos: Espérense aquí con el asno, y yo y el muchacho iremos hasta allí, y adoraremos, y volveremos a ustedes.",H413,HR,to,,,,
9545ab782657fcfeb2fa,GEN 22:5,4,"Entonces dijo Abraham a sus mozos: Espérense aquí con el asno, y yo y el muchacho iremos hasta allí, y adoraremos, y volveremos a ustedes.",H3427,HVqv2mp,remain,,,,
affefac210186c2b87e4,GEN 22:5,10,"Entonces dijo Abraham a sus mozos: Espérense aquí con el asno, y yo y el muchacho iremos hasta allí, y adoraremos, y volveremos a ustedes.",H1980,HVqc1cp,we will go,,,,
f427274b789035f8387c,GEN 22:5,15,"Entonces dijo Abraham a sus mozos: Espérense aquí con el asno, y yo y el muchacho iremos hasta allí, y adoraremos, y volveremos a ustedes.",H413,HRd/Sp2mp,to/ you,,,,
463e9a0dc2bae0d08c26,GEN 22:6,2,"Y tomó Abraham la leña del holocausto, y púsola sobre Isaac su hijo: y él tomó en su mano el fuego y el cuchillo; y fueron ambos juntos.",H853,HTo,<obj.>,,,,
b0f2d2343ac2be5ff365,GEN 22:6,11,"Y tomó Abraham la leña del holocausto, y púsola sobre Isaac su hijo: y él tomó en su mano el fuego y el cuchillo; y fueron ambos juntos.",H853,HTo,<obj.>,,,,
29b89560a3e2ffd94111,GEN 22:6,13,"Y tomó Abraham la leña del holocausto, y púsola sobre Isaac su hijo: y él tomó en su mano el fuego y el cuchillo; y fueron ambos juntos.",H853,HC/To,and/ <obj.>,,,,
20806eb51f873f55e669,GEN 22:6,15,"Y tomó Abraham la leña del holocausto, y púsola sobre Isaac su hijo: y él tomó en su mano el fuego y el cuchillo; y fueron ambos juntos.",H1980,Hc/Vqw3mp,and/ they went,,,,
d7cd999c047764d6b99b,GEN 22:7,2,"Entonces habló Isaac a Abraham su padre, y dijo: Padre mío. Y él respondió: Heme aquí, mi hijo. Y él dijo: He aquí el fuego y la leña; pero ¿dónde está el cordero para el holocausto?",H413,HR,to,,,,
5e86eefa37b6e9ad3b3d,GEN 22:8,7,"Y respondió Abraham: Dios se proveerá de cordero para el holocausto, hijo mío. E iban juntos.",H1980,Hc/Vqw3mp,and/ they went,,,,
8738e7def74446aeb875,GEN 22:8,8,"Y respondió Abraham: Dios se proveerá de cordero para el holocausto, hijo mío. E iban juntos.",H8147,HAcbdc/Sp3mp,[the] two of/ them,,,,
a8559c928bf0215a02ee,GEN 22:9,9,"Y como llegaron al lugar que Dios le había dicho, edificó allí Abraham un altar, y compuso la leña, y ató a Isaac su hijo, y púsole en el altar sobre la leña.",H853,HTo,<obj.>,,,,
a80ea5bdf4f0eb2991e6,GEN 22:9,12,"Y como llegaron al lugar que Dios le había dicho, edificó allí Abraham un altar, y compuso la leña, y ató a Isaac su hijo, y púsole en el altar sobre la leña.",H853,HTo,<obj.>,,,,
9c7f89a47dfc9f9f4785,GEN 22:9,15,"Y como llegaron al lugar que Dios le había dicho, edificó allí Abraham un altar, y compuso la leña, y ató a Isaac su hijo, y púsole en el altar sobre la leña.",H853,HTo,<obj.>,,,,
ba9a03381bc2687ebe3e,GEN 22:9,19,"Y como llegaron al lugar que Dios le había dicho, edificó allí Abraham un altar, y compuso la leña, y ató a Isaac su hijo, y púsole en el altar sobre la leña.",H853,HTo/Sp3ms,<obj.>/ him,,,,
f2b89869c2cca54a77f5,GEN 22:10,2,"Y extendió Abraham su mano, y tomó el cuchillo, para degollar a su hijo.",H853,HTo,<obj.>,,,,
9880a2858a953c0e7b8c,GEN 22:10,5,"Y extendió Abraham su mano, y tomó el cuchillo, para degollar a su hijo.",H853,HTo,<obj.>,,,,
1b8a39efe4e76b1fbff5,GEN 22:10,8,"Y extendió Abraham su mano, y tomó el cuchillo, para degollar a su hijo.",H853,HTo,<obj.>,,,,
209cf2c8156422b80ed3,GEN 22:11,4,"Entonces el ángel de Jehová le dio voces del cielo, y dijo: Abraham, Abraham. Y él respondió: Heme aquí.",H4480,HR,from,,,,
f97fbbd4136e441dd499,GEN 22:12,4,"Y dijo: No extiendas tu mano sobre el muchacho, ni le hagas nada; que ya conozco que temes a Dios, pues que no me rehusaste tu hijo, tu único.",H413,HR,against,,,,
8674c3ba5a0223bcd533,GEN 22:12,18,"Y dijo: No extiendas tu mano sobre el muchacho, ni le hagas nada; que ya conozco que temes a Dios, pues que no me rehusaste tu hijo, tu único.",H853,HTo,<obj.>,,,,
d6e43ed2b0d8235cbe78,GEN 22:12,20,"Y dijo: No extiendas tu mano sobre el muchacho, ni le hagas nada; que ya conozco que temes a Dios, pues que no me rehusaste tu hijo, tu único.",H853,HTo,<obj.>,,,,
799aaeb3d88c7a0bf1a7,GEN 22:13,2,"Entonces alzó Abraham sus ojos, y miró, y he aquí un carnero a sus espaldas trabado en un zarzal por sus cuernos: y fue Abraham, y tomó el carnero, y ofrecióle en holocausto en lugar de su hijo.",H853,HTo,<obj.>,,,,
ce51e64d8ebc7187fa2c,GEN 22:13,11,"Entonces alzó Abraham sus ojos, y miró, y he aquí un carnero a sus espaldas trabado en un zarzal por sus cuernos: y fue Abraham, y tomó el carnero, y ofrecióle en holocausto en lugar de su hijo.",H1980,Hc/Vqw3ms,and/ he went,,,,
5b90c7c2a08f5ace3c89,GEN 22:13,14,"Entonces alzó Abraham sus ojos, y miró, y he aquí un carnero a sus espaldas trabado en un zarzal por sus cuernos: y fue Abraham, y tomó el carnero, y ofrecióle en holocausto en lugar de su hijo.",H853,HTo,<obj.>,,,,
a5453560431ab9a3389d,GEN 22:15,3,"Y llamó el ángel de Jehová a Abraham segunda vez desde el cielo,",H413,HR,to,,,,
26f72f04596b00f9ced5,GEN 22:16,8,"Y dijo: Por mí mismo he jurado, dice Jehová, que por cuanto has hecho esto, y no me has rehusado tu hijo, tu único;",H853,HTo,<obj.>,,,,
f89aadeeaf7ac59e518f,GEN 22:16,13,"Y dijo: Por mí mismo he jurado, dice Jehová, que por cuanto has hecho esto, y no me has rehusado tu hijo, tu único;",H853,HTo,<obj.>,,,,
95ca75e415dfe50abffb,GEN 22:16,15,"Y dijo: Por mí mismo he jurado, dice Jehová, que por cuanto has hecho esto, y no me has rehusado tu hijo, tu único;",H853,HTo,<obj.>,,,,
0e6a5e702bfa867568ae,GEN 22:17,0,"Bendiciendo te bendeciré, y multiplicando multiplicaré tu simiente como las estrellas del cielo, y como la arena que está a la orilla del mar; y tu simiente poseerá las puertas de sus enemigos:",H3588,HTc,for,,,,
45c27eb5f6c4d15b0c06,GEN 22:17,5,"Bendiciendo te bendeciré, y multiplicando multiplicaré tu simiente como las estrellas del cielo, y como la arena que está a la orilla del mar; y tu simiente poseerá las puertas de sus enemigos:",H853,HTo,<obj.>,,,,
698ec6bdd211788349fb,GEN 22:17,11,"Bendiciendo te bendeciré, y multiplicando multiplicaré tu simiente como las estrellas del cielo, y como la arena que está a la orilla del mar; y tu simiente poseerá las puertas de sus enemigos:",H5921,HR,[is] on,,,,
d16c064bb95290d5b96b,GEN 22:17,16,"Bendiciendo te bendeciré, y multiplicando multiplicaré tu simiente como las estrellas del cielo, y como la arena que está a la orilla del mar; y tu simiente poseerá las puertas de sus enemigos:",H853,HTo,<obj.>,,,,
1f7b60cf7989eb594821,GEN 22:19,2,"Y tornóse Abraham a sus mozos, y levantáronse y se fueron juntos a Beer-seba; y habitó Abraham en Beer-seba.",H413,HR,to,,,,
b2952616c016d9e861db,GEN 22:19,5,"Y tornóse Abraham a sus mozos, y levantáronse y se fueron juntos a Beer-seba; y habitó Abraham en Beer-seba.",H1980,Hc/Vqw3mp,and/ they went,,,,
a4a1f186975a2d19c20b,GEN 22:19,7,"Y tornóse Abraham a sus mozos, y levantáronse y se fueron juntos a Beer-seba; y habitó Abraham en Beer-seba.",H413,HR,to,,,,
3ce0462a51c3c12f32e9,GEN 22:19,12,"Y tornóse Abraham a sus mozos, y levantáronse y se fueron juntos a Beer-seba; y habitó Abraham en Beer-seba.",H884,HR/Npl,in/ Beer,,,,
19e0a18d21224e9bb5f9,GEN 22:19,13,"Y tornóse Abraham a sus mozos, y levantáronse y se fueron juntos a Beer-seba; y habitó Abraham en Beer-seba.",H884,HNpl,Sheba,,,,
c924fd899e520b7046fe,GEN 22:20,8,"Y aconteció después de estas cosas, que fue dada nueva a Abraham, diciendo: He aquí que también Milca ha parido hijos a Nachôr tu hermano:",H3205,HVqp3fs,she has borne,,,,
2afb8952113011889cd5,GEN 22:20,11,"Y aconteció después de estas cosas, que fue dada nueva a Abraham, diciendo: He aquí que también Milca ha parido hijos a Nachôr tu hermano:",H1931,HPp3fs,she,,,,
d3ca0e3e9294d2e5588b,GEN 22:21,0,"A Huz su primogénito, y a Buz su hermano, y a Kemuel padre de Aram,",H853,HTo,<obj.>,,,,
13581c991ded5ad15d4d,GEN 22:21,1,"A Huz su primogénito, y a Buz su hermano, y a Kemuel padre de Aram,",H5780,HNpm,Uz,,,,
edfb0c8417452caedb76,GEN 22:21,3,"A Huz su primogénito, y a Buz su hermano, y a Kemuel padre de Aram,",H853,HC/To,and/ <obj.>,,,,
87d431dc636cf65bf5db,GEN 22:21,6,"A Huz su primogénito, y a Buz su hermano, y a Kemuel padre de Aram,",H853,HC/To,and/ <obj.>,,,,
983ab20a5ed4a78df8c0,GEN 22:22,0,"Y a Chêsed, y a Hazo, y a Pildas, y a Jidlaph, y a Bethuel.",H853,HC/To,and/ <obj.>,,,,
d81587c148292ad0c152,GEN 22:22,2,"Y a Chêsed, y a Hazo, y a Pildas, y a Jidlaph, y a Bethuel.",H853,HC/To,and/ <obj.>,,,,
71756e3fc3b4e287a5c8,GEN 22:22,4,"Y a Chêsed, y a Hazo, y a Pildas, y a Jidlaph, y a Bethuel.",H853,HC/To,and/ <obj.>,,,,
12c4e7f5374a564319a5,GEN 22:22,6,"Y a Chêsed, y a Hazo, y a Pildas, y a Jidlaph, y a Bethuel.",H853,HC/To,and/ <obj.>,,,,
732d2e32897830afbc73,GEN 22:22,8,"Y a Chêsed, y a Hazo, y a Pildas, y a Jidlaph, y a Bethuel.",H853,HC/To,and/ <obj.>,,,,
34682ca45035b3e16ea0,GEN 22:23,2,"Y Bethuel engendró a Rebeca. Estos ocho parió Milca a Nachôr, hermano de Abraham.",H853,HTo,<obj.>,,,,
78ca48ec46365c094569,GEN 22:24,6,"Y su concubina, que se llamaba Reúma, parió también a Teba, y a Gaham, y a Taas, y a Maachâ.",H853,HTo,<obj.>,,,,
008b4f1f9e9bedaec3e5,GEN 22:24,8,"Y su concubina, que se llamaba Reúma, parió también a Teba, y a Gaham, y a Taas, y a Maachâ.",H853,HC/To,and/ <obj.>,,,,
7abb68d97804c0c374ef,GEN 22:24,10,"Y su concubina, que se llamaba Reúma, parió también a Teba, y a Gaham, y a Taas, y a Maachâ.",H853,HC/To,and/ <obj.>,,,,
f114f9f3d7530471d486,GEN 22:24,12,"Y su concubina, que se llamaba Reúma, parió también a Teba, y a Gaham, y a Taas, y a Maachâ.",H853,HC/To,and/ <obj.>,,,,
e778794d44d2d25cfe79,GEN 23:1,8,Y fue la vida de Sara ciento veintisiete años: tantos fueron los años de la vida de Sara.,H8141,HNcmpa,years,,,,
d1af131c132ca6ec19bf,GEN 23:1,9,Y fue la vida de Sara ciento veintisiete años: tantos fueron los años de la vida de Sara.,H8141,HNcmpc,[the] years of,,,,
bf33bdd4f9b343c08afe,GEN 23:2,3,"Y murió Sara en Kiriath-arba, que es Hebrón, en la tierra de Canaán: y vino Abraham a hacer el duelo a Sara, y a llorarla.",H7153,HNpl,Arba,,,,
2627d253b05cc7c195da,GEN 23:3,2,"Y levantóse Abraham de delante de su muerto, y habló a los hijos de Heth, diciendo:",H5921,HR/R,from/ on,,,,
1c912f6e1dfd30104416,GEN 23:3,4,"Y levantóse Abraham de delante de su muerto, y habló a los hijos de Heth, diciendo:",H4191,HVqrmsc/Sp3ms,dead/ his,,,,
b7a71a6952fedbaf199b,GEN 23:3,6,"Y levantóse Abraham de delante de su muerto, y habló a los hijos de Heth, diciendo:",H413,HR,to,,,,
a3490784905aa1675fcf,GEN 23:4,4,"Peregrino y advenedizo soy entre ustedes; denme heredad de sepultura con ustedes, y sepultaré mi muerto de delante de mí.",H5414,HVqv2mp,give,,,,
54dbd7390c4217b29941,GEN 23:4,7,"Peregrino y advenedizo soy entre ustedes; denme heredad de sepultura con ustedes, y sepultaré mi muerto de delante de mí.",H5973,HRd/Sp2mp,with/ you,,,,
14c8d98b500fb7682322,GEN 23:4,9,"Peregrino y advenedizo soy entre ustedes; denme heredad de sepultura con ustedes, y sepultaré mi muerto de delante de mí.",H4191,HVqrmsc/Sp1bs,dead/ my,,,,
eb2e7647e893f34c307c,GEN 23:5,3,"Y respondieron los hijos de Heth a Abraham, y dijéronle:",H853,HTo,<obj.>,,,,
e8b4a42577e18557543e,GEN 23:6,9,"Oyenos, señor mío, eres un príncipe de Dios entre nosotros; en lo mejor de nuestras sepulturas sepulta a tu muerto; ninguno de nosotros te impedirá su sepultura, para que entierres tu muerto.",H853,HTo,<obj.>,,,,
937aaed5170400f80260,GEN 23:6,13,"Oyenos, señor mío, eres un príncipe de Dios entre nosotros; en lo mejor de nuestras sepulturas sepulta a tu muerto; ninguno de nosotros te impedirá su sepultura, para que entierres tu muerto.",H853,HTo,<obj.>,,,,
bbf9f374c3b255640d13,GEN 23:6,14,"Oyenos, señor mío, eres un príncipe de Dios entre nosotros; en lo mejor de nuestras sepulturas sepulta a tu muerto; ninguno de nosotros te impedirá su sepultura, para que entierres tu muerto.",H6913,HNcmsc/Sp3ms,burial site/ his,,,,
85f5ccde0a00e7a3ea60,GEN 23:6,19,"Oyenos, señor mío, eres un príncipe de Dios entre nosotros; en lo mejor de nuestras sepulturas sepulta a tu muerto; ninguno de nosotros te impedirá su sepultura, para que entierres tu muerto.",H4191,HVqrmsc/Sp2ms,dead/ your,,,,
e517fb19fce279f4cdd8,GEN 23:8,1,"Y habló con ellos, diciendo: Si tienen voluntad que yo sepulte mi muerto de delante de mí, óiganme, e intercedan por mí con Ephrón, hijo de Zohar,",H854,HRd/Sp3mp,with/ them,,,,
e3743504e4566dfe126c,GEN 23:8,4,"Y habló con ellos, diciendo: Si tienen voluntad que yo sepulte mi muerto de delante de mí, óiganme, e intercedan por mí con Ephrón, hijo de Zohar,",H3426,HAcbsa,there,,,,
21da302de1d6a6176e09,GEN 23:8,5,"Y habló con ellos, diciendo: Si tienen voluntad que yo sepulte mi muerto de delante de mí, óiganme, e intercedan por mí con Ephrón, hijo de Zohar,",H854,HR,with,,,,
de7fd134ec97175b8566,GEN 23:8,9,"Y habló con ellos, diciendo: Si tienen voluntad que yo sepulte mi muerto de delante de mí, óiganme, e intercedan por mí con Ephrón, hijo de Zohar,",H4191,HVqrmsc/Sp1bs,dead/ my,,,,
16c02ab59d690df7994a,GEN 23:8,11,"Y habló con ellos, diciendo: Si tienen voluntad que yo sepulte mi muerto de delante de mí, óiganme, e intercedan por mí con Ephrón, hijo de Zohar,",H8085,HVqv2mp/Sp1bs,listen to/ me,,,,
b2c0fbe184b7cb1041ca,GEN 23:8,12,"Y habló con ellos, diciendo: Si tienen voluntad que yo sepulte mi muerto de delante de mí, óiganme, e intercedan por mí con Ephrón, hijo de Zohar,",H6293,HC/Vqv2mp,and/ entreat,,,,
3b237b74a33036e96a59,GEN 23:9,1,"Para que me dé la cueva de Macpela, que tiene al cabo de su heredad: que por su justo precio me la dé, para posesión de sepultura en medio de ustedes.",H853,HTo,<obj.>,,,,
46bfc3dcdef5a31edbbb,GEN 23:10,8,"Este Ephrón hallábase entre los hijos de Heth: y respondió Ephrón Hetheo a Abraham, en oídos de los hijos de Heth, de todos los que entraban por la puerta de su ciudad, diciendo:",H853,HTo,<obj.>,,,,
9824be0645df32d5e9e8,GEN 23:10,10,"Este Ephrón hallábase entre los hijos de Heth: y respondió Ephrón Hetheo a Abraham, en oídos de los hijos de Heth, de todos los que entraban por la puerta de su ciudad, diciendo:",H241,HR/Ncfdc,in/ [the] ears of,,,,
a2c747d40a9a08ed4ccf,GEN 23:13,1,"Y respondió a Ephrón en oídos del pueblo de la tierra, diciendo: Antes, si te place, ruégote que me oigas; yo daré el precio de la heredad, tómalo de mí, y sepultaré en ella mi muerto.",H413,HR,to,,,,
139a84c998aeac78d09d,GEN 23:13,3,"Y respondió a Ephrón en oídos del pueblo de la tierra, diciendo: Antes, si te place, ruégote que me oigas; yo daré el precio de la heredad, tómalo de mí, y sepultaré en ella mi muerto.",H241,HR/Ncfdc,in/ [the] ears of,,,,
10cdeb54c5e3d539f779,GEN 23:13,18,"Y respondió a Ephrón en oídos del pueblo de la tierra, diciendo: Antes, si te place, ruégote que me oigas; yo daré el precio de la heredad, tómalo de mí, y sepultaré en ella mi muerto.",H853,HTo,<obj.>,,,,
e2cc469087c666d8c15d,GEN 23:14,2,"Y respondió Ephrón a Abraham, diciéndole:",H853,HTo,<obj.>,,,,
746a8026d7ead10adbf8,GEN 23:15,8,"Señor mío, escúchame: la tierra vale cuatrocientos siclos de plata: ¿qué es esto entre mí y ti? entierra pues tu muerto.",H996,HC/Acmsc/Sp2ms,and/ between/ you,,,,
7e205c1d9ec55832265c,GEN 23:15,11,"Señor mío, escúchame: la tierra vale cuatrocientos siclos de plata: ¿qué es esto entre mí y ti? entierra pues tu muerto.",H853,HC/To,and/ <obj.>,,,,
2918415463b1d77353d5,GEN 23:16,7,"Entonces Abraham se convino con Ephrón, y pesó Abraham a Ephrón el dinero que dijo, oyéndolo los hijos de Heth, cuatrocientos siclos de plata, de buena ley entre mercaderes.",H853,HTo,<obj.>,,,,
092ba9a164814dc051c5,GEN 23:16,11,"Entonces Abraham se convino con Ephrón, y pesó Abraham a Ephrón el dinero que dijo, oyéndolo los hijos de Heth, cuatrocientos siclos de plata, de buena ley entre mercaderes.",H241,HR/Ncfdc,in/ [the] ears of,,,,
3b7474f09e89fa5e23d9,GEN 23:17,6,"Y quedó la heredad de Ephrón que estaba en Macpela enfrente de Mamre, la heredad y la cueva que estaba en ella, y todos los árboles que había en la heredad, y en todo su término al derredor,",H6440,HR/Ncmpc,[was] <to>/ before,,,,
c9dd70ee4cc89ed29f77,GEN 23:17,13,"Y quedó la heredad de Ephrón que estaba en Macpela enfrente de Mamre, la heredad y la cueva que estaba en ella, y todos los árboles que había en la heredad, y en todo su término al derredor,",H834,HTr,which,,,,
d90817f41d8bde9790c9,GEN 23:17,15,"Y quedó la heredad de Ephrón que estaba en Macpela enfrente de Mamre, la heredad y la cueva que estaba en ella, y todos los árboles que había en la heredad, y en todo su término al derredor,",H834,HTr,which,,,,
9848edb0fec272bc36f5,GEN 23:18,1,"Por de Abraham en posesión, a vista de los hijos de Heth, y de todos los que entraban por la puerta de la ciudad.",H4736,HR/Ncfsa,to/ a possession,,,,
8fca9f8d90e66d7f1bc2,GEN 23:18,2,"Por de Abraham en posesión, a vista de los hijos de Heth, y de todos los que entraban por la puerta de la ciudad.",H5869,HR/Ncfdc,to/ [the] eyes of,,,,
1263c09f79596e8afd23,GEN 23:19,4,"Y después de esto sepultó Abraham a Sara su mujer en la cueva de la heredad de Macpela enfrente de Mamre, que es Hebrón en la tierra de Canaán.",H853,HTo,<obj.>,,,,
ffee31c207c8fee267ad,GEN 23:19,12,"Y después de esto sepultó Abraham a Sara su mujer en la cueva de la heredad de Macpela enfrente de Mamre, que es Hebrón en la tierra de Canaán.",H6440,HNcmpc,[the] face of,,,,
cc9cee03bbdd835af482,GEN 23:20,7,"Y quedó la heredad y la cueva que en ella había, por de Abraham, en posesión de sepultura adquirida de los hijos de Heth.",H854,HR/R,from/ with,,,,
abbfc7378f36802aee85,GEN 24:1,6,"Y abraham era viejo, y bien entrado en días; y Jehová había bendecido a Abraham en todo.",H853,HTo,<obj.>,,,,
3b229b84302ce9c7d79b,GEN 24:2,2,"Y dijo Abraham a un criado suyo, el más viejo de su casa, que era el que gobernaba en todo lo que tenía: Pon ahora tu mano debajo de mi muslo,",H413,HR,to,,,,
651753e8e707e3c49edf,GEN 24:3,8,"Y te juramentaré por Jehová, Dios de los cielos y Dios de la tierra, que no has de tomar mujer para mi hijo de las hijas de los Cananeos, entre los cuales yo habito;",H3947,HVqi2ms,you will take,,,,
1611df2a8eed0630a64e,GEN 24:4,1,"Sino que irás a mi tierra y a mi parentela, y tomarás mujer para mi hijo Isaac.",H413,HR,to,,,,
080ec18138ceb5bfe49b,GEN 24:4,3,"Sino que irás a mi tierra y a mi parentela, y tomarás mujer para mi hijo Isaac.",H413,HC/R,and/ to,,,,
4d7f05e624a7db6d4abf,GEN 24:4,5,"Sino que irás a mi tierra y a mi parentela, y tomarás mujer para mi hijo Isaac.",H1980,HVqi2ms,you will go,,,,
0fff19b27a9169b13865,GEN 24:5,7,"Y el criado le respondió: Quizá la mujer no querrá venir en pos de mí a esta tierra: ¿volveré, pues, tu hijo a la tierra de donde saliste?",H1980,HR/Vqcc,to/ go,,,,
4d6bb1a734dc6b0e32bc,GEN 24:5,9,"Y el criado le respondió: Quizá la mujer no querrá venir en pos de mí a esta tierra: ¿volveré, pues, tu hijo a la tierra de donde saliste?",H413,HR,to,,,,
1a0449109c0b8158294d,GEN 24:5,14,"Y el criado le respondió: Quizá la mujer no querrá venir en pos de mí a esta tierra: ¿volveré, pues, tu hijo a la tierra de donde saliste?",H853,HTo,<obj.>,,,,
461855fbfcdecfcb99c1,GEN 24:5,16,"Y el criado le respondió: Quizá la mujer no querrá venir en pos de mí a esta tierra: ¿volveré, pues, tu hijo a la tierra de donde saliste?",H413,HR,to,,,,
20a3bcfe30a6f64759d1,GEN 24:6,6,Y Abraham le dijo: Guárdate que no vuelvas a mi hijo allá.,H853,HTo,<obj.>,,,,
a1019ffa9289cb0ac500,GEN 24:7,9,"Jehová, Dios de los cielos, que me tomó de la casa de mi padre y de la tierra de mi parentela, y me habló y me juró, diciendo: A tu simiente daré esta tierra; él enviará su ángel delante de ti, y tú tomarás de allá mujer para mi hijo.",H834,HC/Tr,and/ who,,,,
97948d8c60caae10f3c9,GEN 24:7,11,"Jehová, Dios de los cielos, que me tomó de la casa de mi padre y de la tierra de mi parentela, y me habló y me juró, diciendo: A tu simiente daré esta tierra; él enviará su ángel delante de ti, y tú tomarás de allá mujer para mi hijo.",H834,HC/Tr,and/ who,,,,
2af61b87b3c1c80ef9b1,GEN 24:7,16,"Jehová, Dios de los cielos, que me tomó de la casa de mi padre y de la tierra de mi parentela, y me habló y me juró, diciendo: A tu simiente daré esta tierra; él enviará su ángel delante de ti, y tú tomarás de allá mujer para mi hijo.",H853,HTo,<obj.>,,,,
14a779896ab0f97fcdff,GEN 24:7,23,"Jehová, Dios de los cielos, que me tomó de la casa de mi padre y de la tierra de mi parentela, y me habló y me juró, diciendo: A tu simiente daré esta tierra; él enviará su ángel delante de ti, y tú tomarás de allá mujer para mi hijo.",H3947,Hc/Vqq2ms,and/ you will take,,,,
383f4e31c69c983d9ebc,GEN 24:8,2,"Y si la mujer no quiere venir en pos de ti, serás libre de este mi juramento; solamente que no vuelvas allá a mi hijo.",H14,HVqi3fs,she will be willing,,,,
3e70c9293c81ab2285db,GEN 24:8,4,"Y si la mujer no quiere venir en pos de ti, serás libre de este mi juramento; solamente que no vuelvas allá a mi hijo.",H1980,HR/Vqcc,to/ go,,,,
866f67a0bb26368caaa0,GEN 24:8,10,"Y si la mujer no quiere venir en pos de ti, serás libre de este mi juramento; solamente que no vuelvas allá a mi hijo.",H853,HTo,<obj.>,,,,
1ad7dea6e6e4a65b40c6,GEN 24:9,2,"Entonces el criado puso su mano debajo del muslo de Abraham su señor, y juróle sobre este negocio.",H853,HTo,<obj.>,,,,
e862e8b4e4542e07f043,GEN 24:10,6,"Y el criado tomó diez camellos de los camellos de su señor, y fuése, pues tenía a su disposición todos los bienes de su señor: y puesto en camino, llegó a Mesopotamia, a la ciudad de Nachôr.",H1980,Hc/Vqw3ms,and/ he went,,,,
0d5bcb0908d85188d749,GEN 24:10,8,"Y el criado tomó diez camellos de los camellos de su señor, y fuése, pues tenía a su disposición todos los bienes de su señor: y puesto en camino, llegó a Mesopotamia, a la ciudad de Nachôr.",H2898,HNcmsc,<the> good thing of,,,,
6c61e5ee346d5d15da46,GEN 24:10,12,"Y el criado tomó diez camellos de los camellos de su señor, y fuése, pues tenía a su disposición todos los bienes de su señor: y puesto en camino, llegó a Mesopotamia, a la ciudad de Nachôr.",H1980,Hc/Vqw3ms,and/ he went,,,,
7cb37260d20431b0c3d7,GEN 24:10,13,"Y el criado tomó diez camellos de los camellos de su señor, y fuése, pues tenía a su disposición todos los bienes de su señor: y puesto en camino, llegó a Mesopotamia, a la ciudad de Nachôr.",H413,HR,to,,,,
3996db5309f4ea02c07b,GEN 24:10,15,"Y el criado tomó diez camellos de los camellos de su señor, y fuése, pues tenía a su disposición todos los bienes de su señor: y puesto en camino, llegó a Mesopotamia, a la ciudad de Nachôr.",H763,HNpl,Naharaim,,,,
88ab44d36fdf74144de1,GEN 24:10,16,"Y el criado tomó diez camellos de los camellos de su señor, y fuése, pues tenía a su disposición todos los bienes de su señor: y puesto en camino, llegó a Mesopotamia, a la ciudad de Nachôr.",H413,HR,to,,,,
7c80021794a2a53b74f3,GEN 24:11,4,"E hizo arrodillar los camellos fuera de la ciudad, junto a un pozo de agua, a la hora de la tarde, a la hora en que salen las mozas por agua.",H413,HR,to,,,,
e1afd667d3917aa623b4,GEN 24:13,11,"He aquí yo estoy junto a la fuente de agua, y las hijas de los varones de esta ciudad salen por agua:",H4325,HNcmpa,water,,,,
11842a7aa4fc74558cc9,GEN 24:14,3,"Sea, pues, que la moza a quien yo diga: Baja tu cántaro, te ruego, para que yo beba; y ella responde: Bebe, y también daré de beber a tus camellos: que sea ésta la que tú has destinado para tu siervo Isaac; y en esto conoceré que habrás hecho misericordia con mi señor.",H559,HVqi1cs,I will say,,,,
39050dba136626129e16,GEN 24:14,4,"Sea, pues, que la moza a quien yo diga: Baja tu cántaro, te ruego, para que yo beba; y ella responde: Bebe, y también daré de beber a tus camellos: que sea ésta la que tú has destinado para tu siervo Isaac; y en esto conoceré que habrás hecho misericordia con mi señor.",H413,HRd/Sp3fs,to/ her,,,,
887e4084a058a9440249,GEN 24:14,9,"Sea, pues, que la moza a quien yo diga: Baja tu cántaro, te ruego, para que yo beba; y ella responde: Bebe, y también daré de beber a tus camellos: que sea ésta la que tú has destinado para tu siervo Isaac; y en esto conoceré que habrás hecho misericordia con mi señor.",H559,Hc/Vqq3fs,and/ she will say,,,,
3a6c5aa74b21c3bbd312,GEN 24:17,2,"Entonces el criado corrió hacia ella, y dijo: Ruégote que me des a beber un poco de agua de tu cántaro.",H7122,HR/Vqcc/Sp3fs,to/ meet/ her,,,,
21b61809f91419ae05e1,GEN 24:22,0,"Y fue que como los camellos acabaron de beber, presentóle el hombre un pendiente de oro que pesaba medio siclo, y dos brazaletes que pesaban diez:",H1961,Hc/Vqw3ms,and/ it was,,,,
fcc6d377268b0118e3e7,GEN 24:22,1,"Y fue que como los camellos acabaron de beber, presentóle el hombre un pendiente de oro que pesaba medio siclo, y dos brazaletes que pesaban diez:",H834,HR/Tr,just/ as,,,,
6044586b53f8dc319a6b,GEN 24:22,5,"Y fue que como los camellos acabaron de beber, presentóle el hombre un pendiente de oro que pesaba medio siclo, y dos brazaletes que pesaban diez:",H3947,Hc/Vqw3ms,and/ he took,,,,
50fe2d5261353b5c59fc,GEN 24:22,13,"Y fue que como los camellos acabaron de beber, presentóle el hombre un pendiente de oro que pesaba medio siclo, y dos brazaletes que pesaban diez:",H5921,HR,on,,,,
c2e6a99a92ae28f87e88,GEN 24:22,14,"Y fue que como los camellos acabaron de beber, presentóle el hombre un pendiente de oro que pesaba medio siclo, y dos brazaletes que pesaban diez:",H3027,HNcbdc/Sp3fs,hands/ her,,,,
e77797bc5d9e44638d72,GEN 24:22,16,"Y fue que como los camellos acabaron de beber, presentóle el hombre un pendiente de oro que pesaba medio siclo, y dos brazaletes que pesaban diez:",H2091,HNcmsa,gold,,,,
db6343095a4e0fa73b1d,GEN 24:23,10,"Y dijo: ¿De quién eres hija? Ruégote me digas, ¿hay lugar en casa de tu padre donde posemos?",H3885,HR/Vqcc,to/ stay [the] night,,,,
9aa1faccb6fde01867ee,GEN 24:24,1,"Y ella respondió: Soy hija de Bethuel, hijo de Milca, el cual parió ella a Nachôr.",H413,HRd/Sp3ms,to/ him,,,,
f1b7c27956a42b8d1d46,GEN 24:25,1,"Y añadió: También hay en nuestra casa paja y mucho forraje, y lugar para posar.",H413,HRd/Sp3ms,to/ him,,,,
1f70afd4501df54d9782,GEN 24:25,4,"Y añadió: También hay en nuestra casa paja y mucho forraje, y lugar para posar.",H1571,HD,as well as,,,,
b60185f6908988434c10,GEN 24:25,7,"Y añadió: También hay en nuestra casa paja y mucho forraje, y lugar para posar.",H5973,HRd/Sp1bp,which [is] with/ us,,,,
2569306122629086b61d,GEN 24:25,8,"Y añadió: También hay en nuestra casa paja y mucho forraje, y lugar para posar.",H1571,HD,also,,,,
de6ede145df00daa54e5,GEN 24:27,13,"Y dijo: Bendito sea Jehová, Dios de mi amo Abraham, que no apartó su misericordia y su verdad de mi amo, guiándome Jehová en el camino a casa de los hermanos de mi amo.",H595,HPp1bs,I,,,,
073382df419fea6f436f,GEN 24:29,5,"Y Rebeca tenía un hermano que se llamaba Labán, el cual corrió afuera al hombre, a la fuente;",H3837,HNpm,Laban,,,,
b3c232dcb306af5aeca3,GEN 24:29,6,"Y Rebeca tenía un hermano que se llamaba Labán, el cual corrió afuera al hombre, a la fuente;",H413,HR,to,,,,
0001ae64a4817dad1ce4,GEN 24:29,9,"Y Rebeca tenía un hermano que se llamaba Labán, el cual corrió afuera al hombre, a la fuente;",H413,HR,to,,,,
cf48f62e89a36cdb3bfd,GEN 24:30,0,"Y fue que como vio el pendiente y los brazaletes en las manos de su hermana, que decía, Así me habló aquel hombre; vino a él: y he aquí que estaba junto a los camellos a la fuente.",H1961,Hc/Vqw3ms,and/ it was,,,,
db18efb82071285ce592,GEN 24:30,2,"Y fue que como vio el pendiente y los brazaletes en las manos de su hermana, que decía, Así me habló aquel hombre; vino a él: y he aquí que estaba junto a los camellos a la fuente.",H853,HTo,<obj.>,,,,
7585d7395a33ecf42791,GEN 24:30,4,"Y fue que como vio el pendiente y los brazaletes en las manos de su hermana, que decía, Así me habló aquel hombre; vino a él: y he aquí que estaba junto a los camellos a la fuente.",H853,HC/To,and/ <obj.>,,,,
4a71946838e839676b45,GEN 24:30,9,"Y fue que como vio el pendiente y los brazaletes en las manos de su hermana, que decía, Así me habló aquel hombre; vino a él: y he aquí que estaba junto a los camellos a la fuente.",H8085,HC/R/Vqcc/Sp3ms,and/ just as/ heard/ he,,,,
cdec66d7ccc49d6d024c,GEN 24:30,10,"Y fue que como vio el pendiente y los brazaletes en las manos de su hermana, que decía, Así me habló aquel hombre; vino a él: y he aquí que estaba junto a los camellos a la fuente.",H853,HTo,<obj.>,,,,
d638e5f475ef708ef108,GEN 24:30,11,"Y fue que como vio el pendiente y los brazaletes en las manos de su hermana, que decía, Así me habló aquel hombre; vino a él: y he aquí que estaba junto a los camellos a la fuente.",H1697,HNcmpc,[the] words of,,,,
c6026bbc8ff33b619560,GEN 24:30,12,"Y fue que como vio el pendiente y los brazaletes en las manos de su hermana, que decía, Así me habló aquel hombre; vino a él: y he aquí que estaba junto a los camellos a la fuente.",H7259,HNpf,Rebekah,,,,
412421f8e434beb8fdef,GEN 24:30,13,"Y fue que como vio el pendiente y los brazaletes en las manos de su hermana, que decía, Así me habló aquel hombre; vino a él: y he aquí que estaba junto a los camellos a la fuente.",H269,HNcfsc/Sp3ms,sister/ his,,,,
060c6c954a08b9b5b060,GEN 24:30,20,"Y fue que como vio el pendiente y los brazaletes en las manos de su hermana, que decía, Así me habló aquel hombre; vino a él: y he aquí que estaba junto a los camellos a la fuente.",H413,HR,to,,,,
47dac405424c133b00ae,GEN 24:30,21,"Y fue que como vio el pendiente y los brazaletes en las manos de su hermana, que decía, Así me habló aquel hombre; vino a él: y he aquí que estaba junto a los camellos a la fuente.",H376,HTd/Ncmsa,the/ man,,,,
7784e4a03f7e4651ccf8,GEN 24:30,26,"Y fue que como vio el pendiente y los brazaletes en las manos de su hermana, que decía, Así me habló aquel hombre; vino a él: y he aquí que estaba junto a los camellos a la fuente.",H5921,HR,at,,,,
fcbd05ccfdef5e4e9363,GEN 24:31,7,"Y díjole: Ven, bendito de Jehová; ¿por qué estás fuera? yo he limpiado la casa, y el lugar para los camellos.",H595,HC/Pp1bs,and/ I,,,,
65c2e3eeb68ab43d21ac,GEN 24:31,8,"Y díjole: Ven, bendito de Jehová; ¿por qué estás fuera? yo he limpiado la casa, y el lugar para los camellos.",H6437,HVpp1cs,I have made clear,,,,
bf026abddab266c01ecc,GEN 24:32,8,"Entonces el hombre vino a casa, y Labán desató los camellos; y dióles paja y forraje, y agua para lavar los piés de él, y los piés de los hombres que con él venían.",H1581,HRd/Ncbpa,to the/ camels,,,,
9bea61c742d38de994cc,GEN 24:35,2,"Y Jehová ha bendecido mucho a mi amo, y él se ha engrandecido: y le ha dado ovejas y vacas, plata y oro, siervos y siervas, camellos y asnos.",H853,HTo,<obj.>,,,,
05a846b48168f8df423f,GEN 24:36,6,"Y Sara, mujer de mi amo, parió en su vejez un hijo a mi señor, quien le ha dado todo cuanto tiene.",H310,HAcmpc,after,,,,
1dc9675dc9e0dd4d5920,GEN 24:36,9,"Y Sara, mujer de mi amo, parió en su vejez un hijo a mi señor, quien le ha dado todo cuanto tiene.",H853,HTo,<obj.>,,,,
a1c568badbe739cb5d94,GEN 24:37,9,"Y mi amo me hizo jurar, diciendo: No tomarás mujer para mi hijo de las hijas de los Cananeos, en cuya tierra habito;",H834,HTr,whom,,,,
2f7ae3d1f61cb5b31784,GEN 24:37,10,"Y mi amo me hizo jurar, diciendo: No tomarás mujer para mi hijo de las hijas de los Cananeos, en cuya tierra habito;",H595,HPp1bs,I,,,,
d5657a7ba2ae41b0369e,GEN 24:38,2,"Sino que irás a la casa de mi padre, y a mi parentela, y tomarás mujer para mi hijo.",H413,HR,to,,,,
ec20a102f4459edd20a9,GEN 24:38,5,"Sino que irás a la casa de mi padre, y a mi parentela, y tomarás mujer para mi hijo.",H1980,HVqi2ms,you will go,,,,
928865d2c4c33cd21025,GEN 24:38,6,"Sino que irás a la casa de mi padre, y a mi parentela, y tomarás mujer para mi hijo.",H413,HC/R,and/ to,,,,
e23940f04bf8efb21f3e,GEN 24:39,1,Y yo dije: Quizás la mujer no querrá seguirme.,H413,HR,to,,,,
72b7a707163b7d9f6ea7,GEN 24:39,2,Y yo dije: Quizás la mujer no querrá seguirme.,H113,HNcmsc/Sp1bs,master/ my,,,,
106ed29a21062aaf4369,GEN 24:39,5,Y yo dije: Quizás la mujer no querrá seguirme.,H1980,HVqi3fs,she will go,,,,
c060f8f44c842b899904,GEN 24:40,14,"Entonces él me respondió: Jehová, en cuya presencia he andado, enviará su ángel contigo, y prosperará tu camino; y tomarás mujer para mi hijo de mi linaje y de la casa de mi padre:",H4940,HR/Ncfsc/Sp1bs,from/ family/ my,,,,
051892073b1e80df4c89,GEN 24:41,5,"Entonces serás libre de mi juramento, cuando hubieres llegado a mi linaje; y si no te la dan, serás libre de mi juramento.",H413,HR,to,,,,
e03f3711cedf29f6b923,GEN 24:41,6,"Entonces serás libre de mi juramento, cuando hubieres llegado a mi linaje; y si no te la dan, serás libre de mi juramento.",H4940,HNcfsc/Sp1bs,family/ my,,,,
211e4a59224cdff239de,GEN 24:41,9,"Entonces serás libre de mi juramento, cuando hubieres llegado a mi linaje; y si no te la dan, serás libre de mi juramento.",H5414,HVqi3mp,they will give [her],,,,
1957fcdd6d4f96b5f522,GEN 24:42,2,"Llegué, pues, hoy a la fuente, y dije: Jehová, Dios de mi señor Abraham, si tú prosperas ahora mi camino por el cual ando;",H413,HR,to,,,,
71d618e1df69093df34f,GEN 24:42,15,"Llegué, pues, hoy a la fuente, y dije: Jehová, Dios de mi señor Abraham, si tú prosperas ahora mi camino por el cual ando;",H595,HPp1bs,I,,,,
92abe8318984592fa45a,GEN 24:43,7,"He aquí yo estoy junto a la fuente de agua; sea, pues, que la doncella que salga por agua, a la cual diga: Dame a beber, te ruego, un poco de agua de tu cántaro;",H5959,HTd/Ncfsa,the/ young woman,,,,
84c9067742508dd4834d,GEN 24:43,8,"He aquí yo estoy junto a la fuente de agua; sea, pues, que la doncella que salga por agua, a la cual diga: Dame a beber, te ruego, un poco de agua de tu cántaro;",H3318,HTd/Vqrfsa,who/ will come out,,,,
faf1f89e0b5f3153caf8,GEN 24:43,10,"He aquí yo estoy junto a la fuente de agua; sea, pues, que la doncella que salga por agua, a la cual diga: Dame a beber, te ruego, un poco de agua de tu cántaro;",H559,Hc/Vqq1cs,and/ I will say,,,,
2961e194da39a6a3ada6,GEN 24:43,11,"He aquí yo estoy junto a la fuente de agua; sea, pues, que la doncella que salga por agua, a la cual diga: Dame a beber, te ruego, un poco de agua de tu cántaro;",H413,HRd/Sp3fs,to/ her,,,,
70e5ad533da8f8dfe4dc,GEN 24:43,15,"He aquí yo estoy junto a la fuente de agua; sea, pues, que la doncella que salga por agua, a la cual diga: Dame a beber, te ruego, un poco de agua de tu cántaro;",H4325,HNcmpa,water,,,,
603c756f0fbf839ee281,GEN 24:44,0,"Y ella me responde, Bebe tú, y también para tus camellos sacaré agua: ésta sea la mujer que destinó Jehová para el hijo de mi señor.",H559,Hc/Vqq3fs,and/ she will say,,,,
c5e30d2654286fd8caa5,GEN 24:44,5,"Y ella me responde, Bebe tú, y también para tus camellos sacaré agua: ésta sea la mujer que destinó Jehová para el hijo de mi señor.",H1571,HC/D,and/ also,,,,
d8198c4dc4133bd726b0,GEN 24:46,0,"Y prestamente bajó su cántaro de encima de sí, y dijo: Bebe, y también a tus camellos daré a beber. Y bebí, y dio también de beber a mis camellos.",H4116,Hc/Vpw3fs,and/ she hurried,,,,
c4d8b60ae0c2e763d0d1,GEN 24:47,1,"Entonces preguntéle, y dije: ¿De quién eres hija? Y ella respondió: Hija de Bethuel, hijo de Nachôr, que le parió Milca. Entonces púsele un pendiente sobre su nariz, y brazaletes sobre sus manos:",H853,HTo/Sp3fs,<obj.>/ her,,,,
239a20803734ff69a790,GEN 24:47,5,"Entonces preguntéle, y dije: ¿De quién eres hija? Y ella respondió: Hija de Bethuel, hijo de Nachôr, que le parió Milca. Entonces púsele un pendiente sobre su nariz, y brazaletes sobre sus manos:",H859,HPp2fs,[are] you,,,,
cc946efa22dc9164d56b,GEN 24:47,14,"Entonces preguntéle, y dije: ¿De quién eres hija? Y ella respondió: Hija de Bethuel, hijo de Nachôr, que le parió Milca. Entonces púsele un pendiente sobre su nariz, y brazaletes sobre sus manos:",H7760,Hc/Vqw1cs,and/ I put,,,,
244979bfd1871d0bdac7,GEN 24:47,16,"Entonces preguntéle, y dije: ¿De quién eres hija? Y ella respondió: Hija de Bethuel, hijo de Nachôr, que le parió Milca. Entonces púsele un pendiente sobre su nariz, y brazaletes sobre sus manos:",H5921,HR,on,,,,
fa0f14c971cd998ed460,GEN 24:47,19,"Entonces preguntéle, y dije: ¿De quién eres hija? Y ella respondió: Hija de Bethuel, hijo de Nachôr, que le parió Milca. Entonces púsele un pendiente sobre su nariz, y brazaletes sobre sus manos:",H5921,HR,on,,,,
bebc1aa4f37ac3217dba,GEN 24:48,4,"E inclinéme, y adoré a Jehová, y bendije a Jehová, Dios de mi señor Abraham, que me había guiado por camino de verdad para tomar la hija del hermano de mi señor para su hijo.",H853,HTo,<obj.>,,,,
9e95e027581fae64114e,GEN 24:48,14,"E inclinéme, y adoré a Jehová, y bendije a Jehová, Dios de mi señor Abraham, que me había guiado por camino de verdad para tomar la hija del hermano de mi señor para su hijo.",H853,HTo,<obj.>,,,,
244a1d15f90d1125d8df,GEN 24:49,2,"Ahora pues, si ustedes hacen misericordia y verdad con mi señor, declarádmelo; y si no, declarádmelo; y echaré a la diestra o a la siniestra.",H3426,HAcbsc/Sp2mp,[are] there/ you,,,,
bbff629d94f7ffaa3d8a,GEN 24:49,3,"Ahora pues, si ustedes hacen misericordia y verdad con mi señor, declarádmelo; y si no, declarádmelo; y echaré a la diestra o a la siniestra.",H6213,HVqrmpa,doing,,,,
5d9d30d80c59f7874b90,GEN 24:49,13,"Ahora pues, si ustedes hacen misericordia y verdad con mi señor, declarádmelo; y si no, declarádmelo; y echaré a la diestra o a la siniestra.",H5921,HR,to,,,,
8d03266f7ea329806cc3,GEN 24:49,16,"Ahora pues, si ustedes hacen misericordia y verdad con mi señor, declarádmelo; y si no, declarádmelo; y echaré a la diestra o a la siniestra.",H5921,HR,to,,,,
5db57f44c14ecbf74ef3,GEN 24:50,10,Entonces Labán y Bethuel respondieron y dijeron: De Jehová ha salido esto; no podemos hablarte malo ni bueno.,H413,HRd/Sp2ms,to/ you,,,,
cda54792c82659bd7ef3,GEN 24:51,4,"He ahí Rebeca delante de ti; tómala y vete, y sea mujer del hijo de tu señor, como lo ha dicho Jehová.",H1980,HC/Vqv2ms,and/ go,,,,
6aefd422a9d277b77ef1,GEN 24:51,5,"He ahí Rebeca delante de ti; tómala y vete, y sea mujer del hijo de tu señor, como lo ha dicho Jehová.",H1961,HC/Vqj3fs,so/ may she be,,,,
cb7ac5af2a97f40a4cea,GEN 24:52,0,"Y fue, que como el criado de Abraham oyó sus palabras, inclinóse a tierra a Jehová.",H1961,Hc/Vqw3ms,and/ it was,,,,
446e20e6362937a12492,GEN 24:52,1,"Y fue, que como el criado de Abraham oyó sus palabras, inclinóse a tierra a Jehová.",H834,HR/Tr,just/ as,,,,
e4c409db66f0969eff7f,GEN 24:52,5,"Y fue, que como el criado de Abraham oyó sus palabras, inclinóse a tierra a Jehová.",H853,HTo,<obj.>,,,,
b75284d06627b2733e00,GEN 24:54,10,"Y comieron y bebieron él y los varones que venían con él, y durmieron; y levantándose de mañana, dijo: Envíenme a mi señor.",H7971,HVpv2mp/Sp1bs,send away/ me,,,,
c4330787494991e8ae1f,GEN 24:55,0,"Entonces respondió su hermano y su madre: Espere la moza con nosotros a lo menos diez días, y después irá.",H559,Hc/Vqw3ms,and/ he said,,,,
f7ff73f48b9366921bab,GEN 24:55,8,"Entonces respondió su hermano y su madre: Espere la moza con nosotros a lo menos diez días, y después irá.",H6218,HNcmsa,ten,,,,
f7c8f1b83b1044bc3d76,GEN 24:55,10,"Entonces respondió su hermano y su madre: Espere la moza con nosotros a lo menos diez días, y después irá.",H1980,HVqi2ms,she will go,,,,
75c5be836d86d7bf2f55,GEN 24:56,3,"Y él les dijo: No me detengan, pues que Jehová ha prosperado mi camino; despáchenme para que me vaya a mi señor.",H309,HVpj2mp,you delay,,,,
9c8113a62a855d1bf016,GEN 24:56,4,"Y él les dijo: No me detengan, pues que Jehová ha prosperado mi camino; despáchenme para que me vaya a mi señor.",H853,HTo/Sp1bs,<obj.>/ me,,,,
a660d322ae371cd3f94c,GEN 24:56,8,"Y él les dijo: No me detengan, pues que Jehová ha prosperado mi camino; despáchenme para que me vaya a mi señor.",H7971,HVpv2mp/Sp1bs,send away/ me,,,,
e4b66a9b14673399decf,GEN 24:56,9,"Y él les dijo: No me detengan, pues que Jehová ha prosperado mi camino; despáchenme para que me vaya a mi señor.",H1980,HC/Vqc1cs,so/ let me go,,,,
22a612a2a255f04d418f,GEN 24:57,4,Ellos respondieron entonces: Llamemos la moza y preguntémosle.,H853,HTo,<obj.>,,,,
5229fd80580e7962af23,GEN 24:58,3,"Y llamaron a Rebeca, y dijéronle: ¿Irás tú con este varón? Y ella respondió: Sí, iré.",H413,HRd/Sp3fs,to/ her,,,,
ce0b4464208010e9bc87,GEN 24:58,4,"Y llamaron a Rebeca, y dijéronle: ¿Irás tú con este varón? Y ella respondió: Sí, iré.",H1980,HTi/Vqi2fs,¿/ will you go,,,,
ef95438eaef27dbbf77b,GEN 24:58,9,"Y llamaron a Rebeca, y dijéronle: ¿Irás tú con este varón? Y ella respondió: Sí, iré.",H1980,HVqi1cs,I will go,,,,
45e819a21b0fa3de0fbd,GEN 24:59,1,"Entonces dejaron ir a Rebeca su hermana, y a su nodriza, y al criado de Abraham y a sus hombres.",H853,HTo,<obj.>,,,,
abf49b46b59694dbc3cc,GEN 24:59,4,"Entonces dejaron ir a Rebeca su hermana, y a su nodriza, y al criado de Abraham y a sus hombres.",H853,HC/To,and/ <obj.>,,,,
c9a8a3912d911e78df20,GEN 24:59,6,"Entonces dejaron ir a Rebeca su hermana, y a su nodriza, y al criado de Abraham y a sus hombres.",H853,HC/To,and/ <obj.>,,,,
9444dbeefed62af6e788,GEN 24:59,9,"Entonces dejaron ir a Rebeca su hermana, y a su nodriza, y al criado de Abraham y a sus hombres.",H853,HC/To,and/ <obj.>,,,,
6eab6693999de3503261,GEN 24:60,1,"Y bendijeron a Rebeca, y dijéronle: Nuestra hermana eres; seas en millares de millares, y tu generación posea la puerta de sus enemigos.",H853,HTo,<obj.>,,,,
4b56596aea7b3019d16a,GEN 24:60,5,"Y bendijeron a Rebeca, y dijéronle: Nuestra hermana eres; seas en millares de millares, y tu generación posea la puerta de sus enemigos.",H859,HPp2fs,you,,,,
87bec825ede7a21c4e9f,GEN 24:60,6,"Y bendijeron a Rebeca, y dijéronle: Nuestra hermana eres; seas en millares de millares, y tu generación posea la puerta de sus enemigos.",H1961,HVqv2fs,become,,,,
a9df8ec02efa805b5262,GEN 24:60,11,"Y bendijeron a Rebeca, y dijéronle: Nuestra hermana eres; seas en millares de millares, y tu generación posea la puerta de sus enemigos.",H853,HTo,<obj.>,,,,
60c34f2acb364ea17faa,GEN 24:61,4,"Levantóse entonces Rebeca y sus mozas, y subieron sobre los camellos, y siguieron al hombre; y el criado tomó a Rebeca, y fuése.",H5921,HR,on,,,,
02c7cb50343c114946f9,GEN 24:61,6,"Levantóse entonces Rebeca y sus mozas, y subieron sobre los camellos, y siguieron al hombre; y el criado tomó a Rebeca, y fuése.",H1980,Hc/Vqw3fp,and/ they went,,,,
78d831cb3dafda62011d,GEN 24:61,7,"Levantóse entonces Rebeca y sus mozas, y subieron sobre los camellos, y siguieron al hombre; y el criado tomó a Rebeca, y fuése.",H310,HAcmpc,after,,,,
1505b0c1622ba1ad18b3,GEN 24:61,11,"Levantóse entonces Rebeca y sus mozas, y subieron sobre los camellos, y siguieron al hombre; y el criado tomó a Rebeca, y fuése.",H853,HTo,<obj.>,,,,
cb16203257661af02cfe,GEN 24:61,13,"Levantóse entonces Rebeca y sus mozas, y subieron sobre los camellos, y siguieron al hombre; y el criado tomó a Rebeca, y fuése.",H1980,Hc/Vqw3ms,and/ he went,,,,
ff88a4c1544bb938a7eb,GEN 24:62,2,Y venía Isaac del pozo del Viviente que me ve; porque él habitaba en la tierra del Mediodía;,H935,HR/Vqcc,from/ going,,,,
0afea51ac1cf0af8b344,GEN 24:62,4,Y venía Isaac del pozo del Viviente que me ve; porque él habitaba en la tierra del Mediodía;,H883,HNpl,Lahai,,,,
4bc31e4eb2122e043301,GEN 24:62,5,Y venía Isaac del pozo del Viviente que me ve; porque él habitaba en la tierra del Mediodía;,H883,HNpl,Roi,,,,
a57131024de423930f82,GEN 24:62,8,Y venía Isaac del pozo del Viviente que me ve; porque él habitaba en la tierra del Mediodía;,H776,HR/Ncfsc,in/ [the] land of,,,,
f30991a514fb4030feb3,GEN 24:63,2,"Y había salido Isaac a orar al campo, a la hora de la tarde; y alzando sus ojos miró, y he aquí los camellos que venían.",H7742,HR/Vqcc,to/ meditate,,,,
68c0041c39e73810c557,GEN 24:64,2,"Rebeca también alzó sus ojos, y vio a Isaac, y descendió del camello;",H853,HTo,<obj.>,,,,
527da831334071cb2667,GEN 24:64,5,"Rebeca también alzó sus ojos, y vio a Isaac, y descendió del camello;",H853,HTo,<obj.>,,,,
b76325b450881636a781,GEN 24:65,5,"Porque había preguntado al criado: ¿Quién es este varón que viene por el campo hacia nosotros? Y el siervo había respondido: Este es mi señor. Ella entonces tomó el velo, y cubrióse.",H1976,HTm,this,,,,
16134b2c11faf43edb1c,GEN 24:65,8,"Porque había preguntado al criado: ¿Quién es este varón que viene por el campo hacia nosotros? Y el siervo había respondido: Este es mi señor. Ella entonces tomó el velo, y cubrióse.",H7122,HR/Vqcc/Sp1bp,to/ meet/ us,,,,
dc65f75baed1b633b0c9,GEN 24:65,10,"Porque había preguntado al criado: ¿Quién es este varón que viene por el campo hacia nosotros? Y el siervo había respondido: Este es mi señor. Ella entonces tomó el velo, y cubrióse.",H5650,HTd/Ncmsa,the/ servant,,,,
9a4504c826890d2fd550,GEN 24:66,3,Entonces el criado contó a Isaac todo lo que había hecho.,H853,HTo,<obj.>,,,,
d8bf192185f476091756,GEN 24:67,6,"E introdújola Isaac a la tienda de su madre Sara, y tomó a Rebeca por mujer; y amóla: y consolóse Isaac después de la muerte de su madre.",H853,HTo,<obj.>,,,,
d205aebdbe0558a39705,GEN 24:67,8,"E introdújola Isaac a la tienda de su madre Sara, y tomó a Rebeca por mujer; y amóla: y consolóse Isaac después de la muerte de su madre.",H1961,Hc/Vqw3fs,and/ she became,,,,
93e8eca91cd5c3050a8e,GEN 25:1,0,"Y abraham tomó otra mujer, cuyo nombre fue Cetura;",H3254,Hc/Vhw3ms,and/ he repeated,,,,
ca0786845642211ab0d9,GEN 25:2,1,"La cual le parió a Zimram, y a Joksan, y a Medan, y a Midiam, y a Ishbak, y a Sua.",H853,HTo,<obj.>,,,,
fac2cc4c13fbfa171134,GEN 25:2,3,"La cual le parió a Zimram, y a Joksan, y a Medan, y a Midiam, y a Ishbak, y a Sua.",H853,HC/To,and/ <obj.>,,,,
eed23f9e521f1b2ba6ae,GEN 25:2,5,"La cual le parió a Zimram, y a Joksan, y a Medan, y a Midiam, y a Ishbak, y a Sua.",H853,HC/To,and/ <obj.>,,,,
809a6eb88ce7561d330d,GEN 25:2,7,"La cual le parió a Zimram, y a Joksan, y a Medan, y a Midiam, y a Ishbak, y a Sua.",H853,HC/To,and/ <obj.>,,,,
3508cec5d48061e8506e,GEN 25:2,9,"La cual le parió a Zimram, y a Joksan, y a Medan, y a Midiam, y a Ishbak, y a Sua.",H853,HC/To,and/ <obj.>,,,,
1dab081791d3989094ea,GEN 25:2,11,"La cual le parió a Zimram, y a Joksan, y a Medan, y a Midiam, y a Ishbak, y a Sua.",H853,HC/To,and/ <obj.>,,,,
ef6d4eeb32338f6c2874,GEN 25:3,0,"Y Joksan engendró a Seba, y a Dedán: e hijos de Dedán fueron Assurim, y Letusim, y Leummim.",H3370,HC/Npm,and/ Jokshan,,,,
7c0491bb9780032d999e,GEN 25:3,2,"Y Joksan engendró a Seba, y a Dedán: e hijos de Dedán fueron Assurim, y Letusim, y Leummim.",H853,HTo,<obj.>,,,,
060b7041bfa9f4311492,GEN 25:3,4,"Y Joksan engendró a Seba, y a Dedán: e hijos de Dedán fueron Assurim, y Letusim, y Leummim.",H853,HC/To,and/ <obj.>,,,,
8c84b9616c9c3815f2d9,GEN 25:5,2,Y Abraham dio todo cuanto tenía a Isaac.,H853,HTo,<obj.>,,,,
5b8ca5c051aefa91a391,GEN 25:6,2,"Y a los hijos de sus concubinas dio Abraham dones, y enviólos de junto Isaac su hijo, mientras él vivía, hacia el oriente, a la tierra oriental.",H834,HTr,who,,,,
5738d01254b2738923a2,GEN 25:6,5,"Y a los hijos de sus concubinas dio Abraham dones, y enviólos de junto Isaac su hijo, mientras él vivía, hacia el oriente, a la tierra oriental.",H85,HNpm,Abraham,,,,
53d62496701ece656b06,GEN 25:6,14,"Y a los hijos de sus concubinas dio Abraham dones, y enviólos de junto Isaac su hijo, mientras él vivía, hacia el oriente, a la tierra oriental.",H413,HR,to,,,,
150993aa9ce0499c4719,GEN 25:7,3,Y estos fueron los días de vida que vivió Abraham: ciento setenta y cinco años.,H2416,HNcmpc,[the] life of,,,,
91aecc49455dad7e85f1,GEN 25:7,6,Y estos fueron los días de vida que vivió Abraham: ciento setenta y cinco años.,H2421,HVqp3ms,he lived,,,,
3d37ef3d9cec8cb9f328,GEN 25:7,8,Y estos fueron los días de vida que vivió Abraham: ciento setenta y cinco años.,H8141,HNcfsa,year[s],,,,
dd1e9e69ecda33c60254,GEN 25:7,10,Y estos fueron los días de vida que vivió Abraham: ciento setenta y cinco años.,H8141,HNcfsa,year[s],,,,
a488847325c378daa4a5,GEN 25:7,12,Y estos fueron los días de vida que vivió Abraham: ciento setenta y cinco años.,H8141,HNcmpa,years,,,,
1e535d9dd5260f10a82b,GEN 25:8,3,"Y exhaló el espíritu, y murió Abraham en buena vejez, anciano y lleno de días, y fue unido a su pueblo.",H7872,HR/Ncfsa,in/ old age,,,,
17da09b9f9f65d40d825,GEN 25:8,8,"Y exhaló el espíritu, y murió Abraham en buena vejez, anciano y lleno de días, y fue unido a su pueblo.",H413,HR,to,,,,
b3c346454c91ddd9fe55,GEN 25:9,1,"Y sepultáronlo Isaac e Ismael sus hijos en la cueva de Macpela, en la heredad de Ephrón, hijo de Zoar Hetheo, que está enfrente de Mamre;",H853,HTo/Sp3ms,<obj.>/ him,,,,
c3696ad96fe8d841143f,GEN 25:9,15,"Y sepultáronlo Isaac e Ismael sus hijos en la cueva de Macpela, en la heredad de Ephrón, hijo de Zoar Hetheo, que está enfrente de Mamre;",H5921,HR,[is] on,,,,
c66766581942039c8e61,GEN 25:10,4,"Heredad que compró Abraham de los hijos de Heth; allí fue Abraham sepultado, y Sara su mujer.",H854,HR/R,from/ with,,,,
5bd82024636737770344,GEN 25:11,2,"Y sucedió, después de muerto Abraham, que Dios bendijo a Isaac su hijo: y habitó Isaac junto al pozo del Viviente que me ve.",H4194,HNcmsc,[the] death of,,,,
66a3b16cff4cd570016f,GEN 25:11,6,"Y sucedió, después de muerto Abraham, que Dios bendijo a Isaac su hijo: y habitó Isaac junto al pozo del Viviente que me ve.",H853,HTo,<obj.>,,,,
70bb0febbe3ed1908c19,GEN 25:11,13,"Y sucedió, después de muerto Abraham, que Dios bendijo a Isaac su hijo: y habitó Isaac junto al pozo del Viviente que me ve.",H883,HNpl,Lahai,,,,
3c4263dc9df61143f7d3,GEN 25:11,14,"Y sucedió, después de muerto Abraham, que Dios bendijo a Isaac su hijo: y habitó Isaac junto al pozo del Viviente que me ve.",H883,HNpl,Roi,,,,
2433bba823994b974888,GEN 25:12,0,"Y estas son las generaciones de Ismael, hijo de Abraham, que le parió Agar Egipcia, sierva de Sara:",H428,HC/Tm,and/ these,,,,
5d6a6b1c8fca81b0ce76,GEN 25:12,1,"Y estas son las generaciones de Ismael, hijo de Abraham, que le parió Agar Egipcia, sierva de Sara:",H8435,HNcfpc,[are] [the] accounts of,,,,
453ea0831e00224bd3b7,GEN 25:12,5,"Y estas son las generaciones de Ismael, hijo de Abraham, que le parió Agar Egipcia, sierva de Sara:",H834,HTr,whom,,,,
667f770fed15edd384c1,GEN 25:12,11,"Y estas son las generaciones de Ismael, hijo de Abraham, que le parió Agar Egipcia, sierva de Sara:",H85,HR/Npm,to/ Abraham,,,,
0829ed65fea153e18848,GEN 25:17,7,"Y estos fueron los años de la vida de Ismael, ciento treinta y siete años: y exhaló el espíritu Ismael, y murió; y fue unido a su pueblo.",H8141,HNcfsa,year[s],,,,
54c506f22d410088f1e1,GEN 25:17,9,"Y estos fueron los años de la vida de Ismael, ciento treinta y siete años: y exhaló el espíritu Ismael, y murió; y fue unido a su pueblo.",H8141,HNcmpa,years,,,,
c3920a914539f375822f,GEN 25:17,13,"Y estos fueron los años de la vida de Ismael, ciento treinta y siete años: y exhaló el espíritu Ismael, y murió; y fue unido a su pueblo.",H413,HR,to,,,,
f5dfa708c7455835f232,GEN 25:18,4,"Y habitaron desde Havila hasta Shur, que está enfrente de Egipto viniendo a Asiria; y murió en presencia de todos sus hermanos.",H834,HTr,which,,,,
2cf6df700a0b9229affc,GEN 25:18,10,"Y habitaron desde Havila hasta Shur, que está enfrente de Egipto viniendo a Asiria; y murió en presencia de todos sus hermanos.",H5921,HR,on,,,,
933084ae326e0e0a7182,GEN 25:19,0,"Y estas son las generaciones de Isaac, hijo de Abraham. Abraham engendró a Isaac:",H428,HC/Tm,and/ these,,,,
95732d6ccdb548e1f701,GEN 25:19,1,"Y estas son las generaciones de Isaac, hijo de Abraham. Abraham engendró a Isaac:",H8435,HNcfpc,[are] [the] accounts of,,,,
3ad023f8c14f5ccd81a8,GEN 25:19,7,"Y estas son las generaciones de Isaac, hijo de Abraham. Abraham engendró a Isaac:",H853,HTo,<obj.>,,,,
469661c39506cea239e3,GEN 25:20,2,"Y era Isaac de cuarenta años cuando tomó por mujer a Rebeca, hija de Bethuel Arameo de Padan-aram, hermana de Labán Arameo.",H1121,HNcmsc,a son of,,,,
6e0247db85b39e95588c,GEN 25:20,6,"Y era Isaac de cuarenta años cuando tomó por mujer a Rebeca, hija de Bethuel Arameo de Padan-aram, hermana de Labán Arameo.",H853,HTo,<obj.>,,,,
beef2ffe9bc0b738e9a2,GEN 25:20,12,"Y era Isaac de cuarenta años cuando tomó por mujer a Rebeca, hija de Bethuel Arameo de Padan-aram, hermana de Labán Arameo.",H758,HNpl,Aram,,,,
6bf35bbb7f604785f6be,GEN 25:21,3,"Y oró Isaac a Jehová por su mujer, que era estéril; y aceptólo Jehová, y concibió Rebeca su mujer.",H5227,HR/Acmsc,to/ before,,,,
2a32d289def1fab639f4,GEN 25:22,7,Y los hijos se combatían dentro de ella; y dijo: Si es así ¿para qué vivo yo? Y fue a consultar a Jehová.,H2088,HTm,this,,,,
188ca43f626639dd066d,GEN 25:22,9,Y los hijos se combatían dentro de ella; y dijo: Si es así ¿para qué vivo yo? Y fue a consultar a Jehová.,H1980,Hc/Vqw3fs,and/ she went,,,,
5b8aa7e011f36f4988e9,GEN 25:22,11,Y los hijos se combatían dentro de ella; y dijo: Si es así ¿para qué vivo yo? Y fue a consultar a Jehová.,H853,HTo,<obj.>,,,,
0374a4d21dd7ca000529,GEN 25:26,1,"Y después salió su hermano, trabada su mano al calcañar de Esaú: y fue llamado su nombre Jacob. Y era Isaac de edad de sesenta años cuando ella los parió.",H3651,HD,thus,,,,
ef2b51843d3e647cf436,GEN 25:26,16,"Y después salió su hermano, trabada su mano al calcañar de Esaú: y fue llamado su nombre Jacob. Y era Isaac de edad de sesenta años cuando ella los parió.",H853,HTo/Sp3mp,<obj.>/ them,,,,
099537a3450c2e3f0630,GEN 25:27,10,"Y crecieron los niños, y Esaú fue diestro en la caza, hombre del campo: Jacob pero era varón quieto, que habitaba en tiendas.",H376,HNcmsa,[was] a man,,,,
e809a01ada23fa31bcf0,GEN 25:28,2,"Y amó Isaac a Esaú, porque comía de su caza; pero Rebeca amaba a Jacob.",H853,HTo,<obj.>,,,,
1ec6e74f3b8284cdbc52,GEN 25:28,9,"Y amó Isaac a Esaú, porque comía de su caza; pero Rebeca amaba a Jacob.",H853,HTo,<obj.>,,,,
6d8c30f0bdcc96932689,GEN 25:29,7,"Y guisó Jacob un potaje; y volviendo Esaú del campo cansado,",H1931,HC/Pp3ms,and/ he,,,,
0671a308f8c8fd1b8610,GEN 25:30,1,"Dijo a Jacob: Ruégote que me des a comer de eso bermejo, pues estoy muy cansado. Por tanto fue llamado su nombre Edom.",H6215,HNpm,Esau,,,,
c347f64a1a3dd9b7b056,GEN 25:30,2,"Dijo a Jacob: Ruégote que me des a comer de eso bermejo, pues estoy muy cansado. Por tanto fue llamado su nombre Edom.",H413,HR,to,,,,
a1e4638f7b4e0c31c240,GEN 25:30,7,"Dijo a Jacob: Ruégote que me des a comer de eso bermejo, pues estoy muy cansado. Por tanto fue llamado su nombre Edom.",H122,HTd/Aamsa,the/ red [stew],,,,
45c3e0c5f9651d5dd100,GEN 25:30,8,"Dijo a Jacob: Ruégote que me des a comer de eso bermejo, pues estoy muy cansado. Por tanto fue llamado su nombre Edom.",H122,HTd/Aamsa,the/ red [stew],,,,
2d4ed7742655b0501537,GEN 25:30,9,"Dijo a Jacob: Ruégote que me des a comer de eso bermejo, pues estoy muy cansado. Por tanto fue llamado su nombre Edom.",H2088,HTd/Tm,<the>/ this,,,,
66fed61b669ba9401c2b,GEN 25:30,12,"Dijo a Jacob: Ruégote que me des a comer de eso bermejo, pues estoy muy cansado. Por tanto fue llamado su nombre Edom.",H595,HPp1bs,I,,,,
08d244e8ad30aaca1c53,GEN 25:31,4,Y Jacob respondió: Véndeme en este día tu primogenitura.,H853,HTo,<obj.>,,,,
558b57cd961ec362e334,GEN 25:33,4,"Y dijo Jacob: Júramelo en este día. Y él le juró, y vendió a Jacob su primogenitura.",H7650,Hc/VNw3ms,and/ he swore,,,,
4a7ffb7a1b1574fc83ac,GEN 25:33,6,"Y dijo Jacob: Júramelo en este día. Y él le juró, y vendió a Jacob su primogenitura.",H853,HTo,<obj.>,,,,
653075a1fda6b66d2ce2,GEN 25:34,9,"Entonces Jacob dio a Esaú pan y del guisado de las lentejas; y él comió y bebió, y levantóse, y fuése. Así menospreció Esaú la primogenitura.",H1980,Hc/Vqw3ms,and/ he went,,,,
2c91b0bebdefa7d14a6f,GEN 25:34,12,"Entonces Jacob dio a Esaú pan y del guisado de las lentejas; y él comió y bebió, y levantóse, y fuése. Así menospreció Esaú la primogenitura.",H853,HTo,<obj.>,,,,
0c336d0e30e25a831744,GEN 26:1,3,"Y hubo hambre en la tierra, además de la primera hambre que fue en los días de Abraham: y fuése Isaac a Abimelech rey de los Filisteos, en Gerar.",H905,HR/R/Ncmsc,<from>/ <to>/ besides,,,,
5dc30bf8bcd7a10967d6,GEN 26:1,10,"Y hubo hambre en la tierra, además de la primera hambre que fue en los días de Abraham: y fuése Isaac a Abimelech rey de los Filisteos, en Gerar.",H1980,Hc/Vqw3ms,and/ he went,,,,
1bf889e4325bbad6a313,GEN 26:1,12,"Y hubo hambre en la tierra, además de la primera hambre que fue en los días de Abraham: y fuése Isaac a Abimelech rey de los Filisteos, en Gerar.",H413,HR,to,,,,
565ddc8e7135b42900b6,GEN 26:2,0,"Y apareciósele Jehová, y díjole: No desciendas a Egipto: habita en la tierra que yo te diré;",H7200,Hc/VNw3ms,and/ he appeared,,,,
3576f2d6b2b81577ff0c,GEN 26:2,1,"Y apareciósele Jehová, y díjole: No desciendas a Egipto: habita en la tierra que yo te diré;",H413,HRd/Sp3ms,to/ him,,,,
44a2605324d364dbee7e,GEN 26:2,11,"Y apareciósele Jehová, y díjole: No desciendas a Egipto: habita en la tierra que yo te diré;",H413,HRd/Sp2ms,to/ you,,,,
e9a14fe4cf429b97ed67,GEN 26:3,2,"Habita en esta tierra, y seré contigo, y te bendeciré; porque a ti y a tu simiente daré todas estas tierras, y confirmaré el juramento que juré a Abraham tu padre:",H2063,HTd/Tm,<the>/ this,,,,
7d2e3274ec8383515315,GEN 26:3,3,"Habita en esta tierra, y seré contigo, y te bendeciré; porque a ti y a tu simiente daré todas estas tierras, y confirmaré el juramento que juré a Abraham tu padre:",H1961,HC/Vqu1cs,so/ I may be,,,,
11e56f4d01a541ad4552,GEN 26:3,9,"Habita en esta tierra, y seré contigo, y te bendeciré; porque a ti y a tu simiente daré todas estas tierras, y confirmaré el juramento que juré a Abraham tu padre:",H853,HTo,<obj.>,,,,
590fc4d5d4207ea67900,GEN 26:3,12,"Habita en esta tierra, y seré contigo, y te bendeciré; porque a ti y a tu simiente daré todas estas tierras, y confirmaré el juramento que juré a Abraham tu padre:",H411,HTd/Tm,<the>/ these,,,,
411b4b9d606c8c29f2f9,GEN 26:3,14,"Habita en esta tierra, y seré contigo, y te bendeciré; porque a ti y a tu simiente daré todas estas tierras, y confirmaré el juramento que juré a Abraham tu padre:",H853,HTo,<obj.>,,,,
ab910765c722648233d0,GEN 26:4,1,"Y multiplicaré tu simiente como las estrellas del cielo, y daré a tu simiente todas estas tierras; y todas las gentes de la tierra serán benditas en tu simiente:",H853,HTo,<obj.>,,,,
e45afb168c9b58ae2427,GEN 26:4,7,"Y multiplicaré tu simiente como las estrellas del cielo, y daré a tu simiente todas estas tierras; y todas las gentes de la tierra serán benditas en tu simiente:",H853,HTo,<obj.>,,,,
2ab154a375ca19873dd2,GEN 26:4,10,"Y multiplicaré tu simiente como las estrellas del cielo, y daré a tu simiente todas estas tierras; y todas las gentes de la tierra serán benditas en tu simiente:",H411,HTd/Tm,<the>/ these,,,,
be518d2850391b650ead,GEN 26:7,20,"Y los hombres de aquel lugar le preguntaron acerca de su mujer; y él respondió: Es mi hermana; porque tuvo miedo de decir: Es mi mujer; que tal vez, dijo, los hombres del lugar me matarían por causa de Rebeca; porque era de hermoso aspecto.",H1931,HPp3fs,she,,,,
4b4c29a9b0cc94936fe0,GEN 26:8,12,"Y sucedió que, después que él estuvo allí muchos días, Abimelech, rey de los Filisteos, mirando por una ventana, vio a Isaac que jugaba con Rebeca su mujer.",H2009,HC/Tj,and/ there!,,,,
6a1cfc64f6c829e1882e,GEN 26:8,14,"Y sucedió que, después que él estuvo allí muchos días, Abimelech, rey de los Filisteos, mirando por una ventana, vio a Isaac que jugaba con Rebeca su mujer.",H6711,HVprmsa,[was] playing,,,,
506b1c76bcb58550d3de,GEN 26:8,15,"Y sucedió que, después que él estuvo allí muchos días, Abimelech, rey de los Filisteos, mirando por una ventana, vio a Isaac que jugaba con Rebeca su mujer.",H854,HR,with,,,,
3ebd21ee8c83a1662210,GEN 26:10,9,"Y Abimelech dijo: ¿Por qué nos has hecho esto? Por poco hubiera dormido alguno del pueblo con tu mujer, y hubieras traído sobre nosotros el pecado.",H853,HTo,<obj.>,,,,
f417652bcbdbc04e3d7c,GEN 26:11,2,"Entonces Abimelech mandó a todo el pueblo, diciendo: El que toque a este hombre o a su mujer, de cierto morirá.",H853,HTo,<obj.>,,,,
60bfa67ea3443fbdb963,GEN 26:11,6,"Entonces Abimelech mandó a todo el pueblo, diciendo: El que toque a este hombre o a su mujer, de cierto morirá.",H5060,HTd/Vqrmsa,who/ [-ever] touches,,,,
7f93b41b65b751c49523,GEN 26:12,4,"Y sembró Isaac en aquella tierra, y halló aquel año ciento por uno: y bendíjole Jehová.",H4672,Hc/Vqw3ms,and/ he found,,,,
7e7b531cdb1823373355,GEN 26:12,8,"Y sembró Isaac en aquella tierra, y halló aquel año ciento por uno: y bendíjole Jehová.",H8180,HNcmpa,measures,,,,
d20a57a4354abad1d9ad,GEN 26:13,2,"Y el varón se engrandeció, y fue adelantando y engrandeciéndose, hasta hacerse muy poderoso:",H1980,Hc/Vqw3ms,and/ he went,,,,
a6cc16edc358ecf57630,GEN 26:13,3,"Y el varón se engrandeció, y fue adelantando y engrandeciéndose, hasta hacerse muy poderoso:",H1980,HVqaa,continuously <to go>,,,,
1525d522ab1eece06ef3,GEN 26:13,4,"Y el varón se engrandeció, y fue adelantando y engrandeciéndose, hasta hacerse muy poderoso:",H1432,HC/Aamsa,and/ becoming great,,,,
61802bd249d0c0d04e7c,GEN 26:13,6,"Y el varón se engrandeció, y fue adelantando y engrandeciéndose, hasta hacerse muy poderoso:",H3588,HTc,for,,,,
63f491ac5e479c84f99b,GEN 26:14,5,"Y tuvo hato de ovejas, y hato de vacas, y grande apero; y los Filisteos le tuvieron envidia.",H5657,HC/Ncfsa,and/ service,,,,
6822f150568ae968c941,GEN 26:14,6,"Y tuvo hato de ovejas, y hato de vacas, y grande apero; y los Filisteos le tuvieron envidia.",H7227,HAafsa,much,,,,
ff6f00ff511bd085a609,GEN 26:14,8,"Y tuvo hato de ovejas, y hato de vacas, y grande apero; y los Filisteos le tuvieron envidia.",H853,HTo/Sp3ms,<obj.>/ him,,,,
b055f25e089056ad32ca,GEN 26:15,8,"Y todos los pozos que habían abierto los criados de Abraham su padre en sus días, los Filisteos los habían cegado y llenado de tierra.",H1,HNcmsc/Sp3ms,father/ his,,,,
eaa072d4255a526ce1a0,GEN 26:16,2,"Y dijo Abimelech a Isaac: Apártate de nosotros, porque mucho más poderoso que nosotros te has hecho.",H413,HR,to,,,,
843eba41ee7dceed4801,GEN 26:16,4,"Y dijo Abimelech a Isaac: Apártate de nosotros, porque mucho más poderoso que nosotros te has hecho.",H1980,HVqv2ms,go,,,,
5c7f06f269843bdeffb7,GEN 26:17,0,"E Isaac se fue de allí; y asentó sus tiendas en el valle de Gerar, y habitó allí.",H1980,Hc/Vqw3ms,and/ he went,,,,
8bf72ec5d9aea93f2f93,GEN 26:18,3,"Y volvió a abrir Isaac los pozos de agua que habían abierto en los días de Abraham su padre, y que los Filisteos habían cegado, muerto Abraham; y llamólos por los nombres que su padre los había llamado.",H853,HTo,<obj.>,,,,
f01e4145510eb04b2cc6,GEN 26:18,13,"Y volvió a abrir Isaac los pozos de agua que habían abierto en los días de Abraham su padre, y que los Filisteos habían cegado, muerto Abraham; y llamólos por los nombres que su padre los había llamado.",H310,HAcmpc,after,,,,
118d7ff587ff6327b575,GEN 26:18,14,"Y volvió a abrir Isaac los pozos de agua que habían abierto en los días de Abraham su padre, y que los Filisteos habían cegado, muerto Abraham; y llamólos por los nombres que su padre los había llamado.",H4194,HNcmsc,[the] death of,,,,
0ef6ea3cfd3e46fb3d99,GEN 26:18,18,"Y volvió a abrir Isaac los pozos de agua que habían abierto en los días de Abraham su padre, y que los Filisteos habían cegado, muerto Abraham; y llamólos por los nombres que su padre los había llamado.",H8034,HRd/Ncfpa,like the/ names,,,,
48fe2b781c76186766f8,GEN 26:20,1,"Y los pastores de Gerar riñeron con los pastores de Isaac, diciendo: El agua es nuestra: por eso llamó el nombre del pozo Esek, porque habían altercado con él.",H7462,HVqrmpc,[the] herdsmen of,,,,
5c29054d3895ed2ab794,GEN 26:20,4,"Y los pastores de Gerar riñeron con los pastores de Isaac, diciendo: El agua es nuestra: por eso llamó el nombre del pozo Esek, porque habían altercado con él.",H7462,HVqrmpc,[the] herdsmen of,,,,
518105e840fdbe1f1824,GEN 26:21,8,"Y abrieron otro pozo, y también riñeron sobre él: y llamó su nombre Sitnah.",H7856,HNpl,Sitnah,,,,
12aa50b997024ec5e7eb,GEN 26:22,9,"Y apartóse de allí, y abrió otro pozo, y no riñeron sobre él: y llamó su nombre Rehoboth, y dijo: Porque ahora nos ha hecho ensanchar Jehová, y fructificaremos en la tierra.",H8034,HNcmsc/Sp3fs,name/ its,,,,
288830623411f16dbd10,GEN 26:22,14,"Y apartóse de allí, y abrió otro pozo, y no riñeron sobre él: y llamó su nombre Rehoboth, y dijo: Porque ahora nos ha hecho ensanchar Jehová, y fructificaremos en la tierra.",H7337,HVhp3ms,he has made space,,,,
e5849d057b03656e84ed,GEN 26:23,3,Y de allí subió a Beer-seba.,H884,HNpl,Sheba,,,,
0ec2a3cd8d6a0a099de4,GEN 26:24,0,"Y apareciósele Jehová aquella noche, y dijo: Yo soy el Dios de Abraham tu padre; no temas, que yo soy contigo, y yo te bendeciré, y multiplicaré tu simiente por amor de Abraham mi siervo.",H7200,Hc/VNw3ms,and/ he appeared,,,,
5cb5172134a37299db40,GEN 26:24,1,"Y apareciósele Jehová aquella noche, y dijo: Yo soy el Dios de Abraham tu padre; no temas, que yo soy contigo, y yo te bendeciré, y multiplicaré tu simiente por amor de Abraham mi siervo.",H413,HRd/Sp3ms,to/ him,,,,
57e8c2031660769dd3e6,GEN 26:24,12,"Y apareciósele Jehová aquella noche, y dijo: Yo soy el Dios de Abraham tu padre; no temas, que yo soy contigo, y yo te bendeciré, y multiplicaré tu simiente por amor de Abraham mi siervo.",H3588,HTc,for,,,,
a8c9c24f344e40fe3f71,GEN 26:24,17,"Y apareciósele Jehová aquella noche, y dijo: Yo soy el Dios de Abraham tu padre; no temas, que yo soy contigo, y yo te bendeciré, y multiplicaré tu simiente por amor de Abraham mi siervo.",H853,HTo,<obj.>,,,,
7b8ba86ee116df9a0703,GEN 26:24,19,"Y apareciósele Jehová aquella noche, y dijo: Yo soy el Dios de Abraham tu padre; no temas, que yo soy contigo, y yo te bendeciré, y multiplicaré tu simiente por amor de Abraham mi siervo.",H5668,HR/Ncmsc,for/sake of,,,,
920a78010740334dcac7,GEN 26:26,2,"Y Abimelech vino a él desde Gerar, y Ahuzzath, amigo suyo, y Phicol, capitán de su ejército.",H413,HRd/Sp3ms,to/ him,,,,
6bbc97121fb95fbd5937,GEN 26:27,1,"Y díjoles Isaac: ¿Por qué vienen a mí, pues que me han aborrecido, y me echaron de entre ustedes?",H413,HRd/Sp3mp,to/ them,,,,
cb1545ba010aaa9baaa8,GEN 26:27,4,"Y díjoles Isaac: ¿Por qué vienen a mí, pues que me han aborrecido, y me echaron de entre ustedes?",H935,HVqp2mp,have you come,,,,
2aefef3cd32220829e60,GEN 26:27,5,"Y díjoles Isaac: ¿Por qué vienen a mí, pues que me han aborrecido, y me echaron de entre ustedes?",H413,HRd/Sp1bs,to/ me,,,,
c228ace2c08cb989a891,GEN 26:27,6,"Y díjoles Isaac: ¿Por qué vienen a mí, pues que me han aborrecido, y me echaron de entre ustedes?",H859,HC/Pp2mp,and/ you,,,,
566fa42ee71d44c077ae,GEN 26:27,9,"Y díjoles Isaac: ¿Por qué vienen a mí, pues que me han aborrecido, y me echaron de entre ustedes?",H7971,Hc/Vpw2mp/Sp1bs,and/ you sent away/ me,,,,
1b261198cbd689f4e886,GEN 26:27,10,"Y díjoles Isaac: ¿Por qué vienen a mí, pues que me han aborrecido, y me echaron de entre ustedes?",H854,HR/Rd/Sp2mp,from/ with <the>/ you,,,,
520747a0d9e18c602d1b,GEN 26:28,2,"Y ellos respondieron: Hemos visto que Jehová es contigo; y dijimos: Haya ahora juramento entre nosotros, entre nosotros y ti, y haremos alianza contigo:",H7200,HVqp1cp,we have seen,,,,
d716320123ca2b9866d9,GEN 26:28,8,"Y ellos respondieron: Hemos visto que Jehová es contigo; y dijimos: Haya ahora juramento entre nosotros, entre nosotros y ti, y haremos alianza contigo:",H1961,HVqj3fs,let it be,,,,
05fa56f1e3cc64b9c74d,GEN 26:28,13,"Y ellos respondieron: Hemos visto que Jehová es contigo; y dijimos: Haya ahora juramento entre nosotros, entre nosotros y ti, y haremos alianza contigo:",H996,HC/Acmsc/Sp2ms,and/ between/ you,,,,
0e814df8a1d4cff93305,GEN 26:29,9,"Que no nos hagas mal, como nosotros no te hemos tocado, y como solamente te hemos hecho bien, y te enviamos en paz: tú ahora, bendito de Jehová.",H5973,HRd/Sp2ms,with/ you,,,,
6fb267d55aab8e3f3ed7,GEN 26:31,7,"Y se levantaron de madrugada, y juraron el uno al otro; e Isaac los despidió, y ellos se partieron de él en paz.",H1980,Hc/Vqw3mp,and/ they went,,,,
9c78633f2fc400588d3a,GEN 26:31,8,"Y se levantaron de madrugada, y juraron el uno al otro; e Isaac los despidió, y ellos se partieron de él en paz.",H854,HR/Rd/Sp3ms,from/ with <the>/ him,,,,
5af84342de349686c723,GEN 26:33,1,Y llamólo Seba: por cuya causa el nombre de aquella ciudad es Beer-seba hasta este día.,H853,HTo/Sp3fs,<obj.>/ it,,,,
b9c12ec8dd1afada4ee0,GEN 26:33,7,Y llamólo Seba: por cuya causa el nombre de aquella ciudad es Beer-seba hasta este día.,H884,HNpl,[is] Beer,,,,
fdef71330321aa7cae89,GEN 26:33,8,Y llamólo Seba: por cuya causa el nombre de aquella ciudad es Beer-seba hasta este día.,H884,HNpl,Sheba,,,,
9f9229923aea809375b1,GEN 26:34,0,"Y cuando Esaú fue de cuarenta años, tomó por mujer a Judith hija de Beeri Hetheo, y a Basemat hija de Elón Hetheo:",H1961,Hc/Vqw3ms,and/ he was,,,,
b64f0fcc1d6344446bd9,GEN 26:34,2,"Y cuando Esaú fue de cuarenta años, tomó por mujer a Judith hija de Beeri Hetheo, y a Basemat hija de Elón Hetheo:",H1121,HNcmsc,a son of,,,,
a8e67e9c82ee96659b20,GEN 26:34,7,"Y cuando Esaú fue de cuarenta años, tomó por mujer a Judith hija de Beeri Hetheo, y a Basemat hija de Elón Hetheo:",H853,HTo,<obj.>,,,,
2a107cbe6d07873107da,GEN 26:34,12,"Y cuando Esaú fue de cuarenta años, tomó por mujer a Judith hija de Beeri Hetheo, y a Basemat hija de Elón Hetheo:",H853,HC/To,and/ <obj.>,,,,
52c6d5788e1a4353ce87,GEN 27:1,2,"Y aconteció que cuando hubo Isaac envejecido, y sus ojos se ofuscaron quedando sin vista, llamó a Esaú, su hijo el mayor, y díjole: Mi hijo. Y él respondió: Heme aquí.",H2204,HVqp3ms,he was old,,,,
edf2360ec08695de4d6c,GEN 27:1,8,"Y aconteció que cuando hubo Isaac envejecido, y sus ojos se ofuscaron quedando sin vista, llamó a Esaú, su hijo el mayor, y díjole: Mi hijo. Y él respondió: Heme aquí.",H853,HTo,<obj.>,,,,
ef6ee16e6a3de3f8f9f9,GEN 27:1,13,"Y aconteció que cuando hubo Isaac envejecido, y sus ojos se ofuscaron quedando sin vista, llamó a Esaú, su hijo el mayor, y díjole: Mi hijo. Y él respondió: Heme aquí.",H413,HRd/Sp3ms,to/ him,,,,
629e769a63543984b436,GEN 27:1,16,"Y aconteció que cuando hubo Isaac envejecido, y sus ojos se ofuscaron quedando sin vista, llamó a Esaú, su hijo el mayor, y díjole: Mi hijo. Y él respondió: Heme aquí.",H413,HRd/Sp3ms,to/ him,,,,
a4cdf2978cbee0c04784,GEN 27:2,7,"Y él dijo: He aquí ya soy viejo, no sé el día de mi muerte:",H4194,HNcmsc/Sp1bs,death/ my,,,,
e5309c978d0d9decb4b7,GEN 27:3,2,"Toma, pues, ahora tus armas, tu aljaba y tu arco, y sal al campo, y cógeme caza;",H4994,HTj,please,,,,
9e7dd92f9b5d37c74694,GEN 27:3,8,"Toma, pues, ahora tus armas, tu aljaba y tu arco, y sal al campo, y cógeme caza;",H6679,HC/Vqv2ms/Sh,and/ hunt/ !,,,,
fbff215cfabe1da1c36f,GEN 27:3,9,"Toma, pues, ahora tus armas, tu aljaba y tu arco, y sal al campo, y cógeme caza;",H6718,HNcmsa,wild game,,,,
5b9e5f6eaa57118a2f7c,GEN 27:4,3,"Y hazme un guisado, como yo gusto, y tráemelo, y comeré; para que te bendiga mi alma antes que muera.",H157,HVqp1cs,I love,,,,
b765639c8b5319386b5a,GEN 27:4,4,"Y hazme un guisado, como yo gusto, y tráemelo, y comeré; para que te bendiga mi alma antes que muera.",H935,HC/Vhv2ms/Sh,and/ bring [it]/ !,,,,
b251ed9190946907ed92,GEN 27:4,6,"Y hazme un guisado, como yo gusto, y tráemelo, y comeré; para que te bendiga mi alma antes que muera.",H5668,HR/Ncmsa,in/order that,,,,
da6a8f9bded14c3f5788,GEN 27:4,9,"Y hazme un guisado, como yo gusto, y tráemelo, y comeré; para que te bendiga mi alma antes que muera.",H2962,HR/Acbsa,<in>/ before,,,,
7355356d77cc4e642171,GEN 27:5,4,"Y Rebeca estaba oyendo, cuando hablaba Isaac a Esaú su hijo: y fuése Esaú al campo para coger la caza que había de traer.",H413,HR,to,,,,
ab3b3a89009b708a1698,GEN 27:5,7,"Y Rebeca estaba oyendo, cuando hablaba Isaac a Esaú su hijo: y fuése Esaú al campo para coger la caza que había de traer.",H1980,Hc/Vqw3ms,and/ he went,,,,
27dc8347aeda2d085a90,GEN 27:5,10,"Y Rebeca estaba oyendo, cuando hablaba Isaac a Esaú su hijo: y fuése Esaú al campo para coger la caza que había de traer.",H6679,HR/Vqcc,to/ hunt,,,,
9a524f31b118a7f16976,GEN 27:6,8,"Entonces Rebeca habló a Jacob su hijo, diciendo: He aquí yo he oído a tu padre que hablaba con Esaú tu hermano, diciendo:",H853,HTo,<obj.>,,,,
f4246e48eaf51c6db07a,GEN 27:6,11,"Entonces Rebeca habló a Jacob su hijo, diciendo: He aquí yo he oído a tu padre que hablaba con Esaú tu hermano, diciendo:",H413,HR,to,,,,
aa0ee8140c3ff33253dd,GEN 27:7,9,"Tráeme caza, y hazme un guisado, para que coma, y te bendiga delante de Jehová antes que yo muera.",H4194,HNcmsc/Sp1bs,death/ my,,,,
4a0d335bc9aa9033604f,GEN 27:8,7,"Ahora pues, hijo mío, obedece a mi voz en lo que te mando;",H853,HTo/Sp2ms,<obj.>/ you,,,,
5adb8edabf409ad6fe0d,GEN 27:9,0,"Ve ahora al ganado, y tráeme de allí dos buenos cabritos de las cabras, y haré de ellos viandas para tu padre, como él gusta;",H1980,HVqv2ms,go,,,,
80cdecbab5a771ef7107,GEN 27:9,11,"Ve ahora al ganado, y tráeme de allí dos buenos cabritos de las cabras, y haré de ellos viandas para tu padre, como él gusta;",H853,HTo/Sp3mp,<obj.>/ them,,,,
3b40b6850df12ee34e9a,GEN 27:10,3,"Y tú las llevarás a tu padre, y comerá, para que te bendiga antes de su muerte.",H5668,HR/Ncmsa,in/order that,,,,
20aea2c13ba3546923c1,GEN 27:10,7,"Y tú las llevarás a tu padre, y comerá, para que te bendiga antes de su muerte.",H4194,HNcmsc/Sp3ms,death/ his,,,,
f3f7354b1ba725671604,GEN 27:11,2,"Y Jacob dijo a Rebeca su madre: He aquí, Esaú mi hermano es hombre velloso, y yo lampiño:",H413,HR,to,,,,
2619ecee3f6a7ead72af,GEN 27:11,5,"Y Jacob dijo a Rebeca su madre: He aquí, Esaú mi hermano es hombre velloso, y yo lampiño:",H2005,HTj,here!,,,,
a4705146872ec86b0138,GEN 27:11,11,"Y Jacob dijo a Rebeca su madre: He aquí, Esaú mi hermano es hombre velloso, y yo lampiño:",H376,HNcmsa,[am] a man,,,,
ae52c38c944882eb6b8b,GEN 27:12,3,"Quizá me tentará mi padre, y me tendrá por burlador, y traeré sobre mí maldición y no bendición.",H1961,Hc/Vqq1cs,and/ I will be,,,,
d22d1f12974a47baae4b,GEN 27:12,5,"Quizá me tentará mi padre, y me tendrá por burlador, y traeré sobre mí maldición y no bendición.",H8591,HR/Vprmsa,like/ a mocker,,,,
c5d889b2310bea6d6067,GEN 27:13,8,"Y su madre respondió: Hijo mío, sobre mí tu maldición: solamente obedece a mi voz, y ve y tráemelos.",H1980,HC/Vqv2ms,and/ go,,,,
fd9b3bee01fd39bd46b3,GEN 27:14,0,"Entonces él fue, y tomó, y trájolos a su madre: y su madre hizo guisados, como su padre gustaba.",H1980,Hc/Vqw3ms,and/ he went,,,,
64fc15781562371a0081,GEN 27:15,2,"Y tomó Rebeca los vestidos de Esaú su hijo mayor, los preciosos, que ella tenía en casa, y vistió a Jacob su hijo menor:",H853,HTo,<obj.>,,,,
91041c86ae0abc1d9303,GEN 27:15,7,"Y tomó Rebeca los vestidos de Esaú su hijo mayor, los preciosos, que ella tenía en casa, y vistió a Jacob su hijo menor:",H2532,HTd/Ncfpa,the/ desirableness<es>,,,,
eb9e07543b5df30e9b05,GEN 27:15,12,"Y tomó Rebeca los vestidos de Esaú su hijo mayor, los preciosos, que ella tenía en casa, y vistió a Jacob su hijo menor:",H853,HTo,<obj.>,,,,
cb3627558fb813aa240a,GEN 27:16,0,"E hízole vestir sobre sus manos, y sobre la cerviz donde no tenía vello, las pieles de los cabritos de las cabras;",H853,HC/To,and/ <obj.>,,,,
115b6d69de6537925827,GEN 27:16,3,"E hízole vestir sobre sus manos, y sobre la cerviz donde no tenía vello, las pieles de los cabritos de las cabras;",H5795,HTd/Ncmpa,the/ goats,,,,
771ae09bab455855e069,GEN 27:16,5,"E hízole vestir sobre sus manos, y sobre la cerviz donde no tenía vello, las pieles de los cabritos de las cabras;",H5921,HR,on,,,,
d0128cd527e162d7c1da,GEN 27:16,7,"E hízole vestir sobre sus manos, y sobre la cerviz donde no tenía vello, las pieles de los cabritos de las cabras;",H5921,HC/R,and/ on,,,,
03ec1c47570504d2086d,GEN 27:16,8,"E hízole vestir sobre sus manos, y sobre la cerviz donde no tenía vello, las pieles de los cabritos de las cabras;",H2513,HNcfsc,[the] smooth part of,,,,
d5ae43e3199716ff1440,GEN 27:17,1,"Y entregó los guisados y el pan que había aderezado, en mano de Jacob su hijo.",H853,HTo,<obj.>,,,,
4adca33cabdfb435e6ae,GEN 27:17,3,"Y entregó los guisados y el pan que había aderezado, en mano de Jacob su hijo.",H853,HC/To,and/ <obj.>,,,,
80f4803e66b8196f0a4c,GEN 27:17,6,"Y entregó los guisados y el pan que había aderezado, en mano de Jacob su hijo.",H6213,HVqp3fs,she had prepared,,,,
659a7bf21089eaeb8d18,GEN 27:18,1,"Y él fue a su padre, y dijo: Padre mío: y él respondió: Heme aquí, ¿quién eres, hijo mío?",H413,HR,to,,,,
2bd8a42a3691db360083,GEN 27:18,8,"Y él fue a su padre, y dijo: Padre mío: y él respondió: Heme aquí, ¿quién eres, hijo mío?",H859,HPp2ms,[are] you,,,,
ead8413e11ddf5e534ba,GEN 27:19,16,"Y Jacob dijo a su padre: Yo soy Esaú tu primogénito; he hecho como me dijiste: levántate ahora, y siéntate, y come de mi caza, para que me bendiga tu alma.",H5668,HR/Ncmsa,in/order that,,,,
0c92c6bc56d4b331e7a4,GEN 27:20,2,"Entonces Isaac dijo a su hijo: ¿Cómo es que la hallaste tan presto, hijo mío? Y él respondió: Porque Jehová tu Dios hizo que se encontrase delante de mí.",H413,HR,to,,,,
8d68d39b1019b7ce1051,GEN 27:20,5,"Entonces Isaac dijo a su hijo: ¿Cómo es que la hallaste tan presto, hijo mío? Y él respondió: Porque Jehová tu Dios hizo que se encontrase delante de mí.",H2088,HTm,this,,,,
d55f330e7fdb2d25d79e,GEN 27:21,2,"E Isaac dijo a Jacob: Acércate ahora, y te palparé, hijo mío, por si eres mi hijo Esaú, o no.",H413,HR,to,,,,
9d56dcaa45d5278d4cf8,GEN 27:21,6,"E Isaac dijo a Jacob: Acércate ahora, y te palparé, hijo mío, por si eres mi hijo Esaú, o no.",H4184,HC/Vqu1cs/Sp2ms,so/ I may feel/ you,,,,
5409031a6fd6a5be8517,GEN 27:21,9,"E Isaac dijo a Jacob: Acércate ahora, y te palparé, hijo mío, por si eres mi hijo Esaú, o no.",H2088,HTm,this,,,,
990135cc9c6e6d76303c,GEN 27:22,2,"Y llegóse Jacob a su padre Isaac; y él le palpó, y dijo: La voz es la voz de Jacob, pero las manos, las manos de Esaú.",H413,HR,to,,,,
5e870164637148bd6d5f,GEN 27:23,7,"Y no le conoció, porque sus manos eran vellosas como las manos de Esaú: y le bendijo.",H251,HNcmsc/Sp3ms,brother/ his,,,,
6dca6d71c42f4d2b17ad,GEN 27:24,2,Y dijo: ¿Eres tú mi hijo Esaú? Y él respondió: Yo soy.,H2088,HTm,this,,,,
38aa147da9d26282c31c,GEN 27:25,5,"Y dijo: Acércamela, y comeré de la caza de mi hijo, para que te bendiga mi alma; y él se la acercó, y comió: trájole también vino, y bebió.",H4616,HTc,so that,,,,
1d07cd9e566486945037,GEN 27:25,7,"Y dijo: Acércamela, y comeré de la caza de mi hijo, para que te bendiga mi alma; y él se la acercó, y comió: trájole también vino, y bebió.",H5315,HNcfsc/Sp1bs,self/ my,,,,
bda04046e0d965a12c13,GEN 27:26,1,"Y díjole Isaac su padre: Acércate ahora, y bésame, hijo mío.",H413,HRd/Sp3ms,to/ him,,,,
1425f31f63a2bef85237,GEN 27:27,3,"Y él se llegó, y le besó; y olió Isaac el olor de sus vestidos, y le bendijo, y dijo: Mira, el olor de mi hijo como el olor del campo que Jehová ha bendecido:",H853,HTo,<obj.>,,,,
16a4b6d145b84afde69b,GEN 27:27,7,"Y él se llegó, y le besó; y olió Isaac el olor de sus vestidos, y le bendijo, y dijo: Mira, el olor de mi hijo como el olor del campo que Jehová ha bendecido:",H559,Hc/Vqw3ms,and/ he said,,,,
8e106b77515b2d72d7f0,GEN 27:28,4,"Dios, pues, te dé del rocío del cielo, y de las grosuras de la tierra, y abundancia de trigo y de mosto.",H4924,HC/R/Aampc,and/ some of/ [the] fatness<es> of,,,,
92d78fa16fe96184d42a,GEN 27:29,4,"Sírvante pueblos, y naciones se inclinen a ti: sé señor de tus hermanos, e inclínense a ti los hijos de tu madre: malditos los que te maldigan, y benditos los que te bendigan.",H1933,HVqv2ms,be,,,,
ee75dfbacd80ddf9b69b,GEN 27:29,7,"Sírvante pueblos, y naciones se inclinen a ti: sé señor de tus hermanos, e inclínense a ti los hijos de tu madre: malditos los que te maldigan, y benditos los que te bendigan.",H7812,HC/Vvu3mp,so/ may they bow down,,,,
804dd4f09876ffe4fe2f,GEN 27:29,11,"Sírvante pueblos, y naciones se inclinen a ti: sé señor de tus hermanos, e inclínense a ti los hijos de tu madre: malditos los que te maldigan, y benditos los que te bendigan.",H779,HVqsmsa,[be] cursed,,,,
fa9fcb6ab44b015297ed,GEN 27:29,13,"Sírvante pueblos, y naciones se inclinen a ti: sé señor de tus hermanos, e inclínense a ti los hijos de tu madre: malditos los que te maldigan, y benditos los que te bendigan.",H1288,HVqsmsa,[be] blessed,,,,
78f7d6ad7f052545f787,GEN 27:30,5,"Y aconteció, luego que hubo Isaac acabado de bendecir a Jacob, y apenas había salido Jacob de delante de Isaac su padre, que Esaú su hermano vino de su caza.",H853,HTo,<obj.>,,,,
00c51f628e0a8382cfe7,GEN 27:30,7,"Y aconteció, luego que hubo Isaac acabado de bendecir a Jacob, y apenas había salido Jacob de delante de Isaac su padre, que Esaú su hermano vino de su caza.",H1961,Hc/Vqw3ms,and/ it was,,,,
04bbc54b1a60a1e6e46a,GEN 27:30,10,"Y aconteció, luego que hubo Isaac acabado de bendecir a Jacob, y apenas había salido Jacob de delante de Isaac su padre, que Esaú su hermano vino de su caza.",H3318,HVqp3ms,he had gone out,,,,
77127147782417f7fbfe,GEN 27:30,12,"Y aconteció, luego que hubo Isaac acabado de bendecir a Jacob, y apenas había salido Jacob de delante de Isaac su padre, que Esaú su hermano vino de su caza.",H854,HR/R,from/ with,,,,
115ea6749c30f083e8da,GEN 27:31,9,"E hizo él también guisados, y trajo a su padre, y díjole: Levántese mi padre, y coma de la caza de su hijo, para que me bendiga tu alma.",H1,HNcmsc/Sp1bs,father/ my,,,,
822d8622574fc0b23d59,GEN 27:31,13,"E hizo él también guisados, y trajo a su padre, y díjole: Levántese mi padre, y coma de la caza de su hijo, para que me bendiga tu alma.",H5668,HR/Ncmsa,in/order that,,,,
27e12b771b86f737c23f,GEN 27:33,3,"Y estremecióse Isaac con grande estremecimiento, y dijo: ¿Quién es el que vino aquí, que cogió caza, y me trajo, y comí de todo antes que vinieses? Yo le bendije, y será bendito.",H1419,HAafsa,great,,,,
c30831165cba3ae09c2e,GEN 27:33,4,"Y estremecióse Isaac con grande estremecimiento, y dijo: ¿Quién es el que vino aquí, que cogió caza, y me trajo, y comí de todo antes que vinieses? Yo le bendije, y será bendito.",H5704,HR,up to,,,,
2de63b5a212cc88b0857,GEN 27:33,10,"Y estremecióse Isaac con grande estremecimiento, y dijo: ¿Quién es el que vino aquí, que cogió caza, y me trajo, y comí de todo antes que vinieses? Yo le bendije, y será bendito.",H6679,HTd/Vqrmsa,who/ hunted,,,,
df946dddf474b50d5849,GEN 27:33,15,"Y estremecióse Isaac con grande estremecimiento, y dijo: ¿Quién es el que vino aquí, que cogió caza, y me trajo, y comí de todo antes que vinieses? Yo le bendije, y será bendito.",H2962,HR/Acbsa,<in>/ before,,,,
3fa655d6f402ac4a7764,GEN 27:34,2,"Como Esaú oyó las palabras de su padre, clamó con una muy grande y muy amarga exclamación, y le dijo: Bendíceme también a mí, padre mío.",H853,HTo,<obj.>,,,,
f134dca76df021dacaea,GEN 27:34,9,"Como Esaú oyó las palabras de su padre, clamó con una muy grande y muy amarga exclamación, y le dijo: Bendíceme también a mí, padre mío.",H5704,HR,up to,,,,
2a74b1f9abdecc36b073,GEN 27:34,16,"Como Esaú oyó las palabras de su padre, clamó con una muy grande y muy amarga exclamación, y le dijo: Bendíceme también a mí, padre mío.",H1,HNcmsc/Sp1bs,O father/ my,,,,
a3600045b722c056f0a3,GEN 27:36,8,"Y él respondió: Bien llamaron su nombre Jacob, que ya me ha engañado dos veces; alzóse con mi primogenitura, y he aquí ahora ha tomado mi bendición. Y dijo: ¿No has guardado bendición para mí?",H853,HTo,<obj.>,,,,
8664bf196a841ab757a8,GEN 27:37,4,"Isaac respondió y dijo a Esaú: He aquí yo le he puesto por señor tuyo, y le he dado por siervos a todos sus hermanos: de trigo y de vino le he provisto: ¿qué, pues, te haré a ti ahora, hijo mío?",H2005,HTj,here!,,,,
64b74404b2cc3dc2d540,GEN 27:37,7,"Isaac respondió y dijo a Esaú: He aquí yo le he puesto por señor tuyo, y le he dado por siervos a todos sus hermanos: de trigo y de vino le he provisto: ¿qué, pues, te haré a ti ahora, hijo mío?",H853,HC/To,and/ <obj.>,,,,
546a55a4d99aa3d2d149,GEN 27:38,2,"Y Esaú respondió a su padre: ¿No tienes más que una sola bendición, padre mío? bendíceme también a mí, padre mío. Y alzó Esaú su voz, y lloró.",H413,HR,to,,,,
61a4b435de3e3ee967e7,GEN 27:39,4,"Entonces Isaac su padre habló y díjole: He aquí será tu habitación en grosuras de la tierra, y del rocío de los cielos de arriba;",H413,HRd/Sp3ms,to/ him,,,,
2f40a95ceef2df526e1d,GEN 27:39,6,"Entonces Isaac su padre habló y díjole: He aquí será tu habitación en grosuras de la tierra, y del rocío de los cielos de arriba;",H4924,HR/Aampc,away from/ [the] fatness<es> of,,,,
a105fc9e134de95069d7,GEN 27:40,3,"Y por tu espada vivirás, y a tu hermano servirás: y sucederá cuando te enseñorees, que descargarás su yugo de tu cerviz.",H853,HC/To,and/ <obj.>,,,,
e6a8e846b5f0d9b6d3c6,GEN 27:40,8,"Y por tu espada vivirás, y a tu hermano servirás: y sucederá cuando te enseñorees, que descargarás su yugo de tu cerviz.",H7300,HVhi2ms,you will be restless,,,,
d0214af91674ff3db6f6,GEN 27:40,11,"Y por tu espada vivirás, y a tu hermano servirás: y sucederá cuando te enseñorees, que descargarás su yugo de tu cerviz.",H5921,HR/R,from/ on,,,,
20137214ddebe795a13c,GEN 27:41,2,"Y aborreció Esaú a Jacob por la bendición con que le había bendecido, y dijo en su corazón: Llegarán los días del luto de mi padre, y yo mataré a Jacob mi hermano.",H853,HTo,<obj.>,,,,
342936a52d0d6a859426,GEN 27:41,10,"Y aborreció Esaú a Jacob por la bendición con que le había bendecido, y dijo en su corazón: Llegarán los días del luto de mi padre, y yo mataré a Jacob mi hermano.",H6215,HNpm,Esau,,,,
6eb55cacc384a8e749bc,GEN 27:41,15,"Y aborreció Esaú a Jacob por la bendición con que le había bendecido, y dijo en su corazón: Llegarán los días del luto de mi padre, y yo mataré a Jacob mi hermano.",H1,HNcmsc/Sp1bs,father/ my,,,,
a97e16fa98fd0c4ef55c,GEN 27:41,17,"Y aborreció Esaú a Jacob por la bendición con que le había bendecido, y dijo en su corazón: Llegarán los días del luto de mi padre, y yo mataré a Jacob mi hermano.",H853,HTo,<obj.>,,,,
dd805a7cbd98547c1d58,GEN 27:42,2,"Y fueron dichas a Rebeca las palabras de Esaú su hijo mayor: y ella envió y llamó a Jacob su hijo menor, y díjole: He aquí, Esaú tu hermano se consuela acerca de ti con la idea de matarte.",H853,HTo,<obj.>,,,,
b952ed3ce5ad670d8dae,GEN 27:42,13,"Y fueron dichas a Rebeca las palabras de Esaú su hijo mayor: y ella envió y llamó a Jacob su hijo menor, y díjole: He aquí, Esaú tu hermano se consuela acerca de ti con la idea de matarte.",H413,HRd/Sp3ms,to/ him,,,,
74bb3e374e3311106d6e,GEN 27:43,5,"Ahora pues, hijo mío, obedece a mi voz; levántate, y húyete a Labán mi hermano, a Harán;",H1272,HVqv2ms,flee,,,,
524bbbdc6ce97d9582e8,GEN 27:43,6,"Ahora pues, hijo mío, obedece a mi voz; levántate, y húyete a Labán mi hermano, a Harán;",H413,HR,to,,,,
f25b69a60e9daca3a2f3,GEN 27:45,6,"Hasta que se aplaque la ira de tu hermano contra ti, y se olvide de lo que le has hecho: yo enviaré entonces, y te traeré de allá: ¿por qué seré privada de ustedes ambos en un día?",H853,HTo,<obj.>,,,,
1eeb9d76d73db42c4af6,GEN 27:45,14,"Hasta que se aplaque la ira de tu hermano contra ti, y se olvide de lo que le has hecho: yo enviaré entonces, y te traeré de allá: ¿por qué seré privada de ustedes ambos en un día?",H1571,HD,also,,,,
954609d318e3b54cc829,GEN 27:46,2,"Y dijo Rebeca a Isaac: Fastidio tengo de mi vida, a causa de las hijas de Heth. Si Jacob toma mujer de las hijas de Heth, como éstas, de las hijas de esta tierra, ¿para qué quiero la vida?",H413,HR,to,,,,
a46f7b35acba97f34b7a,GEN 27:46,4,"Y dijo Rebeca a Isaac: Fastidio tengo de mi vida, a causa de las hijas de Heth. Si Jacob toma mujer de las hijas de Heth, como éstas, de las hijas de esta tierra, ¿para qué quiero la vida?",H6973,HVqp1cs,I loathe,,,,
96d989300c5fc3d2df75,GEN 27:46,6,"Y dijo Rebeca a Isaac: Fastidio tengo de mi vida, a causa de las hijas de Heth. Si Jacob toma mujer de las hijas de Heth, como éstas, de las hijas de esta tierra, ¿para qué quiero la vida?",H6440,HR/Ncmpc,<from>/ because of,,,,
e501e202e44db7b149aa,GEN 28:1,2,"Entonces Isaac llamó a Jacob, y bendíjolo, y mandóle diciendo: No tomes mujer de las hijas de Canaán.",H413,HR,<to>,,,,
5cfd4d4308eedbccb6e9,GEN 28:1,5,"Entonces Isaac llamó a Jacob, y bendíjolo, y mandóle diciendo: No tomes mujer de las hijas de Canaán.",H853,HTo/Sp3ms,<obj.>/ him,,,,
feafa66f35db64ff51f4,GEN 28:2,1,"Levántate, ve a Padan-aram, a casa de Bethuel, padre de tu madre, y toma allí mujer de las hijas de Labán, hermano de tu madre.",H1980,HVqv2ms,go,,,,
d55ea0d3a444bff3c4ba,GEN 28:2,3,"Levántate, ve a Padan-aram, a casa de Bethuel, padre de tu madre, y toma allí mujer de las hijas de Labán, hermano de tu madre.",H758,HNpl,Aram,,,,
4442d49f90a28f14f5ed,GEN 28:3,3,"Y el Dios omnipotente te bendiga, y te haga fructificar, y te multiplique, hasta venir a ser congregación de pueblos;",H853,HTo/Sp2ms,<obj.>/ you,,,,
85e99225c4242ccf60bc,GEN 28:3,7,"Y el Dios omnipotente te bendiga, y te haga fructificar, y te multiplique, hasta venir a ser congregación de pueblos;",H6951,HR/Ncmsc,<into>/ a company of,,,,
793c779cd4eba84694bf,GEN 28:4,1,"Y te dé la bendición de Abraham, y a tu simiente contigo, para que heredes la tierra de tus peregrinaciones, que Dios dio a Abraham.",H853,HTo,<obj.>,,,,
f5c3104608f2818b7a59,GEN 28:4,7,"Y te dé la bendición de Abraham, y a tu simiente contigo, para que heredes la tierra de tus peregrinaciones, que Dios dio a Abraham.",H853,HTo,<obj.>,,,,
4622875c615af35fbade,GEN 28:4,9,"Y te dé la bendición de Abraham, y a tu simiente contigo, para que heredes la tierra de tus peregrinaciones, que Dios dio a Abraham.",H4033,HNcmpc/Sp2ms,sojournings/ your,,,,
84572959e19336c498a7,GEN 28:4,10,"Y te dé la bendición de Abraham, y a tu simiente contigo, para que heredes la tierra de tus peregrinaciones, que Dios dio a Abraham.",H834,HTr,which,,,,
4ccbdba6036ee09f8592,GEN 28:5,2,"Así envió Isaac a Jacob, el cual fue a Padan-aram, a Labán, hijo de Bethuel Arameo, hermano de Rebeca, madre de Jacob y de Esaú.",H853,HTo,<obj.>,,,,
bbc4c6f49efd0b17e438,GEN 28:5,4,"Así envió Isaac a Jacob, el cual fue a Padan-aram, a Labán, hijo de Bethuel Arameo, hermano de Rebeca, madre de Jacob y de Esaú.",H1980,Hc/Vqw3ms,and/ he went,,,,
09e04536d921c38ad8af,GEN 28:5,6,"Así envió Isaac a Jacob, el cual fue a Padan-aram, a Labán, hijo de Bethuel Arameo, hermano de Rebeca, madre de Jacob y de Esaú.",H758,HNpl,Aram,,,,
0a1f4e09f1410c38a372,GEN 28:5,7,"Así envió Isaac a Jacob, el cual fue a Padan-aram, a Labán, hijo de Bethuel Arameo, hermano de Rebeca, madre de Jacob y de Esaú.",H413,HR,to,,,,
920d9628c3c05aa28b18,GEN 28:6,5,"Y vio Esaú cómo Isaac había bendecido a Jacob, y le había enviado a Padan-aram, para tomar para sí mujer de allí; y que cuando le bendijo, le había mandado, diciendo: No tomarás mujer de las hijas de Canaán;",H853,HTo,<obj.>,,,,
9bdce690478e78fc2f37,GEN 28:6,8,"Y vio Esaú cómo Isaac había bendecido a Jacob, y le había enviado a Padan-aram, para tomar para sí mujer de allí; y que cuando le bendijo, le había mandado, diciendo: No tomarás mujer de las hijas de Canaán;",H853,HTo/Sp3ms,<obj.>/ him,,,,
86b2468c99f401311256,GEN 28:6,10,"Y vio Esaú cómo Isaac había bendecido a Jacob, y le había enviado a Padan-aram, para tomar para sí mujer de allí; y que cuando le bendijo, le había mandado, diciendo: No tomarás mujer de las hijas de Canaán;",H758,HNpl,Aram,,,,
e34544c650ce131362b2,GEN 28:6,15,"Y vio Esaú cómo Isaac había bendecido a Jacob, y le había enviado a Padan-aram, para tomar para sí mujer de allí; y que cuando le bendijo, le había mandado, diciendo: No tomarás mujer de las hijas de Canaán;",H853,HTo/Sp3ms,<obj.>/ him,,,,
91001749862dc4094b8c,GEN 28:7,2,"Y que Jacob había obedecido a su padre y a su madre, y se había ido a Padan-aram.",H413,HR,to,,,,
e10f4fdfcdd7dc0fa7a1,GEN 28:7,4,"Y que Jacob había obedecido a su padre y a su madre, y se había ido a Padan-aram.",H413,HC/R,and/ to,,,,
a3552345c77d3a014d35,GEN 28:7,6,"Y que Jacob había obedecido a su padre y a su madre, y se había ido a Padan-aram.",H1980,Hc/Vqw3ms,and/ he had gone,,,,
c8934ac11b4bc509c88b,GEN 28:7,8,"Y que Jacob había obedecido a su padre y a su madre, y se había ido a Padan-aram.",H758,HNpl,Aram,,,,
e387a021dbf73215b202,GEN 28:9,0,"Y fuése Esaú a Ismael, y tomó para sí por mujer a Mahaleth, hija de Ismael, hijo de Abraham, hermana de Nabaioth, además de sus otras mujeres.",H1980,Hc/Vqw3ms,and/ he went,,,,
13dfdf45070ebb70c88c,GEN 28:9,2,"Y fuése Esaú a Ismael, y tomó para sí por mujer a Mahaleth, hija de Ismael, hijo de Abraham, hermana de Nabaioth, además de sus otras mujeres.",H413,HR,to,,,,
81dd6890025958d53787,GEN 28:9,5,"Y fuése Esaú a Ismael, y tomó para sí por mujer a Mahaleth, hija de Ismael, hijo de Abraham, hermana de Nabaioth, además de sus otras mujeres.",H853,HTo,<obj.>,,,,
5779e7c5136cf6b64d58,GEN 28:10,3,"Y salió Jacob de Beer-seba, y fue a Harán;",H884,HNpl,Sheba,,,,
3814cc93f6dd19f89c4f,GEN 28:10,4,"Y salió Jacob de Beer-seba, y fue a Harán;",H1980,Hc/Vqw3ms,and/ he went,,,,
91eadd9c5c7c9faaf763,GEN 28:11,2,"Y encontró con un lugar, y durmió allí, porque ya el sol se había puesto: y tomó de las piedras de aquel paraje y puso a su cabecera, y acostóse en aquel lugar.",H3885,Hc/Vqw3ms,and/ he stayed [the] night,,,,
d57ad4c0c3d95e742bab,GEN 28:12,3,"Y soñó, y he aquí una escala que estaba apoyada en tierra, y su cabeza tocaba en el cielo: y he aquí ángeles de Dios que subían y descendían por ella.",H5324,HVHsmsa,[was] placed,,,,
1b81a75367387b5e7d89,GEN 28:12,5,"Y soñó, y he aquí una escala que estaba apoyada en tierra, y su cabeza tocaba en el cielo: y he aquí ángeles de Dios que subían y descendían por ella.",H7218,HC/Ncmsc/Sp3ms,and/ top/ its,,,,
86ddf98b693ac676d4c0,GEN 28:15,4,"Y he aquí, yo soy contigo, y te guardaré por donde quiera que fueres, y te volveré a esta tierra; porque no te dejaré hasta tanto que haya hecho lo que te he dicho.",H3605,HR/Ncmsa,in/ every,,,,
d981cf8ad4b321784b68,GEN 28:15,6,"Y he aquí, yo soy contigo, y te guardaré por donde quiera que fueres, y te volveré a esta tierra; porque no te dejaré hasta tanto que haya hecho lo que te he dicho.",H1980,HVqi2ms,you will go,,,,
7a86234416a5836b88d1,GEN 28:15,8,"Y he aquí, yo soy contigo, y te guardaré por donde quiera que fueres, y te volveré a esta tierra; porque no te dejaré hasta tanto que haya hecho lo que te he dicho.",H413,HR,to,,,,
608ae92f32d2bfea08b5,GEN 28:15,16,"Y he aquí, yo soy contigo, y te guardaré por donde quiera que fueres, y te volveré a esta tierra; porque no te dejaré hasta tanto que haya hecho lo que te he dicho.",H518,HTc,<if>,,,,
ebd412ee41a7f1206943,GEN 28:15,18,"Y he aquí, yo soy contigo, y te guardaré por donde quiera que fueres, y te volveré a esta tierra; porque no te dejaré hasta tanto que haya hecho lo que te he dicho.",H853,HTo,<obj.>,,,,
ea46aeca4518eae16833,GEN 28:17,8,"Y tuvo miedo, y dijo: ¡Cuán terrible es este lugar! No es otra cosa que casa de Dios, y puerta del cielo.",H3588,HTc,that,,,,
0db1d2b00d85637aca61,GEN 28:17,9,"Y tuvo miedo, y dijo: ¡Cuán terrible es este lugar! No es otra cosa que casa de Dios, y puerta del cielo.",H518,HTc,except,,,,
f146253f05dcf92482b8,GEN 28:17,12,"Y tuvo miedo, y dijo: ¡Cuán terrible es este lugar! No es otra cosa que casa de Dios, y puerta del cielo.",H2088,HC/Tm,and/ this,,,,
950e2ad362ccacfdece1,GEN 28:18,4,"Y levantóse Jacob de mañana, y tomó la piedra que había puesto de cabecera, y alzóla por título, y derramó aceite encima de ella.",H853,HTo,<obj.>,,,,
f93437b07b4b4dac41c4,GEN 28:18,9,"Y levantóse Jacob de mañana, y tomó la piedra que había puesto de cabecera, y alzóla por título, y derramó aceite encima de ella.",H7760,Hc/Vqw3ms,and/ he set up,,,,
2e340d011d314d7422f1,GEN 28:18,10,"Y levantóse Jacob de mañana, y tomó la piedra que había puesto de cabecera, y alzóla por título, y derramó aceite encima de ella.",H853,HTo/Sp3fs,<obj.>/ it,,,,
fc97da2895f369b97611,GEN 28:19,1,"Y llamó el nombre de aquel lugar Beth-el, bien que Luz era el nombre de la ciudad primero.",H853,HTo,<obj.>,,,,
2371145e6138d143f900,GEN 28:19,7,"Y llamó el nombre de aquel lugar Beth-el, bien que Luz era el nombre de la ciudad primero.",H199,HC/D,and/ but,,,,
3c80a5a70485af294a1d,GEN 28:20,5,"E hizo Jacob voto, diciendo: Si es Dios conmigo, y me guarda en este viaje que voy, y me da pan para comer y vestido para vestir,",H1961,HVqi3ms,he will be,,,,
616285f009290aac09a4,GEN 28:20,7,"E hizo Jacob voto, diciendo: Si es Dios conmigo, y me guarda en este viaje que voy, y me da pan para comer y vestido para vestir,",H5978,HR/Sp1bs,with/ me,,,,
5779290f3e2306cbb5ed,GEN 28:20,8,"E hizo Jacob voto, diciendo: Si es Dios conmigo, y me guarda en este viaje que voy, y me da pan para comer y vestido para vestir,",H8104,Hc/Vqq3ms/Sp1bs,and/ he will protect/ me,,,,
ddb07393826920a94e8a,GEN 28:20,12,"E hizo Jacob voto, diciendo: Si es Dios conmigo, y me guarda en este viaje que voy, y me da pan para comer y vestido para vestir,",H595,HPp1bs,I,,,,
22847ad55b91f7f0e9a3,GEN 28:20,14,"E hizo Jacob voto, diciendo: Si es Dios conmigo, y me guarda en este viaje que voy, y me da pan para comer y vestido para vestir,",H5414,Hc/Vqq3ms,and/ he will give,,,,
ecf174b8ee21d6d0cc60,GEN 28:21,0,"Y si torna en paz a casa de mi padre, Jehová será mi Dios,",H7725,Hc/Vqq1cs,and/ I will return,,,,
d0d24e14e6fe0d33cfb2,GEN 29:1,3,"Y siguió Jacob su camino, y fue a la tierra de los orientales.",H1980,Hc/Vqw3ms,and/ he went,,,,
420be72a41bfc2f76bd0,GEN 29:2,4,"Y miró, y vio un pozo en el campo: y he aquí tres rebaños de ovejas que yacían cerca de él; porque de aquel pozo abrevaban los ganados: y había una gran piedra sobre la boca del pozo.",H2009,HC/Tj,and/ there!,,,,
5bd1880717caa5b9bd4b,GEN 29:2,5,"Y miró, y vio un pozo en el campo: y he aquí tres rebaños de ovejas que yacían cerca de él; porque de aquel pozo abrevaban los ganados: y había una gran piedra sobre la boca del pozo.",H8033,HD,there,,,,
5c13a8dc781573485c54,GEN 29:3,5,"Y juntábanse allí todos los rebaños; y revolvían la piedra de sobre la boca del pozo, y abrevaban las ovejas; y volvían la piedra sobre la boca del pozo a su lugar.",H853,HTo,<obj.>,,,,
842c1cc48ea46c34fe12,GEN 29:3,11,"Y juntábanse allí todos los rebaños; y revolvían la piedra de sobre la boca del pozo, y abrevaban las ovejas; y volvían la piedra sobre la boca del pozo a su lugar.",H853,HTo,<obj.>,,,,
6be2022cdbd149247c04,GEN 29:3,14,"Y juntábanse allí todos los rebaños; y revolvían la piedra de sobre la boca del pozo, y abrevaban las ovejas; y volvían la piedra sobre la boca del pozo a su lugar.",H853,HTo,<obj.>,,,,
53d72818e877f48ce94e,GEN 29:4,3,"Y díjoles Jacob: Hermanos míos, ¿de dónde son? Y ellos respondieron: De Harán somos.",H370,HR/Ti,from/ where?,,,,
b16ddf398429992495f7,GEN 29:4,4,"Y díjoles Jacob: Hermanos míos, ¿de dónde son? Y ellos respondieron: De Harán somos.",H859,HPp2mp,[are] you,,,,
883f57ec6cb97f45defa,GEN 29:5,2,"Y él les dijo: ¿ConocEn a Labán, hijo de Nachôr? Y ellos dijeron: Sí, le conocemos.",H853,HTo,<obj.>,,,,
66ce6d07fdea2fc4d2e8,GEN 29:5,7,"Y él les dijo: ¿ConocEn a Labán, hijo de Nachôr? Y ellos dijeron: Sí, le conocemos.",H3045,HVqp1cp,we know [him],,,,
d58922ac071ab46f4a76,GEN 29:7,1,"Y él dijo: He aquí el día es aún grande; no es tiempo todavía de recoger el ganado; abreven las ovejas, e vayan a apacentarlas.",H2005,HTj,here!,,,,
541def3473602d2c27ff,GEN 29:7,4,"Y él dijo: He aquí el día es aún grande; no es tiempo todavía de recoger el ganado; abreven las ovejas, e vayan a apacentarlas.",H1419,HAamsa,[is] great,,,,
18013abbd70735a359af,GEN 29:7,9,"Y él dijo: He aquí el día es aún grande; no es tiempo todavía de recoger el ganado; abreven las ovejas, e vayan a apacentarlas.",H8248,HVhv2mp,water,,,,
be60df391ef54c3b9639,GEN 29:7,11,"Y él dijo: He aquí el día es aún grande; no es tiempo todavía de recoger el ganado; abreven las ovejas, e vayan a apacentarlas.",H1980,HC/Vqv2mp,and/ go,,,,
1c751ba4d1b9249c6e83,GEN 29:8,9,"Y ellos respondieron: No podemos, hasta que se junten todos los ganados, y remuevan la piedra de sobre la boca del pozo, para que abrevemos las ovejas.",H853,HTo,<obj.>,,,,
9bf11430b1910b3cf787,GEN 29:8,11,"Y ellos respondieron: No podemos, hasta que se junten todos los ganados, y remuevan la piedra de sobre la boca del pozo, para que abrevemos las ovejas.",H5921,HR/R,from/ over,,,,
5384b263e86487815fc2,GEN 29:9,7,"Estando aún él hablando con ellos, Rachêl vino con el ganado de su padre, porque ella era la pastora.",H834,HTr,which,,,,
0405a959ef5ae1fefd47,GEN 29:10,1,"Y sucedió que, como Jacob vio a Rachêl, hija de Labán hermano de su madre, y a las ovejas de Labán el hermano de su madre, llegóse Jacob, y removió la piedra de sobre la boca del pozo, y abrevó el ganado de Labán hermano de su madre.",H834,HR/Tr,just/ as,,,,
a7a347463fde9a208d5b,GEN 29:10,4,"Y sucedió que, como Jacob vio a Rachêl, hija de Labán hermano de su madre, y a las ovejas de Labán el hermano de su madre, llegóse Jacob, y removió la piedra de sobre la boca del pozo, y abrevó el ganado de Labán hermano de su madre.",H853,HTo,<obj.>,,,,
e073db70cc8b0f486f96,GEN 29:10,10,"Y sucedió que, como Jacob vio a Rachêl, hija de Labán hermano de su madre, y a las ovejas de Labán el hermano de su madre, llegóse Jacob, y removió la piedra de sobre la boca del pozo, y abrevó el ganado de Labán hermano de su madre.",H853,HC/To,and/ <obj.>,,,,
8843ebfcfcacfa14b137,GEN 29:10,17,"Y sucedió que, como Jacob vio a Rachêl, hija de Labán hermano de su madre, y a las ovejas de Labán el hermano de su madre, llegóse Jacob, y removió la piedra de sobre la boca del pozo, y abrevó el ganado de Labán hermano de su madre.",H1556,Hc/Vqw3ms,and/ he rolled,,,,
1c12578c4bf42abbdfdc,GEN 29:10,18,"Y sucedió que, como Jacob vio a Rachêl, hija de Labán hermano de su madre, y a las ovejas de Labán el hermano de su madre, llegóse Jacob, y removió la piedra de sobre la boca del pozo, y abrevó el ganado de Labán hermano de su madre.",H853,HTo,<obj.>,,,,
f8414bc9c38e4a6c6037,GEN 29:10,20,"Y sucedió que, como Jacob vio a Rachêl, hija de Labán hermano de su madre, y a las ovejas de Labán el hermano de su madre, llegóse Jacob, y removió la piedra de sobre la boca del pozo, y abrevó el ganado de Labán hermano de su madre.",H5921,HR/R,from/ over,,,,
2c8e9b076ca5d9794980,GEN 29:10,24,"Y sucedió que, como Jacob vio a Rachêl, hija de Labán hermano de su madre, y a las ovejas de Labán el hermano de su madre, llegóse Jacob, y removió la piedra de sobre la boca del pozo, y abrevó el ganado de Labán hermano de su madre.",H853,HTo,<obj.>,,,,
ba1c61d03cddbf66c938,GEN 29:11,4,"Y Jacob besó a Rachêl, y alzó su voz, y lloró.",H853,HTo,<obj.>,,,,
6aee226526b026fee65d,GEN 29:12,3,"Y Jacob dijo a Rachêl como él era hermano de su padre, y como era hijo de Rebeca: y ella corrió, y dio las nuevas a su padre.",H3588,HTc,that,,,,
f89d227670f4bbed6a3a,GEN 29:12,7,"Y Jacob dijo a Rachêl como él era hermano de su padre, y como era hijo de Rebeca: y ella corrió, y dio las nuevas a su padre.",H3588,HC/Tc,and/ that,,,,
249e31310bc06c4e090c,GEN 29:13,0,"Y así que oyó Labán las nuevas de Jacob, hijo de su hermana, corrió a recibirlo, y abrazólo, y besólo, y trájole a su casa: y él contó a Labán todas estas cosas.",H1961,Hc/Vqw3ms,and/ it was,,,,
318e39757e87eda5ebcd,GEN 29:13,3,"Y así que oyó Labán las nuevas de Jacob, hijo de su hermana, corrió a recibirlo, y abrazólo, y besólo, y trájole a su casa: y él contó a Labán todas estas cosas.",H853,HTo,<obj.>,,,,
175614aedc96d3050185,GEN 29:13,9,"Y así que oyó Labán las nuevas de Jacob, hijo de su hermana, corrió a recibirlo, y abrazólo, y besólo, y trájole a su casa: y él contó a Labán todas estas cosas.",H7122,HR/Vqcc/Sp3ms,to/ meet/ him,,,,
a4c13e0861a6ee247305,GEN 29:13,13,"Y así que oyó Labán las nuevas de Jacob, hijo de su hermana, corrió a recibirlo, y abrazólo, y besólo, y trájole a su casa: y él contó a Labán todas estas cosas.",H413,HR,to,,,,
ccd2e65e5eb8f70c63fe,GEN 29:13,17,"Y así que oyó Labán las nuevas de Jacob, hijo de su hermana, corrió a recibirlo, y abrazólo, y besólo, y trájole a su casa: y él contó a Labán todas estas cosas.",H853,HTo,<obj.>,,,,
c5b5f777bc5e14cba21f,GEN 29:13,18,"Y así que oyó Labán las nuevas de Jacob, hijo de su hermana, corrió a recibirlo, y abrazólo, y besólo, y trájole a su casa: y él contó a Labán todas estas cosas.",H3605,HNcmsc,all,,,,
680e402a76a02c565bd9,GEN 29:14,5,Y Labán le dijo: Ciertamente hueso mío y carne mía eres. Y estuvo con él el tiempo de un mes.,H859,HPp2ms,you,,,,
ef60a6abc1bc153f0932,GEN 29:14,9,Y Labán le dijo: Ciertamente hueso mío y carne mía eres. Y estuvo con él el tiempo de un mes.,H3117,HNcmpa,days,,,,
d70d87eb41bf75fbae0b,GEN 29:15,6,"Entonces dijo Labán a Jacob: ¿Por ser tú mi hermano, me has de servir de balde? declárame qué será tu salario.",H5647,Hc/Vqq2ms/Sp1bs,and/ you will serve/ me,,,,
07d523090bfdeaf8f5f2,GEN 29:15,9,"Entonces dijo Labán a Jacob: ¿Por ser tú mi hermano, me has de servir de balde? declárame qué será tu salario.",H4100,HPi,what?,,,,
abdc2b6844680f3b5f4b,GEN 29:18,2,"Y Jacob amó a Rachêl, y dijo: Yo te serviré siete años por Rachêl tu hija menor.",H853,HTo,<obj.>,,,,
9ac8a2431353a6497fd7,GEN 29:19,4,"Y Labán respondió: Mejor es que te la dé a ti, que no que la dé a otro hombre: estáte conmigo.",H853,HTo/Sp3fs,<obj.>/ her,,,,
46c2fb7fcaec7916a082,GEN 29:19,6,"Y Labán respondió: Mejor es que te la dé a ti, que no que la dé a otro hombre: estáte conmigo.",H853,HTo/Sp3fs,<obj.>/ her,,,,
c5e6468d6b11c629dbfc,GEN 29:19,9,"Y Labán respondió: Mejor es que te la dé a ti, que no que la dé a otro hombre: estáte conmigo.",H3427,HVqv2ms/Sh,remain/ !,,,,
317499e32619f68a00c6,GEN 29:19,10,"Y Labán respondió: Mejor es que te la dé a ti, que no que la dé a otro hombre: estáte conmigo.",H5978,HR/Sp1bs,with/ me,,,,
8ab265e0da7f76f1698b,GEN 29:20,5,"Así sirvió Jacob por Rachêl siete años: y pareciéronle como pocos días, porque la amaba.",H1961,Hc/Vqw3mp,and/ they were,,,,
32c940ecc5e52794b2b0,GEN 29:20,10,"Así sirvió Jacob por Rachêl siete años: y pareciéronle como pocos días, porque la amaba.",H853,HTo/Sp3fs,<obj.>/ her,,,,
a19fdf88177e2c990e3a,GEN 29:21,5,"Y dijo Jacob a Labán: Dame mi mujer, porque mi tiempo es cumplido, para que cohabite con ella.",H853,HTo,<obj.>,,,,
3a22d3c708524021bd0e,GEN 29:21,11,"Y dijo Jacob a Labán: Dame mi mujer, porque mi tiempo es cumplido, para que cohabite con ella.",H413,HRd/Sp3fs,into/ her,,,,
03e0281dbadc751b78b3,GEN 29:22,2,"Entonces Labán juntó a todos los varones de aquel lugar, e hizo banquete.",H853,HTo,<obj.>,,,,
8bf541b43805afcf0287,GEN 29:23,3,"Y sucedió que a la noche tomó a Lea su hija, y se la trajo: y él entró a ella.",H853,HTo,<obj.>,,,,
ed1ceed0430bcfe3dac1,GEN 29:23,7,"Y sucedió que a la noche tomó a Lea su hija, y se la trajo: y él entró a ella.",H853,HTo/Sp3fs,<obj.>/ her,,,,
b5be0ae49016fd42553e,GEN 29:24,2,Y dio Labán su sierva Zilpa a su hija Lea por criada.,H853,HTo,<obj.>,,,,
93b76e43ed84b918a48c,GEN 29:25,3,"Y venida la mañana, he aquí que era Lea: y él dijo a Labán: ¿Qué es esto que me has hecho? ¿no te he servido por Rachêl? ¿por qué, pues, me has engañado?",H1931,HPp3fs,she,,,,
ff09cfd4a512948be937,GEN 29:25,6,"Y venida la mañana, he aquí que era Lea: y él dijo a Labán: ¿Qué es esto que me has hecho? ¿no te he servido por Rachêl? ¿por qué, pues, me has engañado?",H413,HR,to,,,,
7cc1600eb524cd0cdf51,GEN 29:25,11,"Y venida la mañana, he aquí que era Lea: y él dijo a Labán: ¿Qué es esto que me has hecho? ¿no te he servido por Rachêl? ¿por qué, pues, me has engañado?",H3808,HTi/Tn,¿/ not,,,,
d9f80201946f35c95e13,GEN 29:27,5,"Cumple la semana de ésta, y se te dará también la otra, por el servicio que hicieres conmigo otros siete años.",H853,HTo,<obj.>,,,,
b6678d61fcdcb01f5803,GEN 29:27,10,"Cumple la semana de ésta, y se te dará también la otra, por el servicio que hicieres conmigo otros siete años.",H5978,HR/Sp1bs,with/ me,,,,
ebca6940e804f2893b37,GEN 29:27,11,"Cumple la semana de ésta, y se te dará también la otra, por el servicio que hicieres conmigo otros siete años.",H5750,HAcmsc,again,,,,
79097f5ac3d3a3efe429,GEN 29:27,12,"Cumple la semana de ésta, y se te dará también la otra, por el servicio que hicieres conmigo otros siete años.",H7651,HAcbsa,seven,,,,
83791b1813fa254cb9af,GEN 29:28,7,"E hizo Jacob así, y cumplió la semana de aquélla: y él le dio a Rachêl su hija por mujer.",H853,HTo,<obj.>,,,,
fe720db7889d89bb0c9d,GEN 29:29,4,Y dio Labán a Rachêl su hija por criada a su sierva Bilha.,H853,HTo,<obj.>,,,,
00707431def545bca1eb,GEN 29:30,0,Y entró también a Rachêl: y amóla también más que a Lea: y sirvió con él aún otros siete años.,H935,Hc/Vqw3ms,and/ he went,,,,
5e73567fb93810ebd601,GEN 29:30,2,Y entró también a Rachêl: y amóla también más que a Lea: y sirvió con él aún otros siete años.,H413,HR,into,,,,
d2e2cef1853c1257102d,GEN 29:30,6,Y entró también a Rachêl: y amóla también más que a Lea: y sirvió con él aún otros siete años.,H853,HTo,<obj.>,,,,
d13c4e69b0554bec5129,GEN 29:30,7,Y entró también a Rachêl: y amóla también más que a Lea: y sirvió con él aún otros siete años.,H7354,HNpf,Rachel,,,,
d6aeedc8e1cdc3b2da82,GEN 29:30,10,Y entró también a Rachêl: y amóla también más que a Lea: y sirvió con él aún otros siete años.,H5973,HRd/Sp3ms,with/ him,,,,
618963926078d4f2b120,GEN 29:31,6,"Y vio Jehová que Lea era aborrecida, y abrió su matriz: pero Rachêl era estéril.",H853,HTo,<obj.>,,,,
3cfa4e34fc1c7d9ae937,GEN 29:32,9,"Y concibió Lea, y parió un hijo, y llamó su nombre Rubén, porque dijo: Ya que ha mirado Jehová mi aflicción; ahora por tanto me amará mi marido.",H3588,HTc,that,,,,
3a4f1b720ca78cd05341,GEN 29:32,13,"Y concibió Lea, y parió un hijo, y llamó su nombre Rubén, porque dijo: Ya que ha mirado Jehová mi aflicción; ahora por tanto me amará mi marido.",H3588,HTc,for,,,,
9daf20de7b1fde294f8c,GEN 29:33,9,"Y concibió otra vez, y parió un hijo, y dijo: Por cuanto oyó Jehová que yo era aborrecida, me ha dado también éste. Y llamó su nombre Simeón.",H8130,HVqsfsa,[am] hated,,,,
650eac4ebc85105184b3,GEN 29:33,13,"Y concibió otra vez, y parió un hijo, y dijo: Por cuanto oyó Jehová que yo era aborrecida, me ha dado también éste. Y llamó su nombre Simeón.",H853,HTo,<obj.>,,,,
c00931f89a4944178ff6,GEN 29:34,11,"Y concibió otra vez, y parió un hijo, y dijo: Ahora esta vez se unirá mi marido conmigo, porque le he parido tres hijos: por tanto, llamó su nombre Leví.",H3205,HVqp1cs,I have borne,,,,
2ee964a17e1605376cff,GEN 29:35,7,"Y concibió otra vez, y parió un hijo, y dijo: Esta vez alabaré a Jehová: por esto llamó su nombre Judá: y dejó de parir.",H853,HTo,<obj.>,,,,
f085bc1b9082f1af2e15,GEN 30:1,7,"Y viendo Rachêl que no daba hijos a Jacob, tuvo envidia de su hermana, y decía a Jacob: Dame hijos, o si no, me muero.",H7354,HNpf,Rachel,,,,
a5c0c732e28c0002c0d0,GEN 30:1,10,"Y viendo Rachêl que no daba hijos a Jacob, tuvo envidia de su hermana, y decía a Jacob: Dame hijos, o si no, me muero.",H413,HR,to,,,,
d8e4a0e0a13583ad3924,GEN 30:1,12,"Y viendo Rachêl que no daba hijos a Jacob, tuvo envidia de su hermana, y decía a Jacob: Dame hijos, o si no, me muero.",H3051,HVqv2ms/Sh,give/ !,,,,
53851a991c032b81d423,GEN 30:1,17,"Y viendo Rachêl que no daba hijos a Jacob, tuvo envidia de su hermana, y decía a Jacob: Dame hijos, o si no, me muero.",H595,HPp1bs,I,,,,
644d00975c1bb458ba76,GEN 30:2,5,"Y Jacob se enojaba contra Rachêl, y decía: ¿Soy yo en lugar de Dios, que te impidió el fruto de tu vientre?",H8478,HTi/Ncmsc,¿/ in place of,,,,
55bca4e3de04a55f6dba,GEN 30:4,1,Así le dio a Bilha su sierva por mujer; y Jacob entró a ella.,H853,HTo,<obj.>,,,,
b4ac4468f254c23b3f1a,GEN 30:8,7,"Y dijo Rachêl: Con luchas de Dios he contendido con mi hermana, y he vencido. Y llamó su nombre Nephtalí.",H1571,HD,also,,,,
48ccdd0c535a3bf54c53,GEN 30:9,6,"Y viendo Lea que había dejado de parir, tomó a Zilpa su sierva, y dióla a Jacob por mujer.",H853,HTo,<obj.>,,,,
a505a08fbc59583ced24,GEN 30:9,10,"Y viendo Lea que había dejado de parir, tomó a Zilpa su sierva, y dióla a Jacob por mujer.",H853,HTo/Sp3fs,<obj.>/ her,,,,
dbed5ff2dad4514e9f0b,GEN 30:11,5,Y dijo Lea: Vino la ventura. Y llamó su nombre Gad.,H853,HTo,<obj.>,,,,
045a9d600d2b6357397a,GEN 30:11,7,Y dijo Lea: Vino la ventura. Y llamó su nombre Gad.,H1410,HNpm,Gad,,,,
32be7bd4e09b33daaec2,GEN 30:13,4,Y dijo Lea: Para dicha mía; porque las mujeres me dirán dichosa: y llamó su nombre Aser.,H833,HVpp3cp/Sp1bs,they will call happy/ me,,,,
456daaf47e1d11aa8a27,GEN 30:13,7,Y dijo Lea: Para dicha mía; porque las mujeres me dirán dichosa: y llamó su nombre Aser.,H853,HTo,<obj.>,,,,
52a6993ff0f224c06bd0,GEN 30:14,0,"Y fue Rubén en tiempo de la siega de los trigos, y halló mandrágoras en el campo, y trájolas a Lea su madre: y dijo Rachêl a Lea: Ruégote que me des de las mandrágoras de tu hijo.",H1980,Hc/Vqw3ms,and/ he went,,,,
2e8fa452bf0c18ededa9,GEN 30:14,8,"Y fue Rubén en tiempo de la siega de los trigos, y halló mandrágoras en el campo, y trájolas a Lea su madre: y dijo Rachêl a Lea: Ruégote que me des de las mandrágoras de tu hijo.",H935,Hc/Vhw3ms,and/ he brought,,,,
4ff9777ab5ad58cd0023,GEN 30:14,10,"Y fue Rubén en tiempo de la siega de los trigos, y halló mandrágoras en el campo, y trájolas a Lea su madre: y dijo Rachêl a Lea: Ruégote que me des de las mandrágoras de tu hijo.",H413,HR,to,,,,
92729664bb6ca7eaed81,GEN 30:14,15,"Y fue Rubén en tiempo de la siega de los trigos, y halló mandrágoras en el campo, y trájolas a Lea su madre: y dijo Rachêl a Lea: Ruégote que me des de las mandrágoras de tu hijo.",H413,HR,to,,,,
31bd7b43d56cb6ba1090,GEN 30:15,12,"Y ella respondió: ¿Es poco que hayas tomado mi marido, sino que también te has de llevar las mandrágoras de mi hijo? y dijo Rachêl: Pues dormirá contigo esta noche por las mandrágoras de tu hijo.",H3651,HR/D,<to>/ therefore,,,,
384472b9c2355169681d,GEN 30:16,7,"Y cuando Jacob volvía del campo a la tarde, salió Lea a él, y le dijo: A mí has de entrar, porque a la verdad te he alquilado por las mandrágoras de mi hijo. Y durmió con ella aquella noche.",H7122,HR/Vqcc/Sp3ms,to/ meet/ him,,,,
bb760a1332355814768e,GEN 30:16,9,"Y cuando Jacob volvía del campo a la tarde, salió Lea a él, y le dijo: A mí has de entrar, porque a la verdad te he alquilado por las mandrágoras de mi hijo. Y durmió con ella aquella noche.",H413,HRd/Sp1bs,into/ me,,,,
b493d147bedc577ad4ef,GEN 30:16,10,"Y cuando Jacob volvía del campo a la tarde, salió Lea a él, y le dijo: A mí has de entrar, porque a la verdad te he alquilado por las mandrágoras de mi hijo. Y durmió con ella aquella noche.",H935,HVqi2ms,you will come,,,,
d392488468d34d39a2a1,GEN 30:17,2,"Y oyó Dios a Lea: y concibió, y parió a Jacob el quinto hijo.",H413,HR,to,,,,
fa023c64dad6cfa32087,GEN 30:20,4,"Y dijo Lea: Dios me ha dado una buena dote: ahora morará conmigo mi marido, porque le he parido seis hijos: y llamó su nombre Zabulón.",H853,HTo/Sp1bs,<obj.>/ me,,,,
5a4e6e3cf9ac33bca961,GEN 30:20,15,"Y dijo Lea: Dios me ha dado una buena dote: ahora morará conmigo mi marido, porque le he parido seis hijos: y llamó su nombre Zabulón.",H853,HTo,<obj.>,,,,
da798217181bbe4b76c8,GEN 30:21,4,"Y después parió una hija, y llamó su nombre Dina.",H853,HTo,<obj.>,,,,
7872549a513998c0512e,GEN 30:22,2,"Y acordóse Dios de Rachêl, y oyóla Dios, y abrió su matriz.",H853,HTo,<obj.>,,,,
2436a51ce51a63f5c1ca,GEN 30:22,5,"Y acordóse Dios de Rachêl, y oyóla Dios, y abrió su matriz.",H413,HRd/Sp3fs,to/ her,,,,
3c3e152d6da1cc45103a,GEN 30:22,8,"Y acordóse Dios de Rachêl, y oyóla Dios, y abrió su matriz.",H853,HTo,<obj.>,,,,
292dbfd83c69970c5560,GEN 30:23,6,"Y concibió, y parió un hijo: y dijo: Quitado ha Dios mi afrenta:",H853,HTo,<obj.>,,,,
9d666b346e69720ecd4e,GEN 30:24,1,"Y llamó su nombre José, diciendo: Añádame Jehová otro hijo.",H853,HTo,<obj.>,,,,
8dd17d8618991f096662,GEN 30:25,4,"Y aconteció, cuando Rachêl hubo parido a José, que Jacob dijo a Labán: Envíame, e iré a mi lugar, y a mi tierra.",H853,HTo,<obj.>,,,,
6b2ef472d9006d3b4b6d,GEN 30:25,8,"Y aconteció, cuando Rachêl hubo parido a José, que Jacob dijo a Labán: Envíame, e iré a mi lugar, y a mi tierra.",H413,HR,to,,,,
39d61add1e18a8ae4b36,GEN 30:25,11,"Y aconteció, cuando Rachêl hubo parido a José, que Jacob dijo a Labán: Envíame, e iré a mi lugar, y a mi tierra.",H1980,HC/Vqc1cs,so/ let me go,,,,
7d9e37fdfec57b1a9b69,GEN 30:25,12,"Y aconteció, cuando Rachêl hubo parido a José, que Jacob dijo a Labán: Envíame, e iré a mi lugar, y a mi tierra.",H413,HR,to,,,,
7f3ebd29444c9551d404,GEN 30:26,1,"Dame mis mujeres y mis hijos, por las cuales he servido contigo, y déjame ir; pues tú sabes los servicios que te he hecho.",H853,HTo,<obj.>,,,,
1838290044cf031e9812,GEN 30:26,3,"Dame mis mujeres y mis hijos, por las cuales he servido contigo, y déjame ir; pues tú sabes los servicios que te he hecho.",H853,HC/To,and/ <obj.>,,,,
43b70361be0b933d0904,GEN 30:26,7,"Dame mis mujeres y mis hijos, por las cuales he servido contigo, y déjame ir; pues tú sabes los servicios que te he hecho.",H853,HTo/Sp2ms,<obj.>/ you,,,,
26e41ca0cb873f21d582,GEN 30:26,8,"Dame mis mujeres y mis hijos, por las cuales he servido contigo, y déjame ir; pues tú sabes los servicios que te he hecho.",H1980,HC/Vqc1cs,so/ I may go,,,,
317c3c41f2c1d581cd08,GEN 30:26,12,"Dame mis mujeres y mis hijos, por las cuales he servido contigo, y déjame ir; pues tú sabes los servicios que te he hecho.",H853,HTo,<obj.>,,,,
d244744422b156774174,GEN 30:27,3,"Y Labán le respondió: Halle yo ahora gracia en tus ojos, y quédate; experimentado he que Jehová me ha bendecido por tu causa.",H518,HTc,if,,,,
fcc996aa9aad2f2e141b,GEN 30:28,3,"Y dijo: Señálame tu salario, que yo lo daré.",H5921,HRd/Sp1bs,on/ me,,,,
d0f0e34272b111487f75,GEN 30:29,1,"Y él respondió: Tú sabes cómo te he servido, y cómo ha estado tu ganado conmigo;",H413,HRd/Sp3ms,to/ him,,,,
dd74d5f998df627a77ec,GEN 30:29,4,"Y él respondió: Tú sabes cómo te he servido, y cómo ha estado tu ganado conmigo;",H853,HTo,<obj.>,,,,
185ce745ea7099994cfa,GEN 30:29,7,"Y él respondió: Tú sabes cómo te he servido, y cómo ha estado tu ganado conmigo;",H853,HC/To,and/ <obj.>,,,,
a28072dc37dcd42bd5a1,GEN 30:30,2,"Porque poco tenías antes de mi venida, y ha crecido en gran número; y Jehová te ha bendecido con mi llegada: y ahora ¿cuándo tengo de hacer yo también por mi propia casa?",H834,HTr,which,,,,
a24736d49d1287fb8333,GEN 30:30,9,"Porque poco tenías antes de mi venida, y ha crecido en gran número; y Jehová te ha bendecido con mi llegada: y ahora ¿cuándo tengo de hacer yo también por mi propia casa?",H853,HTo/Sp2ms,<obj.>/ you,,,,
7b0002d547b8b1e5f3a1,GEN 30:30,13,"Porque poco tenías antes de mi venida, y ha crecido en gran número; y Jehová te ha bendecido con mi llegada: y ahora ¿cuándo tengo de hacer yo también por mi propia casa?",H6213,HVqi1cs,will I work,,,,
2665e8255c51373919bb,GEN 30:30,15,"Porque poco tenías antes de mi venida, y ha crecido en gran número; y Jehová te ha bendecido con mi llegada: y ahora ¿cuándo tengo de hacer yo también por mi propia casa?",H595,HPp1bs,I,,,,
df07d759dce8f7bd6fe6,GEN 30:31,15,"Y él dijo: ¿Qué te daré? Y respondió Jacob: No me des nada: si hicieres por mí esto, volveré a apacentar tus ovejas.",H8104,HVqi1cs,I will protect [it],,,,
e1e4b9aa31cb86b23ae2,GEN 30:32,2,"Yo pasaré hoy por todas tus ovejas, poniendo aparte todas las reses manchadas y de color vario, y todas las reses de color oscuro entre las ovejas, y las manchadas y de color vario entre las cabras; y esto será mi salario.",H6629,HNcbsc/Sp2ms,flock/ your,,,,
b2c9d5b28bb773d24b1e,GEN 30:32,5,"Yo pasaré hoy por todas tus ovejas, poniendo aparte todas las reses manchadas y de color vario, y todas las reses de color oscuro entre las ovejas, y las manchadas y de color vario entre las cabras; y esto será mi salario.",H8033,HR/D,from/ there,,,,
deb4cb77df64d5ade287,GEN 30:32,10,"Yo pasaré hoy por todas tus ovejas, poniendo aparte todas las reses manchadas y de color vario, y todas las reses de color oscuro entre las ovejas, y las manchadas y de color vario entre las cabras; y esto será mi salario.",H3605,HC/Ncmsc,and/ every,,,,
5b3720238f15ee6c7417,GEN 30:32,13,"Yo pasaré hoy por todas tus ovejas, poniendo aparte todas las reses manchadas y de color vario, y todas las reses de color oscuro entre las ovejas, y las manchadas y de color vario entre las cabras; y esto será mi salario.",H3775,HRd/Ncmpa,among the/ lambs,,,,
f5fa65af2160f812ceef,GEN 30:32,14,"Yo pasaré hoy por todas tus ovejas, poniendo aparte todas las reses manchadas y de color vario, y todas las reses de color oscuro entre las ovejas, y las manchadas y de color vario entre las cabras; y esto será mi salario.",H2921,HC/Vqsmsa,and/ [the] spotted,,,,
7a0610cdcaa4da5795fc,GEN 30:32,15,"Yo pasaré hoy por todas tus ovejas, poniendo aparte todas las reses manchadas y de color vario, y todas las reses de color oscuro entre las ovejas, y las manchadas y de color vario entre las cabras; y esto será mi salario.",H5348,HC/Aamsa,and/ [the] speckled,,,,
6fe3c1dde386f6411ad9,GEN 30:33,2,"Así responderá por mí mi justicia mañana, cuando me venga mi salario delante de ti: toda la que no sea pintada ni manchada en las cabras y de color oscuro en las ovejas mías, se me ha de tener por de hurto.",H3117,HR/Ncmsa,on/ a day,,,,
6986b445abc456990f32,GEN 30:33,5,"Así responderá por mí mi justicia mañana, cuando me venga mi salario delante de ti: toda la que no sea pintada ni manchada en las cabras y de color oscuro en las ovejas mías, se me ha de tener por de hurto.",H935,HVqi2ms,you will come,,,,
23ac13d9159ffcbba23d,GEN 30:33,6,"Así responderá por mí mi justicia mañana, cuando me venga mi salario delante de ti: toda la que no sea pintada ni manchada en las cabras y de color oscuro en las ovejas mías, se me ha de tener por de hurto.",H5921,HR,on,,,,
56becc22b22ae93d4377,GEN 30:33,8,"Así responderá por mí mi justicia mañana, cuando me venga mi salario delante de ti: toda la que no sea pintada ni manchada en las cabras y de color oscuro en las ovejas mías, se me ha de tener por de hurto.",H6440,HR/Ncmpc/Sp2ms,<to>/ before/ you,,,,
9f8501cc601ccad3cc32,GEN 30:33,18,"Así responderá por mí mi justicia mañana, cuando me venga mi salario delante de ti: toda la que no sea pintada ni manchada en las cabras y de color oscuro en las ovejas mías, se me ha de tener por de hurto.",H1931,HPp3ms,it,,,,
1100b625cad15f932495,GEN 30:34,2,"Y dijo Labán: Mira, ojalá fuese como tú dices.",H2005,HTj,there!,,,,
d8410c5dcea0e8a80835,GEN 30:34,3,"Y dijo Labán: Mira, ojalá fuese como tú dices.",H3863,HC,if,,,,
2bc759d34f453caeafe5,GEN 30:35,3,"Y apartó aquel día los machos de cabrío rayados y manchados; y todas las cabras manchadas y de color vario, y toda res que tenía en sí algo de blanco, y todas las de color oscuro entre las ovejas, y púsolas en manos de sus hijos;",H853,HTo,<obj.>,,,,
065e3a8c5067aedc1c45,GEN 30:35,7,"Y apartó aquel día los machos de cabrío rayados y manchados; y todas las cabras manchadas y de color vario, y toda res que tenía en sí algo de blanco, y todas las de color oscuro entre las ovejas, y púsolas en manos de sus hijos;",H853,HC/To,and/ <obj.>,,,,
c5de24dc04cd527daa76,GEN 30:36,5,Y puso tres días de camino entre sí y Jacob: y Jacob apacentaba las otras ovejas de Labán.,H996,HC/Acmsc,and/ between,,,,
e026293f6c3f59197446,GEN 30:36,9,Y puso tres días de camino entre sí y Jacob: y Jacob apacentaba las otras ovejas de Labán.,H853,HTo,<obj.>,,,,
3c606ee633bd98400438,GEN 30:37,12,"Y tomóse Jacob varas de álamo verdes, y de avellano, y de castaño, y descortezó en ellas mondaduras blancas, descubriendo así lo blanco de las varas.",H834,HTr,which,,,,
aa95906c52471b1696db,GEN 30:37,13,"Y tomóse Jacob varas de álamo verdes, y de avellano, y de castaño, y descortezó en ellas mondaduras blancas, descubriendo así lo blanco de las varas.",H5921,HR,[was] on,,,,
a8980337cdceac735e62,GEN 30:38,1,"Y puso las varas que había mondado en las pilas, delante del ganado, en los abrevaderos del agua donde venían a beber las ovejas, las cuales se recalentaban viniendo a beber.",H853,HTo,<obj.>,,,,
87f9695540187f855906,GEN 30:40,4,"Y apartaba Jacob los corderos, y poníalos con su rebaño, los listados, y todo lo que era oscuro en el hato de Labán. Y ponía su hato aparte, y no lo ponía con las ovejas de Labán.",H6440,HNcmpc,[the] faces of,,,,
b63440667e8ad0af44d5,GEN 30:40,6,"Y apartaba Jacob los corderos, y poníalos con su rebaño, los listados, y todo lo que era oscuro en el hato de Labán. Y ponía su hato aparte, y no lo ponía con las ovejas de Labán.",H413,HR,to,,,,
dff335a69b0dd9e3c7aa,GEN 30:40,14,"Y apartaba Jacob los corderos, y poníalos con su rebaño, los listados, y todo lo que era oscuro en el hato de Labán. Y ponía su hato aparte, y no lo ponía con las ovejas de Labán.",H905,HR/Ncmsc/Sp3ms,to/ only/ him,,,,
388d5a2bf45697699252,GEN 30:40,16,"Y apartaba Jacob los corderos, y poníalos con su rebaño, los listados, y todo lo que era oscuro en el hato de Labán. Y ponía su hato aparte, y no lo ponía con las ovejas de Labán.",H7896,HVqp3ms/Sp3mp,he put/ them,,,,
b344ece7cb1f6c401449,GEN 30:41,4,"Y sucedía que cuantas veces se recalentaban las tempranas, Jacob ponía las varas delante de las ovejas en las pilas, para que concibiesen a la vista de las varas.",H7194,HTd/VPsfpa,<the>/ vigorous [female],,,,
7eab9a08964196355c42,GEN 30:41,7,"Y sucedía que cuantas veces se recalentaban las tempranas, Jacob ponía las varas delante de las ovejas en las pilas, para que concibiesen a la vista de las varas.",H853,HTo,<obj.>,,,,
16930aa8db2a05b77af3,GEN 30:41,10,"Y sucedía que cuantas veces se recalentaban las tempranas, Jacob ponía las varas delante de las ovejas en las pilas, para que concibiesen a la vista de las varas.",H6629,HTd/Ncbsa,the/ sheep,,,,
badd9ec93636cf94e33c,GEN 30:41,12,"Y sucedía que cuantas veces se recalentaban las tempranas, Jacob ponía las varas delante de las ovejas en las pilas, para que concibiesen a la vista de las varas.",H3179,HR/Vpcc/Sp3fs,to/ mate /her,,,,
de4b8dcaeebefd5c504a,GEN 30:42,5,"Y cuando venían las ovejas tardías, no las ponía: así eran las tardías para Labán, y las tempranas para Jacob.",H5848,HTd/Aampa,the/ enfeebled ones,,,,
92e07c2e112013494598,GEN 30:43,3,"Y acreció el varón muy mucho, y tuvo muchas ovejas, y siervas y siervos, y camellos y asnos.",H3966,HAcmsa,very,,,,
d09cf5cc968b4549a515,GEN 31:1,1,"Y oía él las palabras de los hijos de Labán, que decían: Jacob ha tomado todo lo que era de nuestro padre; y de lo que era de nuestro padre ha adquirido toda esta grandeza.",H853,HTo,<obj.>,,,,
7c18da6ca1b57c78a9de,GEN 31:1,8,"Y oía él las palabras de los hijos de Labán, que decían: Jacob ha tomado todo lo que era de nuestro padre; y de lo que era de nuestro padre ha adquirido toda esta grandeza.",H853,HTo,<obj.>,,,,
52a51edf04fefb1dab60,GEN 31:1,15,"Y oía él las palabras de los hijos de Labán, que decían: Jacob ha tomado todo lo que era de nuestro padre; y de lo que era de nuestro padre ha adquirido toda esta grandeza.",H853,HTo,<obj.>,,,,
ada1df4512e8a31a9d60,GEN 31:2,2,"Miraba también Jacob el semblante de Labán, y veía que no era para con él como ayer y antes de ayer.",H853,HTo,<obj.>,,,,
ef9a2bf174f30efc610d,GEN 31:2,5,"Miraba también Jacob el semblante de Labán, y veía que no era para con él como ayer y antes de ayer.",H2009,HC/Tj,and/ there!,,,,
3a09665c08ba7e38ed42,GEN 31:3,2,"También Jehová dijo a Jacob: Vuélvete a la tierra de tus padres, y a tu parentela; que yo seré contigo.",H413,HR,to,,,,
7e5939f933fd768cfa8b,GEN 31:3,5,"También Jehová dijo a Jacob: Vuélvete a la tierra de tus padres, y a tu parentela; que yo seré contigo.",H413,HR,to,,,,
a78d9001f90fa0be9d83,GEN 31:4,6,"Y envió Jacob, y llamó a Rachêl y a Lea al campo a sus ovejas,",H413,HR,to,,,,
ffabbe671abedcf0147d,GEN 31:5,2,Y díjoles: Veo que el semblante de su padre no es para conmigo como ayer y antes de ayer: pero el Dios de mi padre ha sido conmigo.,H595,HPp1bs,I,,,,
70b246fec460fa62392b,GEN 31:5,3,Y díjoles: Veo que el semblante de su padre no es para conmigo como ayer y antes de ayer: pero el Dios de mi padre ha sido conmigo.,H853,HTo,<obj.>,,,,
66ef305d594716bd9b8b,GEN 31:5,14,Y díjoles: Veo que el semblante de su padre no es para conmigo como ayer y antes de ayer: pero el Dios de mi padre ha sido conmigo.,H5978,HR/Sp1bs,with/ me,,,,
3c433af556994b8d7c6b,GEN 31:6,0,Y ustedes saben que con todas mis fuerzas he servido a su padre:,H859,HC/Pp2fp,and/ you,,,,
f5a8304b95b77b27f487,GEN 31:6,1,Y ustedes saben que con todas mis fuerzas he servido a su padre:,H3045,HVqp2fp,you know,,,,
a52a611c407ba5416345,GEN 31:6,6,Y ustedes saben que con todas mis fuerzas he servido a su padre:,H853,HTo,<obj.>,,,,
28a9bdfe53932d8b2ffc,GEN 31:7,1,"Y su padre me ha engañado, y me ha mudado el salario diez veces: pero Dios no le ha permitido que me hiciese mal.",H2048,HVhp3ms,he has deceived,,,,
0807975885fd4cf48dbe,GEN 31:7,3,"Y su padre me ha engañado, y me ha mudado el salario diez veces: pero Dios no le ha permitido que me hiciese mal.",H853,HTo,<obj.>,,,,
06ba05b05b367e4d098a,GEN 31:9,2,"Así quitó Dios el ganado de su padre, y diómelo a mí.",H853,HTo,<obj.>,,,,
8234d962b6a5aef5a3bd,GEN 31:10,2,"Y sucedió que al tiempo que las ovejas se recalentaban, alcé yo mis ojos y vi en sueños, y he aquí los machos que cubrían a las hembras eran listados, pintados y abigarrados.",H3179,HVpcc,mated,,,,
e4e39eb8ddf4be1e76e5,GEN 31:10,11,"Y sucedió que al tiempo que las ovejas se recalentaban, alcé yo mis ojos y vi en sueños, y he aquí los machos que cubrían a las hembras eran listados, pintados y abigarrados.",H5921,HR,on,,,,
3ca666d99fe489dcec33,GEN 31:11,1,Y díjome el ángel de Dios en sueños: Jacob. Y yo dije: Heme aquí.,H413,HRd/Sp1bs,to/ me,,,,
be577595bcb63fcedb7c,GEN 31:12,8,"Y él dijo: Alza ahora tus ojos, y verás todos los machos que cubren a las ovejas listados, pintados y abigarrados; porque yo he visto todo lo que Labán te ha hecho.",H5921,HR,on,,,,
8206d7887927d85c544c,GEN 31:12,9,"Y él dijo: Alza ahora tus ojos, y verás todos los machos que cubren a las ovejas listados, pintados y abigarrados; porque yo he visto todo lo que Labán te ha hecho.",H6629,HTd/Ncbsa,the/ flock,,,,
e2d1c6c7daa093b851ba,GEN 31:12,15,"Y él dijo: Alza ahora tus ojos, y verás todos los machos que cubren a las ovejas listados, pintados y abigarrados; porque yo he visto todo lo que Labán te ha hecho.",H853,HTo,<obj.>,,,,
5d101aca177ceda3f5bb,GEN 31:12,17,"Y él dijo: Alza ahora tus ojos, y verás todos los machos que cubren a las ovejas listados, pintados y abigarrados; porque yo he visto todo lo que Labán te ha hecho.",H834,HTr,that,,,,
75334ec67b96b1c1e1d5,GEN 31:13,3,"Yo soy el Dios de Beth-el, donde tú ungiste el título, y donde me hiciste un voto. Levántate ahora, y sal de esta tierra, y vuélvete a la tierra de tu naturaleza.",H1008,HNpl,-el,,,,
eee0cdc74cced2f22371,GEN 31:13,6,"Yo soy el Dios de Beth-el, donde tú ungiste el título, y donde me hiciste un voto. Levántate ahora, y sal de esta tierra, y vuélvete a la tierra de tu naturaleza.",H8033,HD,there,,,,
ca977f77b89f5ed4f4a8,GEN 31:13,10,"Yo soy el Dios de Beth-el, donde tú ungiste el título, y donde me hiciste un voto. Levántate ahora, y sal de esta tierra, y vuélvete a la tierra de tu naturaleza.",H8033,HD,there,,,,
3408966924bafaec4ffb,GEN 31:13,19,"Yo soy el Dios de Beth-el, donde tú ungiste el título, y donde me hiciste un voto. Levántate ahora, y sal de esta tierra, y vuélvete a la tierra de tu naturaleza.",H413,HR,to,,,,
661690bf659061085eb7,GEN 31:14,4,"Y respondió Rachêl y Lea, y dijéronle: ¿Tenemos ya parte ni heredad en la casa de nuestro padre?",H5750,HTi/Acmsa,¿/ still,,,,
f121be547b30ec5c70f5,GEN 31:14,5,"Y respondió Rachêl y Lea, y dijéronle: ¿Tenemos ya parte ni heredad en la casa de nuestro padre?",H2506,HNcmsa,[does] a share,,,,
3221ec75d3410f60a2d8,GEN 31:15,8,"¿No nos tiene ya como por extrañas, pues que nos vendió, y aun se ha comido del todo nuestro precio?",H853,HTo,<obj.>,,,,
f9ab1b9feff1404639ad,GEN 31:16,7,"Porque toda la riqueza que Dios ha quitado a nuestro padre, nuestra es y de nuestros hijos: ahora pues, haz todo lo que Dios te ha dicho.",H1931,HPp3ms,it,,,,
88e82701e5e94831365b,GEN 31:17,3,"Entonces se levantó Jacob, y subió sus hijos y sus mujeres sobre los camellos.",H853,HTo,<obj.>,,,,
7b95768b58a6542ad60b,GEN 31:17,5,"Entonces se levantó Jacob, y subió sus hijos y sus mujeres sobre los camellos.",H853,HC/To,and/ <obj.>,,,,
8336b4f30f20c5490a57,GEN 31:18,1,"Y puso en camino todo su ganado, y toda su hacienda que había adquirido, el ganado de su ganancia que había obtenido en Padan-aram, para volverse a Isaac su padre en la tierra de Canaán.",H853,HTo,<obj.>,,,,
6231e4c9898c82dc354b,GEN 31:18,4,"Y puso en camino todo su ganado, y toda su hacienda que había adquirido, el ganado de su ganancia que había obtenido en Padan-aram, para volverse a Isaac su padre en la tierra de Canaán.",H853,HC/To,and/ <obj.>,,,,
19d15c186191d8593835,GEN 31:18,8,"Y puso en camino todo su ganado, y toda su hacienda que había adquirido, el ganado de su ganancia que había obtenido en Padan-aram, para volverse a Isaac su padre en la tierra de Canaán.",H7408,HVqp3ms,he had accumulated,,,,
2e1b9319d8440aa076fe,GEN 31:18,12,"Y puso en camino todo su ganado, y toda su hacienda que había adquirido, el ganado de su ganancia que había obtenido en Padan-aram, para volverse a Isaac su padre en la tierra de Canaán.",H7408,HVqp3ms,he had accumulated,,,,
f94c07df7ece7d3f3180,GEN 31:18,14,"Y puso en camino todo su ganado, y toda su hacienda que había adquirido, el ganado de su ganancia que había obtenido en Padan-aram, para volverse a Isaac su padre en la tierra de Canaán.",H758,HNpl,Aram,,,,
68d38e09e3618bff721b,GEN 31:18,16,"Y puso en camino todo su ganado, y toda su hacienda que había adquirido, el ganado de su ganancia que había obtenido en Padan-aram, para volverse a Isaac su padre en la tierra de Canaán.",H413,HR,to,,,,
600ed0064f68e68bd823,GEN 31:19,3,Y Labán había ido a trasquilar sus ovejas: y Rachêl hurtó los ídolos de su padre.,H853,HTo,<obj.>,,,,
c8c75c2f5f3c1d73243f,GEN 31:19,7,Y Labán había ido a trasquilar sus ovejas: y Rachêl hurtó los ídolos de su padre.,H853,HTo,<obj.>,,,,
06aa2611b71f7902d8c7,GEN 31:19,9,Y Labán había ido a trasquilar sus ovejas: y Rachêl hurtó los ídolos de su padre.,H834,HTr,which,,,,
da597dead8273f873bc4,GEN 31:20,2,"Y recató Jacob el corazón de Labán Arameo, en no hacerle saber que se huía.",H853,HTo,<obj.>,,,,
94ddc6c65d0631c82faf,GEN 31:20,6,"Y recató Jacob el corazón de Labán Arameo, en no hacerle saber que se huía.",H5921,HR,on,,,,
eed48f4b1d73f1519e8f,GEN 31:20,11,"Y recató Jacob el corazón de Labán Arameo, en no hacerle saber que se huía.",H1931,HPp3ms,he,,,,
8ce40f90615d6bdb9f96,GEN 31:21,6,"Huyó, pues, con todo lo que tenía; y levantóse, y pasó el río, y puso su rostro al monte de Galaad.",H853,HTo,<obj.>,,,,
263dd55876e88d9e7a9e,GEN 31:21,9,"Huyó, pues, con todo lo que tenía; y levantóse, y pasó el río, y puso su rostro al monte de Galaad.",H853,HTo,<obj.>,,,,
c4fb1c3472075145a258,GEN 31:22,4,Y fue dicho a Labán al tercero día como Jacob se había huído.,H3588,HTc,that,,,,
0aecbf9ea67fab50c062,GEN 31:23,1,"Entonces tomó a sus hermanos consigo, y fue tras él camino de siete días, y alcanzóle en el monte de Galaad.",H853,HTo,<obj.>,,,,
9d13ab7372c9db7fc107,GEN 31:23,10,"Entonces tomó a sus hermanos consigo, y fue tras él camino de siete días, y alcanzóle en el monte de Galaad.",H853,HTo/Sp3ms,<obj.>/ him,,,,
0bf97c7b6c547f09eb7c,GEN 31:24,2,"Y vino Dios a Labán Arameo en sueños aquella noche, y le dijo: Guárdate que no hables a Jacob descomedidamente.",H413,HR,to,,,,
cf96cbf81b1fc0e8aa29,GEN 31:24,11,"Y vino Dios a Labán Arameo en sueños aquella noche, y le dijo: Guárdate que no hables a Jacob descomedidamente.",H5973,HR,with,,,,
dab3e2345ab6f81c7ab5,GEN 31:25,4,"Alcanzó pues Labán a Jacob, y éste había fijado su tienda en el monte: y Labán plantóla con sus hermanos en el monte de Galaad.",H3290,HC/Npm,and/ Jacob,,,,
1524f355af6b1eefb83b,GEN 31:25,6,"Alcanzó pues Labán a Jacob, y éste había fijado su tienda en el monte: y Labán plantóla con sus hermanos en el monte de Galaad.",H853,HTo,<obj.>,,,,
fec31876d71f4d0b568f,GEN 31:25,10,"Alcanzó pues Labán a Jacob, y éste había fijado su tienda en el monte: y Labán plantóla con sus hermanos en el monte de Galaad.",H8628,HVqp3ms,he pitched tent,,,,
6f78e12e45220bfb8882,GEN 31:25,11,"Alcanzó pues Labán a Jacob, y éste había fijado su tienda en el monte: y Labán plantóla con sus hermanos en el monte de Galaad.",H854,HR,with,,,,
74d85d241b17d1602a48,GEN 31:26,6,"Y dijo Labán a Jacob: ¿Qué has hecho, que me hurtaste el corazón, y has traído a mis hijas como prisioneras de guerra?",H853,HTo,<obj.>,,,,
df1065d403da5a45d050,GEN 31:26,9,"Y dijo Labán a Jacob: ¿Qué has hecho, que me hurtaste el corazón, y has traído a mis hijas como prisioneras de guerra?",H853,HTo,<obj.>,,,,
0178044eda2abcbf0dac,GEN 31:27,4,"¿Por qué te escondiste para huir, y me hurtaste, y no me diste noticia, para que yo te enviara con alegría y con cantares, con tamborín y vihuela?",H853,HTo/Sp1bs,<obj.>/ me,,,,
2a4099171cf42edf4b6f,GEN 31:28,0,Que aun no me dejaste besar mis hijos y mis hijas. Ahora locamente has hecho.,H3808,HC/Tn,and/ not,,,,
a89456241900af6f678d,GEN 31:29,1,Poder hay en mi mano para hacerles mal: pero el Dios de su padre me habló anoche diciendo: Guárdate que no hables a Jacob descomedidamente.,H410,HR/Ncmsc,[is] to/ [the] power of,,,,
e0d92fd2b70abf7a687c,GEN 31:29,3,Poder hay en mi mano para hacerles mal: pero el Dios de su padre me habló anoche diciendo: Guárdate que no hables a Jacob descomedidamente.,H6213,HR/Vqcc,to/ do,,,,
9da3eb0eba2e75284b04,GEN 31:29,4,Poder hay en mi mano para hacerles mal: pero el Dios de su padre me habló anoche diciendo: Guárdate que no hables a Jacob descomedidamente.,H5973,HRd/Sp2mp,with/ you,,,,
b65a801af0b838f1c3b4,GEN 31:29,14,Poder hay en mi mano para hacerles mal: pero el Dios de su padre me habló anoche diciendo: Guárdate que no hables a Jacob descomedidamente.,H5973,HR,with,,,,
0e9f7dd308f4f5a75947,GEN 31:29,18,Poder hay en mi mano para hacerles mal: pero el Dios de su padre me habló anoche diciendo: Guárdate que no hables a Jacob descomedidamente.,H7451,HAamsa,bad,,,,
2a710563b89e38ea5858,GEN 31:30,2,"Y ya que te ibas, porque tenías deseo de la casa de tu padre, ¿por qué me hurtaste mis dioses?",H1980,HVqp2ms,you have gone,,,,
db16ae446f460847f2d4,GEN 31:30,5,"Y ya que te ibas, porque tenías deseo de la casa de tu padre, ¿por qué me hurtaste mis dioses?",H3700,HVNp2ms,you longed,,,,
f6dc9258f7a768b55ea3,GEN 31:30,10,"Y ya que te ibas, porque tenías deseo de la casa de tu padre, ¿por qué me hurtaste mis dioses?",H853,HTo,<obj.>,,,,
041f8def4d8bbd35c4ba,GEN 31:31,7,"Y Jacob respondió, y dijo a Labán: Porque tuve miedo; pues dije, que quizá me quitarías por fuerza tus hijas.",H559,HVqp1cs,I said,,,,
098de6a89290e83343bb,GEN 31:31,10,"Y Jacob respondió, y dijo a Labán: Porque tuve miedo; pues dije, que quizá me quitarías por fuerza tus hijas.",H853,HTo,<obj.>,,,,
18dcd22fff3ad38c20eb,GEN 31:32,0,"En quien hallares tus dioses, no viva: delante de nuestros hermanos reconoce lo que yo tenga tuyo, y llévatelo. Jacob no sabía que Rachêl los había hurtado.",H5973,HR,with,,,,
5e8022fd38f84f79e682,GEN 31:32,1,"En quien hallares tus dioses, no viva: delante de nuestros hermanos reconoce lo que yo tenga tuyo, y llévatelo. Jacob no sabía que Rachêl los había hurtado.",H834,HTr,[anyone] whom,,,,
0b35ee814a77ab30c581,GEN 31:32,3,"En quien hallares tus dioses, no viva: delante de nuestros hermanos reconoce lo que yo tenga tuyo, y llévatelo. Jacob no sabía que Rachêl los había hurtado.",H853,HTo,<obj.>,,,,
2f01fc568a91ed00e464,GEN 31:32,11,"En quien hallares tus dioses, no viva: delante de nuestros hermanos reconoce lo que yo tenga tuyo, y llévatelo. Jacob no sabía que Rachêl los había hurtado.",H5978,HR/Sp1bs,[is] with/ me,,,,
65b0edb9f415707b6125,GEN 31:34,2,"Y tomó Rachêl los ídolos, y púsolos en una albarda de un camello, y sentóse sobre ellos: y tentó Labán toda la tienda, y no los halló.",H853,HTo,<obj.>,,,,
c4022ec373507de2f611,GEN 31:34,9,"Y tomó Rachêl los ídolos, y púsolos en una albarda de un camello, y sentóse sobre ellos: y tentó Labán toda la tienda, y no los halló.",H4959,Hc/Vpw3ms,and/ he searched,,,,
d8e4dc475b9bcf0470ae,GEN 31:34,11,"Y tomó Rachêl los ídolos, y púsolos en una albarda de un camello, y sentóse sobre ellos: y tentó Labán toda la tienda, y no los halló.",H853,HTo,<obj.>,,,,
9278f7873db2ec5c330d,GEN 31:35,1,"Y ella dijo a su padre: No se enoje mi señor, porque no me puedo levantar delante de ti; pues estoy con la costumbre de las mujeres. Y él buscó, pero no halló los ídolos.",H413,HR,to,,,,
650745449acbeaa4d45d,GEN 31:35,18,"Y ella dijo a su padre: No se enoje mi señor, porque no me puedo levantar delante de ti; pues estoy con la costumbre de las mujeres. Y él buscó, pero no halló los ídolos.",H853,HTo,<obj.>,,,,
4f4519409bb8ebe4ab39,GEN 31:37,2,"Pues que has tentado todos mis muebles, ¿qué has hallado de todas las alhajas de tu casa? Ponlo aquí delante de mis hermanos y tuyos, y juzguen entre nosotros ambos.",H853,HTo,<obj.>,,,,
dfbd175ce73d33e4eb94,GEN 31:37,14,"Pues que has tentado todos mis muebles, ¿qué has hallado de todas las alhajas de tu casa? Ponlo aquí delante de mis hermanos y tuyos, y juzguen entre nosotros ambos.",H251,HC/Ncmpc/Sp2ms,and/ relatives/ your,,,,
e9329144c89cf91d148e,GEN 31:37,17,"Pues que has tentado todos mis muebles, ¿qué has hallado de todas las alhajas de tu casa? Ponlo aquí delante de mis hermanos y tuyos, y juzguen entre nosotros ambos.",H8147,HAcbdc/Sp1bp,[the] two of/ us,,,,
522a4619672e9c009732,GEN 31:38,3,"Estos veinte años he estado contigo: tus ovejas y tus cabras nunca abortaron, ni yo comí carnero de tus ovejas.",H595,HPp1bs,I,,,,
29b6efe57d0fd0a0befa,GEN 31:39,6,"Nunca te traje lo arrebatado por las fieras; yo pagaba el daño; lo hurtado así de día como de noche, de mi mano lo requerías.",H3027,HR/Ncbsc/Sp1bs,from/ hand/ my,,,,
0492afef77de5260cae1,GEN 31:39,10,"Nunca te traje lo arrebatado por las fieras; yo pagaba el daño; lo hurtado así de día como de noche, de mi mano lo requerías.",H1589,HC/Vqsfsc,and/ [one] stolen of,,,,
0ef4710bc16502b52a77,GEN 31:40,0,"De día me consumía el calor, y de noche la helada, y el sueño se huía de mis ojos.",H1961,HVqp1cs,I was,,,,
b41e1ffc03fc97bbea8f,GEN 31:41,14,"Así he estado veinte años en tu casa: catorce años te serví por tus dos hijas, y seis años por tu ganado; y has mudado mi salario diez veces.",H853,HTo,<obj.>,,,,
8d05cd505fa020529318,GEN 31:42,7,"Si el Dios de mi padre, el Dios de Abraham, y el temor de Isaac, no fuera conmigo, de cierto me enviarías ahora vacío: vio Dios mi aflicción y el trabajo de mis manos, y reprendióte anoche.",H1961,HVqp3ms,he had been,,,,
9dd11267719c743fef03,GEN 31:42,12,"Si el Dios de mi padre, el Dios de Abraham, y el temor de Isaac, no fuera conmigo, de cierto me enviarías ahora vacío: vio Dios mi aflicción y el trabajo de mis manos, y reprendióte anoche.",H853,HTo,<obj.>,,,,
96db68f3af12afef5632,GEN 31:42,14,"Si el Dios de mi padre, el Dios de Abraham, y el temor de Isaac, no fuera conmigo, de cierto me enviarías ahora vacío: vio Dios mi aflicción y el trabajo de mis manos, y reprendióte anoche.",H853,HC/To,and/ <obj.>,,,,
5edebd0e51d9d32a4d1a,GEN 31:43,3,"Y respondió Labán, y dijo a Jacob: Las hijas son hijas mías, y los hijos, hijos míos son, y las ovejas son mis ovejas, y todo lo que tú ves es mío: ¿y qué puedo yo hacer hoy a estas mis hijas, o a sus hijos que ellas han parido?",H413,HR,to,,,,
b7cc22a302e036646efd,GEN 31:43,15,"Y respondió Labán, y dijo a Jacob: Las hijas son hijas mías, y los hijos, hijos míos son, y las ovejas son mis ovejas, y todo lo que tú ves es mío: ¿y qué puedo yo hacer hoy a estas mis hijas, o a sus hijos que ellas han parido?",H1931,HPp3ms,it,,,,
6e509f79a4f3309a9552,GEN 31:44,1,"Ven pues ahora, y hagamos alianza yo y tú; y sea en testimonio entre mí y entre ti.",H1980,HVqv2ms/Sh,come/ !,,,,
cb51149b8c6e279bfe09,GEN 31:46,3,Y dijo Jacob a sus hermanos: Cojan piedras. Y tomaron piedras e hicieron un majano; y comieron allí sobre aquel majano.,H3950,HVqv2mp,gather,,,,
ef598d19ab73e9a275ec,GEN 31:47,3,Y llamólo Labán Jegar Sahadutha: y lo llamó Jacob Galaad.,H3026,HNpl,Sahadutha,,,,
04dc5e791df9314d7501,GEN 31:49,8,"Y Mizpa, por cuanto dijo: Atalaye Jehová entre mí y entre ti, cuando nos apartemos el uno del otro.",H5641,HVNi1cp,we will be hidden,,,,
000bfc9e0f573aac8a49,GEN 31:50,1,"Si afliges a mis hijas, o si tomas otras mujeres además de mis hijas, nadie está con nosotros; mira, Dios es testigo entre mí y entre ti.",H6031,HVpi2ms,you will mistreat,,,,
1f07567772cff1ab33fa,GEN 31:50,2,"Si afliges a mis hijas, o si tomas otras mujeres además de mis hijas, nadie está con nosotros; mira, Dios es testigo entre mí y entre ti.",H853,HTo,<obj.>,,,,
9eadd34e2e8f6da525a0,GEN 31:50,5,"Si afliges a mis hijas, o si tomas otras mujeres además de mis hijas, nadie está con nosotros; mira, Dios es testigo entre mí y entre ti.",H3947,HVqi2ms,you will take,,,,
2af5b1e632cf65c092de,GEN 31:51,11,"Dijo más Labán a Jacob: He aquí este majano, y he aquí este título, que he erigido entre mí y ti.",H996,HC/Acmsc/Sp2ms,and/ between/ you,,,,
b7f189736b5dac3b389c,GEN 31:52,10,"Testigo sea este majano, y testigo sea este título, que ni yo pasaré contra ti este majano, ni tú pasarás contra mí este majano ni este título, para mal.",H853,HTo,<obj.>,,,,
52d775aa5c7d73606972,GEN 31:52,13,"Testigo sea este majano, y testigo sea este título, que ni yo pasaré contra ti este majano, ni tú pasarás contra mí este majano ni este título, para mal.",H518,HC/Tc,and/ if,,,,
2c411037d38a8ca58954,GEN 31:52,18,"Testigo sea este majano, y testigo sea este título, que ni yo pasaré contra ti este majano, ni tú pasarás contra mí este majano ni este título, para mal.",H853,HTo,<obj.>,,,,
933bb31a0e0f2e1c0f08,GEN 31:52,21,"Testigo sea este majano, y testigo sea este título, que ni yo pasaré contra ti este majano, ni tú pasarás contra mí este majano ni este título, para mal.",H853,HC/To,and/ <obj.>,,,,
c7e24c07c93a3dfbb3d0,GEN 31:53,10,"El Dios de Abraham, y el Dios de Nachôr juzgue entre nosotros, el Dios de sus padres. Y Jacob juró por el temor de Isaac su padre.",H6343,HR/Ncmsc,by/ [the] fear of,,,,
e107def241823e49aaba,GEN 31:54,10,"Entonces Jacob inmoló víctimas en el monte, y llamó a sus hermanos a comer pan: y comieron pan, y durmieron aquella noche en el monte.",H3885,Hc/Vqw3mp,and/ they stayed [the] night,,,,
d7f5accb8d4eb1caa6de,GEN 33:1,12,"Y alzando Jacob sus ojos miró, y he aquí venía Esaú, y los cuatrocientos hombres con él: entonces repartió él los niños entre Lea y Rachêl y las dos siervas.",H853,HTo,<obj.>,,,,
d674c29725e935c916e8,GEN 33:1,16,"Y alzando Jacob sus ojos miró, y he aquí venía Esaú, y los cuatrocientos hombres con él: entonces repartió él los niños entre Lea y Rachêl y las dos siervas.",H5921,HC/R,and/ with,,,,
7fc4ccc1849d94c3cc2a,GEN 33:1,18,"Y alzando Jacob sus ojos miró, y he aquí venía Esaú, y los cuatrocientos hombres con él: entonces repartió él los niños entre Lea y Rachêl y las dos siervas.",H5921,HC/R,and/ with,,,,
08042ea77fecf41f0437,GEN 33:2,1,Y puso las siervas y sus niños delante; luego a Lea y a sus niños; y a Rachêl y a José los postreros.,H853,HTo,<obj.>,,,,
bb0002812f34b30fed9c,GEN 33:2,3,Y puso las siervas y sus niños delante; luego a Lea y a sus niños; y a Rachêl y a José los postreros.,H853,HC/To,and/ <obj.>,,,,
160b01ecded3e30d6464,GEN 33:2,6,Y puso las siervas y sus niños delante; luego a Lea y a sus niños; y a Rachêl y a José los postreros.,H853,HC/To,and/ <obj.>,,,,
3774df94270314b4c8f6,GEN 33:2,10,Y puso las siervas y sus niños delante; luego a Lea y a sus niños; y a Rachêl y a José los postreros.,H853,HC/To,and/ <obj.>,,,,
cdf761895bff8d1a2311,GEN 33:2,12,Y puso las siervas y sus niños delante; luego a Lea y a sus niños; y a Rachêl y a José los postreros.,H853,HC/To,and/ <obj.>,,,,
69ce41c44c041580250e,GEN 33:2,14,Y puso las siervas y sus niños delante; luego a Lea y a sus niños; y a Rachêl y a José los postreros.,H314,HAampa,behind,,,,
d536cb4297002c108cc3,GEN 33:3,9,"Y él pasó delante de ellos, e inclinóse a tierra siete veces, hasta que llegó a su hermano.",H5704,HR,to,,,,
12407bfd2d7603dacbe9,GEN 33:4,2,"Y Esaú corrió a su encuentro, y abrazóle, y echóse sobre su cuello, y le besó; y lloraron.",H7122,HR/Vqcc/Sp3ms,to/ meet/ him,,,,
2da185b548c1006ec2bc,GEN 33:5,1,"Y alzó sus ojos, y vio las mujeres y los niños, y dijo: ¿Qué te tocan éstos? Y él respondió: Son los niños que Dios ha dado a tu siervo.",H853,HTo,<obj.>,,,,
7d5a66244ec9b9edc05d,GEN 33:5,4,"Y alzó sus ojos, y vio las mujeres y los niños, y dijo: ¿Qué te tocan éstos? Y él respondió: Son los niños que Dios ha dado a tu siervo.",H853,HTo,<obj.>,,,,
e0bc29bd197cfbc04f0e,GEN 33:5,6,"Y alzó sus ojos, y vio las mujeres y los niños, y dijo: ¿Qué te tocan éstos? Y él respondió: Son los niños que Dios ha dado a tu siervo.",H853,HC/To,and/ <obj.>,,,,
60ba4047c9ef76e15c43,GEN 33:5,16,"Y alzó sus ojos, y vio las mujeres y los niños, y dijo: ¿Qué te tocan éstos? Y él respondió: Son los niños que Dios ha dado a tu siervo.",H853,HTo,<obj.>,,,,
46fd29843a9364a4d164,GEN 33:7,1,"Y llegóse Lea con sus niños, e inclináronse: y después llegó José y Rachêl, y también se inclinaron.",H1571,HD,also,,,,
4e1dd907c5a05948c88d,GEN 33:9,3,"Y dijo Esaú: Harto tengo yo, hermano mío: sea para ti lo que es tuyo.",H7227,HAamsa,much,,,,
852aec2fb1ffa5d2d687,GEN 33:10,9,"Y dijo Jacob: No, yo te ruego, si he hallado ahora gracia en tus ojos, toma mi presente de mi mano, pues que así he visto tu rostro, como si hubiera visto el rostro de Dios; y hazme placer.",H3947,Hc/Vqq2ms,and/ you will accept,,,,
dd073da94c38676c045c,GEN 33:10,11,"Y dijo Jacob: No, yo te ruego, si he hallado ahora gracia en tus ojos, toma mi presente de mi mano, pues que así he visto tu rostro, como si hubiera visto el rostro de Dios; y hazme placer.",H3027,HR/Ncbsc/Sp1bs,from/ hand/ my,,,,
ef8197635a30ad14d4b3,GEN 33:10,12,"Y dijo Jacob: No, yo te ruego, si he hallado ahora gracia en tus ojos, toma mi presente de mi mano, pues que así he visto tu rostro, como si hubiera visto el rostro de Dios; y hazme placer.",H3588,HTc,for,,,,
047db6d015695523236e,GEN 33:10,13,"Y dijo Jacob: No, yo te ruego, si he hallado ahora gracia en tus ojos, toma mi presente de mi mano, pues que así he visto tu rostro, como si hubiera visto el rostro de Dios; y hazme placer.",H5921,HR,since,,,,
d72683f25bef71c61f70,GEN 33:10,14,"Y dijo Jacob: No, yo te ruego, si he hallado ahora gracia en tus ojos, toma mi presente de mi mano, pues que así he visto tu rostro, como si hubiera visto el rostro de Dios; y hazme placer.",H3651,HD,<thus>,,,,
38125a50d18cb2afa8eb,GEN 33:11,2,"Toma, te ruego, mi dádiva que te es traída; porque Dios me ha hecho merced, y todo lo que hay aquí es mío. Y porfió con él, y tomóla.",H853,HTo,<obj.>,,,,
cab6897fd8c97458f1d5,GEN 33:12,2,"Y dijo: Anda, y vamos; y yo iré delante de ti.",H1980,HC/Vqc1cp,and/ let us go,,,,
71780e10b68a59f9d91e,GEN 33:12,3,"Y dijo: Anda, y vamos; y yo iré delante de ti.",H1980,HC/Vqc1cs,and/ I will go,,,,
d6cf03cea01a29401af1,GEN 33:13,9,"Y él le dijo: Mi señor sabe que los niños son tiernos, y que tengo ovejas y vacas paridas; y si las fatigan, en un día morirán todas las ovejas.",H5763,HVqrfpa,[are] nursing,,,,
3c8600f6fbe5b9b69c57,GEN 33:14,9,"Pase ahora mi señor delante de su siervo, y yo me iré poco a poco al paso de la hacienda que va delante de mí, y al paso de los niños, hasta que llegue a mi señor a Seir.",H4399,HTd/Ncfsa,the/ property,,,,
372ee1e6aff4aa22cd1c,GEN 33:14,17,"Pase ahora mi señor delante de su siervo, y yo me iré poco a poco al paso de la hacienda que va delante de mí, y al paso de los niños, hasta que llegue a mi señor a Seir.",H413,HR,to,,,,
915a4844c4e4e8e65f21,GEN 33:15,2,Y Esaú dijo: Dejaré ahora contigo de la gente que viene conmigo. Y él dijo: ¿Para qué esto? halle yo gracia en los ojos de mi señor.,H3322,HVhc1cs,let me place,,,,
3468f1b6a5ee839b1ee2,GEN 33:18,2,"Y vino Jacob sano a la ciudad de Sichêm, que está en la tierra de Canaán, cuando venía de Padan-aram; y acampó delante de la ciudad.",H8003,HAamsa,safe,,,,
829f68a4307751b53540,GEN 33:18,8,"Y vino Jacob sano a la ciudad de Sichêm, que está en la tierra de Canaán, cuando venía de Padan-aram; y acampó delante de la ciudad.",H935,HR/Vqcc/Sp3ms,when/ came/ he,,,,
2a3291c27c03358826d4,GEN 33:18,10,"Y vino Jacob sano a la ciudad de Sichêm, que está en la tierra de Canaán, cuando venía de Padan-aram; y acampó delante de la ciudad.",H758,HNpl,Aram,,,,
20142ca9d7abd7c6d6f2,GEN 33:18,12,"Y vino Jacob sano a la ciudad de Sichêm, que está en la tierra de Canaán, cuando venía de Padan-aram; y acampó delante de la ciudad.",H854,HR,with,,,,
caf688b0e97b4b337363,GEN 33:19,1,"Y compró una parte del campo, donde tendió su tienda, de mano de los hijos de Hamor, padre de Sichêm, por cien piezas de moneda.",H853,HTo,<obj.>,,,,
26de42fde0cd86863d25,GEN 33:19,6,"Y compró una parte del campo, donde tendió su tienda, de mano de los hijos de Hamor, padre de Sichêm, por cien piezas de moneda.",H8033,HD,there,,,,
131bd1ddc1f863bb4764,GEN 33:19,12,"Y compró una parte del campo, donde tendió su tienda, de mano de los hijos de Hamor, padre de Sichêm, por cien piezas de moneda.",H7927,HNpm,Shechem,,,,
842d4ff2227abd927522,GEN 33:20,5,"Y erigió allí un altar, y llamóle: El Dios de Israel.",H430,HNcmpc,Elohe,,,,
13f228926dfa9a3644fa,GEN 33:20,6,"Y erigió allí un altar, y llamóle: El Dios de Israel.",H3290,HNpl,Israel,,,,
963c4728fcdbc9cb65dd,GEN 34:1,5,"Y salió Dina la hija de Lea, la cual había ésta parido a Jacob, a ver las hijas del país.",H3205,HVqp3fs,she had borne,,,,
f5c12695b3424bdc5bd5,GEN 34:2,1,"Y vióla Sichêm, hijo de Hamor Heveo, príncipe de aquella tierra, y tomóla, y echóse con ella, y la deshonró.",H853,HTo/Sp3fs,<obj.>/ her,,,,
c50965769b228edf5ea8,GEN 34:2,2,"Y vióla Sichêm, hijo de Hamor Heveo, príncipe de aquella tierra, y tomóla, y echóse con ella, y la deshonró.",H7927,HNpm,Shechem,,,,
09b611c83c21539603fa,GEN 34:2,9,"Y vióla Sichêm, hijo de Hamor Heveo, príncipe de aquella tierra, y tomóla, y echóse con ella, y la deshonró.",H853,HTo/Sp3fs,<obj.>/ her,,,,
9c1b15aa3543206bd675,GEN 34:2,11,"Y vióla Sichêm, hijo de Hamor Heveo, príncipe de aquella tierra, y tomóla, y echóse con ella, y la deshonró.",H854,HRd/Sp3fs,with <the>/ her,,,,
fb329d83e463d4af8702,GEN 34:3,4,"Pero su alma se apegó a Dina la hija de Lea, y enamoróse de la moza, y habló al corazón de la joven.",H3290,HNpm,Jacob,,,,
8f362aea1c4b5c51747e,GEN 34:3,6,"Pero su alma se apegó a Dina la hija de Lea, y enamoróse de la moza, y habló al corazón de la joven.",H853,HTo,<obj.>,,,,
a27d4f96f5aac4702014,GEN 34:4,1,"Y habló Sichêm a Hamor su padre, diciendo: Tómame por mujer esta moza.",H7927,HNpm,Shechem,,,,
a7e2b7f226fae2080779,GEN 34:4,2,"Y habló Sichêm a Hamor su padre, diciendo: Tómame por mujer esta moza.",H413,HR,to,,,,
277610f7c9ba2251dcc4,GEN 34:4,7,"Y habló Sichêm a Hamor su padre, diciendo: Tómame por mujer esta moza.",H853,HTo,<obj.>,,,,
3e072d6ebbb41c7c6011,GEN 34:5,9,"Y oyó Jacob que había Sichêm amancillado a Dina su hija: y estando sus hijos con su ganado en el campo, calló Jacob hasta que ellos viniesen.",H854,HR,with,,,,
9c2dcce5c3ff8b67c8f6,GEN 34:6,3,"Y dirigióse Hamor padre de Sichêm a Jacob, para hablar con él.",H7927,HNpm,Shechem,,,,
f70e21c399d20032a312,GEN 34:6,4,"Y dirigióse Hamor padre de Sichêm a Jacob, para hablar con él.",H413,HR,to,,,,
b57cfd1b966856cb5f06,GEN 34:7,15,"Y los hijos de Jacob vinieron del campo cuando lo supieron; y se entristecieron los varones, y se ensañaron mucho, porque hizo vileza en Israel echándose con la hija de Jacob, lo que no se debía haber hecho.",H853,HTo,<obj.>,,,,
05465737c25cc213f1b4,GEN 34:8,2,"Y Hamor habló con ellos, diciendo: El alma de mi hijo Sichêm se ha apegado a su hija; les ruego que se la den por mujer.",H854,HRd/Sp3mp,with/ them,,,,
287ae4cca2f3cb47d202,GEN 34:8,4,"Y Hamor habló con ellos, diciendo: El alma de mi hijo Sichêm se ha apegado a su hija; les ruego que se la den por mujer.",H7927,HNpm,Shechem,,,,
5dd3e2b72110f1799390,GEN 34:8,9,"Y Hamor habló con ellos, diciendo: El alma de mi hijo Sichêm se ha apegado a su hija; les ruego que se la den por mujer.",H5414,HVqv2mp,give,,,,
9ec4b1c7a9072d1de84d,GEN 34:8,10,"Y Hamor habló con ellos, diciendo: El alma de mi hijo Sichêm se ha apegado a su hija; les ruego que se la den por mujer.",H4994,HTj,please,,,,
5cd5fa9cae3679779385,GEN 34:9,0,"Y emparenten con nosotros; dennos sus hijas, y tomen ustedes las nuestras.",H2859,HC/Vtv2mp,and/ intermarry with,,,,
43d8c10a996dd0d51dcc,GEN 34:9,1,"Y emparenten con nosotros; dennos sus hijas, y tomen ustedes las nuestras.",H854,HRd/Sp1bp,with <the>/ us,,,,
046a0ad913b4f469911c,GEN 34:9,3,"Y emparenten con nosotros; dennos sus hijas, y tomen ustedes las nuestras.",H5414,HVqi2mp,you will give,,,,
200ae6f76ad6b7f6b567,GEN 34:9,4,"Y emparenten con nosotros; dennos sus hijas, y tomen ustedes las nuestras.",H853,HC/To,and/ <obj.>,,,,
ecada9e6b0db57fd3752,GEN 34:9,5,"Y emparenten con nosotros; dennos sus hijas, y tomen ustedes las nuestras.",H1323,HNcfpc/Sp1bp,daughters/ our,,,,
a1b3ba4700a2ba1a93cb,GEN 34:9,6,"Y emparenten con nosotros; dennos sus hijas, y tomen ustedes las nuestras.",H3947,HVqi2mp,you will take,,,,
148fc60451621ad7fe8d,GEN 34:10,1,"Y habiten con nosotros; porque la tierra estará delante de ustedes; moren y negocien en ella, y tomen en ella posesión.",H3427,HVqi2mp,you will dwell,,,,
20f2bbde3bc73356da42,GEN 34:10,5,"Y habiten con nosotros; porque la tierra estará delante de ustedes; moren y negocien en ella, y tomen en ella posesión.",H3427,HVqv2mp,dwell,,,,
5432c4e37489e9a82c28,GEN 34:10,6,"Y habiten con nosotros; porque la tierra estará delante de ustedes; moren y negocien en ella, y tomen en ella posesión.",H5503,HC/Vqv2mp/Sp3fs,and/ go about in/ it,,,,
89c918fa86bf68e2c3c0,GEN 34:11,1,"Sichêm también dijo a su padre y a sus hermanos: Halle yo gracia en sus ojos, y daré lo que me digan.",H7927,HNpm,Shechem,,,,
8981dae45045316fb57b,GEN 34:11,4,"Sichêm también dijo a su padre y a sus hermanos: Halle yo gracia en sus ojos, y daré lo que me digan.",H413,HC/R,and/ to,,,,
8f1c06315ea0773c23b1,GEN 34:11,10,"Sichêm también dijo a su padre y a sus hermanos: Halle yo gracia en sus ojos, y daré lo que me digan.",H559,HVqi2mp,you will say,,,,
754ce3815446b84c1c18,GEN 34:11,11,"Sichêm también dijo a su padre y a sus hermanos: Halle yo gracia en sus ojos, y daré lo que me digan.",H413,HRd/Sp1bs,to/ me,,,,
015a3418b1d2f65d5380,GEN 34:12,0,"Aumenten a cargo mío mucho dote y dones, que yo daré cuanto me digan, y denme la moza por mujer.",H7235,HVhv2mp,increase,,,,
478b45577f11153c9219,GEN 34:12,2,"Aumenten a cargo mío mucho dote y dones, que yo daré cuanto me digan, y denme la moza por mujer.",H3966,HAcmsa,exceedingly,,,,
dbcd31fa0ae191aa3299,GEN 34:12,7,"Aumenten a cargo mío mucho dote y dones, que yo daré cuanto me digan, y denme la moza por mujer.",H559,HVqi2mp,you will say,,,,
573e950b78ba069c2d20,GEN 34:12,9,"Aumenten a cargo mío mucho dote y dones, que yo daré cuanto me digan, y denme la moza por mujer.",H5414,HC/Vqv2mp,and/ give,,,,
319f222d7844069f0509,GEN 34:12,10,"Aumenten a cargo mío mucho dote y dones, que yo daré cuanto me digan, y denme la moza por mujer.",H853,HTo,<obj.>,,,,
7ded77e7cffb0821cb39,GEN 34:13,3,"Y respondieron los hijos de Jacob a Sichêm y a Hamor su padre con engaño; y parlaron, por cuanto había amancillado a Dina su hermana.",H853,HTo,<obj.>,,,,
11131f0ed63f8daa417f,GEN 34:13,4,"Y respondieron los hijos de Jacob a Sichêm y a Hamor su padre con engaño; y parlaron, por cuanto había amancillado a Dina su hermana.",H7927,HNpm,Shechem,,,,
8597331436469c0d2fe8,GEN 34:13,5,"Y respondieron los hijos de Jacob a Sichêm y a Hamor su padre con engaño; y parlaron, por cuanto había amancillado a Dina su hermana.",H853,HC/To,and/ <obj.>,,,,
46eb1f214234852b33bb,GEN 34:13,9,"Y respondieron los hijos de Jacob a Sichêm y a Hamor su padre con engaño; y parlaron, por cuanto había amancillado a Dina su hermana.",H1696,Hc/Vpw3mp,and/ they spoke,,,,
16bbf05b0f701ea94048,GEN 34:13,12,"Y respondieron los hijos de Jacob a Sichêm y a Hamor su padre con engaño; y parlaron, por cuanto había amancillado a Dina su hermana.",H853,HTo,<obj.>,,,,
b72e43ad327d4ac57aa2,GEN 34:14,1,Y dijéronles: No podemos hacer esto de dar nuestra hermana a hombre que tiene prepucio; porque entre nosotros es abominación.,H413,HRd/Sp3mp,to/ them,,,,
f0fcced8d57840d1836f,GEN 34:14,8,Y dijéronles: No podemos hacer esto de dar nuestra hermana a hombre que tiene prepucio; porque entre nosotros es abominación.,H853,HTo,<obj.>,,,,
8c4d554e77d5c38b5fbe,GEN 34:14,11,Y dijéronles: No podemos hacer esto de dar nuestra hermana a hombre que tiene prepucio; porque entre nosotros es abominación.,H834,HTr,whom,,,,
b553d29f5fb774d6e691,GEN 34:14,12,Y dijéronles: No podemos hacer esto de dar nuestra hermana a hombre que tiene prepucio; porque entre nosotros es abominación.,H6190,HNcfsa,a foreskin,,,,
d7e0dca20240bbbbf82e,GEN 34:14,15,Y dijéronles: No podemos hacer esto de dar nuestra hermana a hombre que tiene prepucio; porque entre nosotros es abominación.,H1931,HPp3fs,it,,,,
9b44c09165a7f689fb5f,GEN 34:15,0,"Pero con esta condición les haremos placer: si han de ser como nosotros, que se circuncide entre ustedes todo varón;",H389,HD,only,,,,
91ab80fffdb14fcb364c,GEN 34:15,5,"Pero con esta condición les haremos placer: si han de ser como nosotros, que se circuncide entre ustedes todo varón;",H3644,HRd/Sp1bp,like/ us,,,,
c89cc86f5ba7158dfad4,GEN 34:16,3,"Entonces les daremos nuestras hijas, y tomaremos nosotros las sus; y habitaremos con ustedes, y seremos un pueblo.",H853,HC/To,and/ <obj.>,,,,
f5cba7ca777c0a24ad59,GEN 34:16,4,"Entonces les daremos nuestras hijas, y tomaremos nosotros las sus; y habitaremos con ustedes, y seremos un pueblo.",H1323,HNcfpc/Sp2mp,daughters/ your,,,,
c3dbe06c60fe70d7575e,GEN 34:16,7,"Entonces les daremos nuestras hijas, y tomaremos nosotros las sus; y habitaremos con ustedes, y seremos un pueblo.",H854,HRd/Sp2mp,with/ you,,,,
393d86a2266ffe9fa129,GEN 34:17,4,"Pero si no nos prestan oído para circuncidarse, tomaremos nuestra hija, y nos iremos.",H4135,HR/VNcc,by/ being circumcised,,,,
2e10233339951ffab946,GEN 34:17,6,"Pero si no nos prestan oído para circuncidarse, tomaremos nuestra hija, y nos iremos.",H853,HTo,<obj.>,,,,
3e4795e2e632441f0c74,GEN 34:18,2,"Y parecieron bien sus palabras a Hamor y a Sichêm, hijo de Hamor.",H5869,HR/Ncfdc,in/ [the] eyes of,,,,
e7327eca281528ae6168,GEN 34:18,4,"Y parecieron bien sus palabras a Hamor y a Sichêm, hijo de Hamor.",H5869,HC/R/Ncfdc,and/ in/ [the] eyes of,,,,
3f6a8dd8aabf1c39a103,GEN 34:18,5,"Y parecieron bien sus palabras a Hamor y a Sichêm, hijo de Hamor.",H7927,HNpm,Shechem,,,,
1ccc3ae0a304f2af64e6,GEN 34:20,2,"Entonces Hamor y Sichêm su hijo vinieron a la puerta de su ciudad, y hablaron a los varones de su ciudad, diciendo:",H7927,HC/Npm,and/ Shechem,,,,
6d3521d44a6d1f6c6026,GEN 34:20,4,"Entonces Hamor y Sichêm su hijo vinieron a la puerta de su ciudad, y hablaron a los varones de su ciudad, diciendo:",H413,HR,to,,,,
aa9111b9a7f7b58e59ff,GEN 34:20,8,"Entonces Hamor y Sichêm su hijo vinieron a la puerta de su ciudad, y hablaron a los varones de su ciudad, diciendo:",H413,HR,to,,,,
ab556d7a886850d56d56,GEN 34:21,0,"Estos varones son pacíficos con nosotros, y habitarán en el país, y traficarán en él: pues he aquí la tierra es bastante ancha para ellos: nosotros tomaremos sus hijas por mujeres, y les daremos las nuestras.",H582,HTd/Ncmpa,the/ men,,,,
576e01e57177c3a24134,GEN 34:21,4,"Estos varones son pacíficos con nosotros, y habitarán en el país, y traficarán en él: pues he aquí la tierra es bastante ancha para ellos: nosotros tomaremos sus hijas por mujeres, y les daremos las nuestras.",H854,HRd/Sp1bp,with/ us,,,,
0c6ecede4a6261bc754b,GEN 34:21,13,"Estos varones son pacíficos con nosotros, y habitarán en el país, y traficarán en él: pues he aquí la tierra es bastante ancha para ellos: nosotros tomaremos sus hijas por mujeres, y les daremos las nuestras.",H6440,HR/Ncmpc/Sp3mp,<to>/ before/ them,,,,
abf446621ce10b1f4b4a,GEN 34:21,14,"Estos varones son pacíficos con nosotros, y habitarán en el país, y traficarán en él: pues he aquí la tierra es bastante ancha para ellos: nosotros tomaremos sus hijas por mujeres, y les daremos las nuestras.",H853,HTo,<obj.>,,,,
82a4a366d19c0835d74b,GEN 34:21,18,"Estos varones son pacíficos con nosotros, y habitarán en el país, y traficarán en él: pues he aquí la tierra es bastante ancha para ellos: nosotros tomaremos sus hijas por mujeres, y les daremos las nuestras.",H853,HC/To,and/ <obj.>,,,,
47be0363d692f465a7b9,GEN 34:21,19,"Estos varones son pacíficos con nosotros, y habitarán en el país, y traficarán en él: pues he aquí la tierra es bastante ancha para ellos: nosotros tomaremos sus hijas por mujeres, y les daremos las nuestras.",H1323,HNcfpc/Sp1bp,daughters/ our,,,,
386a0430d031f93e9d60,GEN 34:22,0,"Pero con esta condición nos harán estos hombres el placer de habitar con nosotros, para que seamos un pueblo: si se circuncida en nosotros todo varón, así como ellos son circuncidados.",H389,HD,only,,,,
188aeba095b12166d8b4,GEN 34:22,14,"Pero con esta condición nos harán estos hombres el placer de habitar con nosotros, para que seamos un pueblo: si se circuncida en nosotros todo varón, así como ellos son circuncidados.",H4135,HVNrmpa,[are] circumcised,,,,
73c7cbf7f6964f167e97,GEN 34:23,0,"Sus ganados, y su hacienda y todas sus bestias, serán nuestras: solamente convengamos con ellos, y habitarán con nosotros.",H4735,HNcmsc/Sp3mp,livestock/ their,,,,
37b34a93a17f26924550,GEN 34:23,4,"Sus ganados, y su hacienda y todas sus bestias, serán nuestras: solamente convengamos con ellos, y habitarán con nosotros.",H3808,HTi/Tn,¿/ not,,,,
7878efc3a270851a4ce2,GEN 34:23,7,"Sus ganados, y su hacienda y todas sus bestias, serán nuestras: solamente convengamos con ellos, y habitarán con nosotros.",H225,HVNc1cp,let us agree,,,,
adc70fc8cda5c4704942,GEN 34:24,1,"Y obedecieron a Hamor y a Sichêm su hijo todos los que salían por la puerta de la ciudad, y circuncidaron a todo varón, a cuantos salían por la puerta de su ciudad.",H413,HR,to,,,,
5e16013c17b4635250cf,GEN 34:24,3,"Y obedecieron a Hamor y a Sichêm su hijo todos los que salían por la puerta de la ciudad, y circuncidaron a todo varón, a cuantos salían por la puerta de su ciudad.",H413,HC/R,and/ to,,,,
628f3443fb678358d78c,GEN 34:24,4,"Y obedecieron a Hamor y a Sichêm su hijo todos los que salían por la puerta de la ciudad, y circuncidaron a todo varón, a cuantos salían por la puerta de su ciudad.",H7927,HNpm,Shechem,,,,
88e3855bfa97f2020df7,GEN 34:24,10,"Y obedecieron a Hamor y a Sichêm su hijo todos los que salían por la puerta de la ciudad, y circuncidaron a todo varón, a cuantos salían por la puerta de su ciudad.",H4135,Hc/VNw3mp,and/ they were circumcised,,,,
35ba950b3908fb6b2303,GEN 34:25,18,"Y sucedió que al tercer día, cuando sentían ellos el mayor dolor, los dos hijos de Jacob, Simeón y Leví, hermanos de Dina, tomaron cada uno su espada, y vinieron contra la ciudad animosamente, y mataron a todo varón.",H983,HNcmsa,security,,,,
0df3819bd2381c14fb82,GEN 34:26,0,"Y a Hamor y a Sichêm su hijo los mataron a filo de espada: y tomaron a Dina de casa de Sichêm, y saliéronse.",H853,HC/To,and/ <obj.>,,,,
cda5df44a6a80d8bc6db,GEN 34:26,2,"Y a Hamor y a Sichêm su hijo los mataron a filo de espada: y tomaron a Dina de casa de Sichêm, y saliéronse.",H853,HC/To,and/ <obj.>,,,,
ee1d9c8581cefa9f872b,GEN 34:26,3,"Y a Hamor y a Sichêm su hijo los mataron a filo de espada: y tomaron a Dina de casa de Sichêm, y saliéronse.",H7927,HNpm,Shechem,,,,
09249a11542d24ee125f,GEN 34:26,9,"Y a Hamor y a Sichêm su hijo los mataron a filo de espada: y tomaron a Dina de casa de Sichêm, y saliéronse.",H853,HTo,<obj.>,,,,
7dafa6f85e9e916913f8,GEN 34:26,12,"Y a Hamor y a Sichêm su hijo los mataron a filo de espada: y tomaron a Dina de casa de Sichêm, y saliéronse.",H7927,HNpm,Shechem,,,,
498e5b1d4901600b27fe,GEN 34:27,3,"Y los hijos de Jacob vinieron a los muertos, y saquearon la ciudad; por cuanto habían amancillado a su hermana.",H5921,HR,on,,,,
1eee56d9f1aeb88f3cb9,GEN 34:28,0,"Tomaron sus ovejas y vacas y sus asnos, y lo que había en la ciudad y en el campo,",H853,HTo,<obj.>,,,,
782b3330b8e55f624496,GEN 34:28,2,"Tomaron sus ovejas y vacas y sus asnos, y lo que había en la ciudad y en el campo,",H853,HC/To,and/ <obj.>,,,,
081f8235b212a17e7665,GEN 34:28,4,"Tomaron sus ovejas y vacas y sus asnos, y lo que había en la ciudad y en el campo,",H853,HC/To,and/ <obj.>,,,,
1857daf4826d1af033d9,GEN 34:28,6,"Tomaron sus ovejas y vacas y sus asnos, y lo que había en la ciudad y en el campo,",H853,HC/To,and/ <obj.>,,,,
d05ca31f51c41d77de63,GEN 34:28,9,"Tomaron sus ovejas y vacas y sus asnos, y lo que había en la ciudad y en el campo,",H853,HC/To,and/ <obj.>,,,,
237a27a5f4d6ef53a627,GEN 34:28,10,"Tomaron sus ovejas y vacas y sus asnos, y lo que había en la ciudad y en el campo,",H834,HTr,[that] which,,,,
aa7337afb9000ae2b142,GEN 34:29,0,"Y toda su hacienda; se llevaron cautivos a todos sus niños y sus mujeres, y robaron todo lo que había en casa.",H853,HC/To,and/ <obj.>,,,,
e6ba4cce5dd4543dae30,GEN 34:29,3,"Y toda su hacienda; se llevaron cautivos a todos sus niños y sus mujeres, y robaron todo lo que había en casa.",H853,HC/To,and/ <obj.>,,,,
502a303b265d85adad10,GEN 34:29,6,"Y toda su hacienda; se llevaron cautivos a todos sus niños y sus mujeres, y robaron todo lo que había en casa.",H853,HC/To,and/ <obj.>,,,,
53efc5272ce1ab2f5b61,GEN 34:29,10,"Y toda su hacienda; se llevaron cautivos a todos sus niños y sus mujeres, y robaron todo lo que había en casa.",H853,HC/To,and/ <obj.>,,,,
95627e62fda9a0d0e4cc,GEN 34:30,2,"Entonces dijo Jacob a Simeón y a Leví: Habéisme turbado con hacerme abominable a los moradores de esta tierra, el Cananeo y el Pherezeo; y teniendo yo pocos hombres, juntarse han contra mí, y me herirán, y seré destruído yo y mi casa.",H413,HR,to,,,,
fd52d6c3ea1254e10adb,GEN 34:30,4,"Entonces dijo Jacob a Simeón y a Leví: Habéisme turbado con hacerme abominable a los moradores de esta tierra, el Cananeo y el Pherezeo; y teniendo yo pocos hombres, juntarse han contra mí, y me herirán, y seré destruído yo y mi casa.",H413,HC/R,and/ to,,,,
fedcd97b050413603007,GEN 34:30,7,"Entonces dijo Jacob a Simeón y a Leví: Habéisme turbado con hacerme abominable a los moradores de esta tierra, el Cananeo y el Pherezeo; y teniendo yo pocos hombres, juntarse han contra mí, y me herirán, y seré destruído yo y mi casa.",H853,HTo/Sp1bs,<obj.>/ me,,,,
92d09b220c38fb01f595,GEN 34:30,16,"Entonces dijo Jacob a Simeón y a Leví: Habéisme turbado con hacerme abominable a los moradores de esta tierra, el Cananeo y el Pherezeo; y teniendo yo pocos hombres, juntarse han contra mí, y me herirán, y seré destruído yo y mi casa.",H622,Hc/VNq3cp,and/ they will gather,,,,
8cab44f7ed8c2c4881a1,GEN 34:31,3,Y ellos respondieron: ¿Había él de tratar a nuestra hermana como a una ramera?,H853,HTo,<obj.>,,,,
af123e1afccf379137aa,GEN 35:1,7,"Y dijo Dios a Jacob: Levántate, sube a Beth-el, y estáte allí; y haz allí un altar al Dios que te apareció cuando huías de tu hermano Esaú.",H1008,HNpl,-el,,,,
50838475893cd8b5feeb,GEN 35:1,15,"Y dijo Dios a Jacob: Levántate, sube a Beth-el, y estáte allí; y haz allí un altar al Dios que te apareció cuando huías de tu hermano Esaú.",H413,HRd/Sp2ms,to/ you,,,,
35e73e3e1e9327822e1a,GEN 35:1,17,"Y dijo Dios a Jacob: Levántate, sube a Beth-el, y estáte allí; y haz allí un altar al Dios que te apareció cuando huías de tu hermano Esaú.",H6440,HR/Ncmpc,from/ before,,,,
49994e3ba6255431d516,GEN 35:2,2,"Entonces Jacob dijo a su familia y a todos los que con él estaban: Quiten los dioses ajenos que hay entre ustedes, y límpiense, y muden sus vestidos.",H413,HR,to,,,,
669f192c9344696aa56a,GEN 35:2,4,"Entonces Jacob dijo a su familia y a todos los que con él estaban: Quiten los dioses ajenos que hay entre ustedes, y límpiense, y muden sus vestidos.",H413,HC/R,and/ to,,,,
687328bc1b4c0055c6d0,GEN 35:2,8,"Entonces Jacob dijo a su familia y a todos los que con él estaban: Quiten los dioses ajenos que hay entre ustedes, y límpiense, y muden sus vestidos.",H5493,HVhv2mp,remove,,,,
0e2f75eb9ad374ef1484,GEN 35:2,9,"Entonces Jacob dijo a su familia y a todos los que con él estaban: Quiten los dioses ajenos que hay entre ustedes, y límpiense, y muden sus vestidos.",H853,HTo,<obj.>,,,,
d560236ebc2ca3f9abce,GEN 35:2,14,"Entonces Jacob dijo a su familia y a todos los que con él estaban: Quiten los dioses ajenos que hay entre ustedes, y límpiense, y muden sus vestidos.",H2891,HC/Vtv2mp,and/ purify yourselves,,,,
be4c4f27c2b751979222,GEN 35:2,15,"Entonces Jacob dijo a su familia y a todos los que con él estaban: Quiten los dioses ajenos que hay entre ustedes, y límpiense, y muden sus vestidos.",H2498,HC/Vhv2mp,and/ change,,,,
84bc9b0dc36a76b170c0,GEN 35:3,9,"Y levantémonos, y subamos a Beth-el; y haré allí altar al Dios que me respondió en el día de mi angustia, y ha sido conmigo en el camino que he andado.",H853,HTo/Sp1bs,<obj.>/ me,,,,
a09bf0e6059bf9a1bcea,GEN 35:3,13,"Y levantémonos, y subamos a Beth-el; y haré allí altar al Dios que me respondió en el día de mi angustia, y ha sido conmigo en el camino que he andado.",H5978,HR/Sp1bs,with/ me,,,,
70a2b9f58a0361fafa9e,GEN 35:4,1,"Así dieron a Jacob todos los dioses ajenos que había en poder de ellos, y los zarzillos que estaban en sus orejas; y Jacob los escondió debajo de una encina, que estaba junto a Sichêm.",H413,HR,to,,,,
3ecfb787a419a8029f95,GEN 35:4,3,"Así dieron a Jacob todos los dioses ajenos que había en poder de ellos, y los zarzillos que estaban en sus orejas; y Jacob los escondió debajo de una encina, que estaba junto a Sichêm.",H853,HTo,<obj.>,,,,
fe366e78ef75357057c2,GEN 35:4,9,"Así dieron a Jacob todos los dioses ajenos que había en poder de ellos, y los zarzillos que estaban en sus orejas; y Jacob los escondió debajo de una encina, que estaba junto a Sichêm.",H853,HC/To,and/ <obj.>,,,,
fe0e8aa9c974f4c8d699,GEN 35:4,14,"Así dieron a Jacob todos los dioses ajenos que había en poder de ellos, y los zarzillos que estaban en sus orejas; y Jacob los escondió debajo de una encina, que estaba junto a Sichêm.",H853,HTo/Sp3mp,<obj.>/ them,,,,
ab4caace3c1177cfe431,GEN 35:5,2,"Y partiéronse, y el terror de Dios fue sobre las ciudades que había en sus alrededores, y no siguieron tras los hijos de Jacob.",H2847,HNcfsc,[the] terror of,,,,
b7272af96c7243570ec5,GEN 35:5,9,"Y partiéronse, y el terror de Dios fue sobre las ciudades que había en sus alrededores, y no siguieron tras los hijos de Jacob.",H7291,HVqp3cp,people pursued,,,,
c130cbde6b139b9df862,GEN 35:5,10,"Y partiéronse, y el terror de Dios fue sobre las ciudades que había en sus alrededores, y no siguieron tras los hijos de Jacob.",H310,HAcmpc,after,,,,
46b7dc09914a20de27f3,GEN 35:7,6,"Y edificó allí un altar, y llamó al lugar El-Beth-el, porque allí le había aparecido Dios, cuando huía de su hermano.",H416,HNpl,Beth-,,,,
ec136cfdf74608d5a1fa,GEN 35:7,7,"Y edificó allí un altar, y llamó al lugar El-Beth-el, porque allí le había aparecido Dios, cuando huía de su hermano.",H416,HNpl,-el,,,,
7214ca7547b47eb25538,GEN 35:7,14,"Y edificó allí un altar, y llamó al lugar El-Beth-el, porque allí le había aparecido Dios, cuando huía de su hermano.",H6440,HR/Ncmpc,from/ before,,,,
0bdb8de2f684f6784d6c,GEN 35:8,7,"Entonces murió Débora, ama de Rebeca, y fue sepultada a las raíces de Beth-el, debajo de una encina: y llamóse su nombre Allon-Bacuth.",H1008,HNpl,-el,,,,
f1acef7f95cbc9094e78,GEN 35:8,11,"Entonces murió Débora, ama de Rebeca, y fue sepultada a las raíces de Beth-el, debajo de una encina: y llamóse su nombre Allon-Bacuth.",H8034,HNcmsc/Sp3ms,name/ its,,,,
d362dee0049efb1b8328,GEN 35:8,13,"Entonces murió Débora, ama de Rebeca, y fue sepultada a las raíces de Beth-el, debajo de una encina: y llamóse su nombre Allon-Bacuth.",H439,HNpl,Bacuth,,,,
225772da699a1d9e515f,GEN 35:9,2,"Y aparecióse otra vez Dios a Jacob, cuando se había vuelto de Padan-aram, y bendíjole.",H413,HR,to,,,,
9bcbbe2453e454dc4dd1,GEN 35:9,7,"Y aparecióse otra vez Dios a Jacob, cuando se había vuelto de Padan-aram, y bendíjole.",H758,HNpl,Aram,,,,
6222b8388b07a1d248a6,GEN 35:9,9,"Y aparecióse otra vez Dios a Jacob, cuando se había vuelto de Padan-aram, y bendíjole.",H853,HTo/Sp3ms,<obj.>/ him,,,,
4507287ee38af5e6dcfc,GEN 35:10,9,"Y díjole Dios: Tu nombre es Jacob; no se llamará más tu nombre Jacob, sino Israel será tu nombre: y llamó su nombre Israel.",H3588,HTc,that,,,,
024b339003d600567ce4,GEN 35:10,10,"Y díjole Dios: Tu nombre es Jacob; no se llamará más tu nombre Jacob, sino Israel será tu nombre: y llamó su nombre Israel.",H518,HTc,except,,,,
d64774d3ece1dbd480dd,GEN 35:10,15,"Y díjole Dios: Tu nombre es Jacob; no se llamará más tu nombre Jacob, sino Israel será tu nombre: y llamó su nombre Israel.",H853,HTo,<obj.>,,,,
f25d1fd2936c6b13ac95,GEN 35:11,10,"Y díjole Dios: Yo soy el Dios Omnipotente: crece y multiplícate; una nación y conjunto de naciones procederá de ti, y reyes saldrán de tus lomos:",H1961,HVqi3ms,it will be,,,,
491da8c99d0f61d58731,GEN 35:12,0,"Y la tierra que yo he dado a Abraham y a Isaac, la daré a ti: y a tu simiente después de ti daré la tierra.",H853,HC/To,and/ <obj.>,,,,
2c4c8684c99b0fda9111,GEN 35:12,10,"Y la tierra que yo he dado a Abraham y a Isaac, la daré a ti: y a tu simiente después de ti daré la tierra.",H853,HTo,<obj.>,,,,
a99f274ea129e9b9d483,GEN 35:15,7,"Y llamó Jacob el nombre de aquel lugar donde Dios había hablado con él, Beth-el.",H854,HRd/Sp3ms,with/ him,,,,
a06c9742410a24dae034,GEN 35:15,8,"Y llamó Jacob el nombre de aquel lugar donde Dios había hablado con él, Beth-el.",H8033,HD,there,,,,
df91f08a1826c7978c85,GEN 35:15,11,"Y llamó Jacob el nombre de aquel lugar donde Dios había hablado con él, Beth-el.",H1008,HNpl,-el,,,,
c1c506047f49ff41bb3e,GEN 35:16,2,"Y partieron de Beth-el, y había aún como media legua de tierra para llegar a Ephrata, cuando parió Rachêl, y hubo trabajo en su parto.",H1008,HNpl,-el,,,,
a73f1a5cf300b71f5d9a,GEN 35:17,4,"Y aconteció, que como había trabajo en su parir, díjole la partera: No temas, que también tendrás este hijo.",H3205,HTd/Vprfsa,the/ midwife,,,,
92f4eeb9b94f68cd63e3,GEN 35:18,8,"Y acaeció que al salírsele el alma, (pues murió) llamó su nombre Benoni; pero su padre lo llamó Benjamín.",H1126,HNpm,Oni,,,,
1b797e64dd2b7fe09716,GEN 35:19,7,"Así murió Rachêl, y fue sepultada en el camino de Ephrata, la cual es Beth-lehem.",H1035,HNpl,-lehem,,,,
c928f8302b8e86235f69,GEN 35:20,0,Y puso Jacob un título sobre su sepultura: este es el título de la sepultura de Rachêl hasta hoy.,H5324,Hc/Vhw3ms,and/ he set up,,,,
a0a2ee457b0d6823fe8d,GEN 35:21,6,"Y partió Israel, y tendió su tienda de la otra parte de Migdaleder.",H4029,HNpl,Eder,,,,
e297eb4a20221bd52846,GEN 35:22,5,"Y acaeció, morando Israel en aquella tierra, que fue Rubén y durmió con Bilha la concubina de su padre; lo cual llegó a entender Israel. Ahora bien, los hijos de Israel fueron doce:",H1980,Hc/Vqw3ms,and/ he went,,,,
9a10ddfde22265463b84,GEN 35:22,12,"Y acaeció, morando Israel en aquella tierra, que fue Rubén y durmió con Bilha la concubina de su padre; lo cual llegó a entender Israel. Ahora bien, los hijos de Israel fueron doce:",H8085,Hc/Vqw3ms,and/ he heard,,,,
d5672761ddfedccd9bb5,GEN 35:22,16,"Y acaeció, morando Israel en aquella tierra, que fue Rubén y durmió con Bilha la concubina de su padre; lo cual llegó a entender Israel. Ahora bien, los hijos de Israel fueron doce:",H3290,HNpm,Jacob,,,,
ed5e730c905a3284e5f7,GEN 35:26,12,"Y los hijos de Zilpa, sierva de Lea: Gad, y Aser. Estos fueron los hijos de Jacob, que le nacieron en Padan-aram.",H758,HNpl,Aram,,,,
0d173ab56c2d66b28b73,GEN 35:27,2,"Y vino Jacob a Isaac su padre a Mamre, a la ciudad de Arba, que es Hebrón, donde habitaron Abraham e Isaac.",H413,HR,to,,,,
d0a47d14c3869bcad209,GEN 35:27,7,"Y vino Jacob a Isaac su padre a Mamre, a la ciudad de Arba, que es Hebrón, donde habitaron Abraham e Isaac.",H7153,HNpl,<the> Arba,,,,
ae6dfd90f02a3fe3129e,GEN 35:27,11,"Y vino Jacob a Isaac su padre a Mamre, a la ciudad de Arba, que es Hebrón, donde habitaron Abraham e Isaac.",H1481,HVqp3ms,he had sojourned,,,,
022afb440bb5de95d892,GEN 35:27,12,"Y vino Jacob a Isaac su padre a Mamre, a la ciudad de Arba, que es Hebrón, donde habitaron Abraham e Isaac.",H8033,HD,there,,,,
3d498f9429e5d29b2b09,GEN 35:28,6,Y fueron los días de Isaac ciento ochenta años.,H8141,HNcfsa,year[s],,,,
0f93dfc1c55b01ac0d6c,GEN 35:29,10,"Y exhaló Isaac el espíritu, y murió, y fue recogido a sus pueblos, viejo y harto de días; y sepultáronlo Esaú y Jacob sus hijos.",H853,HTo/Sp3ms,<obj.>/ him,,,,
2a2f80826b3645383e51,GEN 36:2,2,"Esaú tomó sus mujeres de las hijas de Canaán: a Ada, hija de Elón Hetheo, y a Aholibama, hija de Ana, hija de Zibeón el Heveo;",H853,HTo,<obj.>,,,,
03ea13f8cc6b2b4e1bef,GEN 36:2,6,"Esaú tomó sus mujeres de las hijas de Canaán: a Ada, hija de Elón Hetheo, y a Aholibama, hija de Ana, hija de Zibeón el Heveo;",H853,HTo,<obj.>,,,,
f194483d7816adcb3a99,GEN 36:2,11,"Esaú tomó sus mujeres de las hijas de Canaán: a Ada, hija de Elón Hetheo, y a Aholibama, hija de Ana, hija de Zibeón el Heveo;",H853,HC/To,and/ <obj.>,,,,
61de195cc375118fd752,GEN 36:3,0,"Y a Basemath, hija de Ismael, hermana de Navaioth.",H853,HC/To,and/ <obj.>,,,,
efc8cadfd47ae228c607,GEN 36:4,3,Y Ada parió a Esaú a Eliphaz; y Basemath parió a Reuel.,H853,HTo,<obj.>,,,,
f7a9e2cb62ece86c360e,GEN 36:4,7,Y Ada parió a Esaú a Eliphaz; y Basemath parió a Reuel.,H853,HTo,<obj.>,,,,
cd20cb7a299b0538b821,GEN 36:5,2,"Y Aholibama parió a Jeús, y a Jaalam, y a Cora: estos son los hijos de Esaú, que le nacieron en la tierra de Canaán.",H853,HTo,<obj.>,,,,
1bab22d7012dff9da8d5,GEN 36:5,4,"Y Aholibama parió a Jeús, y a Jaalam, y a Cora: estos son los hijos de Esaú, que le nacieron en la tierra de Canaán.",H853,HC/To,and/ <obj.>,,,,
dec368c1b75b17152f8e,GEN 36:5,6,"Y Aholibama parió a Jeús, y a Jaalam, y a Cora: estos son los hijos de Esaú, que le nacieron en la tierra de Canaán.",H853,HC/To,and/ <obj.>,,,,
17f0c1d40cd770812c60,GEN 36:6,2,"Y Esaú tomó sus mujeres, y sus hijos, y sus hijas, y todas las personas de su casa, y sus ganados, y todas sus bestias, y toda su hacienda que había adquirido en la tierra de Canaán, y fuése a otra tierra de delante de Jacob su hermano:",H853,HTo,<obj.>,,,,
cc0c1fac308e324e6179,GEN 36:6,4,"Y Esaú tomó sus mujeres, y sus hijos, y sus hijas, y todas las personas de su casa, y sus ganados, y todas sus bestias, y toda su hacienda que había adquirido en la tierra de Canaán, y fuése a otra tierra de delante de Jacob su hermano:",H853,HC/To,and/ <obj.>,,,,
934f1071f0c44424f7f9,GEN 36:6,6,"Y Esaú tomó sus mujeres, y sus hijos, y sus hijas, y todas las personas de su casa, y sus ganados, y todas sus bestias, y toda su hacienda que había adquirido en la tierra de Canaán, y fuése a otra tierra de delante de Jacob su hermano:",H853,HC/To,and/ <obj.>,,,,
3f9b3b3b407a25e91ba5,GEN 36:6,8,"Y Esaú tomó sus mujeres, y sus hijos, y sus hijas, y todas las personas de su casa, y sus ganados, y todas sus bestias, y toda su hacienda que había adquirido en la tierra de Canaán, y fuése a otra tierra de delante de Jacob su hermano:",H853,HC/To,and/ <obj.>,,,,
6a599910fcac160e04f0,GEN 36:6,12,"Y Esaú tomó sus mujeres, y sus hijos, y sus hijas, y todas las personas de su casa, y sus ganados, y todas sus bestias, y toda su hacienda que había adquirido en la tierra de Canaán, y fuése a otra tierra de delante de Jacob su hermano:",H853,HC/To,and/ <obj.>,,,,
5c1512d9ec5433988150,GEN 36:6,14,"Y Esaú tomó sus mujeres, y sus hijos, y sus hijas, y todas las personas de su casa, y sus ganados, y todas sus bestias, y toda su hacienda que había adquirido en la tierra de Canaán, y fuése a otra tierra de delante de Jacob su hermano:",H853,HC/To,and/ <obj.>,,,,
f2775f4f2e6b04298f79,GEN 36:6,17,"Y Esaú tomó sus mujeres, y sus hijos, y sus hijas, y todas las personas de su casa, y sus ganados, y todas sus bestias, y toda su hacienda que había adquirido en la tierra de Canaán, y fuése a otra tierra de delante de Jacob su hermano:",H853,HC/To,and/ <obj.>,,,,
633113ef712a94a29848,GEN 36:6,19,"Y Esaú tomó sus mujeres, y sus hijos, y sus hijas, y todas las personas de su casa, y sus ganados, y todas sus bestias, y toda su hacienda que había adquirido en la tierra de Canaán, y fuése a otra tierra de delante de Jacob su hermano:",H7075,HNcmsc/Sp3ms,possession[s]/ his,,,,
1bfdf0f7e6d98862dd25,GEN 36:6,20,"Y Esaú tomó sus mujeres, y sus hijos, y sus hijas, y todas las personas de su casa, y sus ganados, y todas sus bestias, y toda su hacienda que había adquirido en la tierra de Canaán, y fuése a otra tierra de delante de Jacob su hermano:",H834,HTr,which,,,,
e335b1dc0ffb50ea0d98,GEN 36:6,24,"Y Esaú tomó sus mujeres, y sus hijos, y sus hijas, y todas las personas de su casa, y sus ganados, y todas sus bestias, y toda su hacienda que había adquirido en la tierra de Canaán, y fuése a otra tierra de delante de Jacob su hermano:",H1980,Hc/Vqw3ms,and/ he went,,,,
5895dd552aba10a9f84b,GEN 36:6,25,"Y Esaú tomó sus mujeres, y sus hijos, y sus hijas, y todas las personas de su casa, y sus ganados, y todas sus bestias, y toda su hacienda que había adquirido en la tierra de Canaán, y fuése a otra tierra de delante de Jacob su hermano:",H413,HR,to,,,,
a3e68dcbf729fbc81a49,GEN 36:6,27,"Y Esaú tomó sus mujeres, y sus hijos, y sus hijas, y todas las personas de su casa, y sus ganados, y todas sus bestias, y toda su hacienda que había adquirido en la tierra de Canaán, y fuése a otra tierra de delante de Jacob su hermano:",H6440,HR/Ncmpc,[away] from/ before,,,,
69c4033e0ad41ed01f14,GEN 36:7,9,"Porque la hacienda de ellos era grande, y no podían habitar juntos, ni la tierra de su peregrinación los podía sostener a causa de sus ganados.",H4033,HNcmpc/Sp3mp,sojournings/ their,,,,
0a15faa65b0d2ace31f2,GEN 36:7,11,"Porque la hacienda de ellos era grande, y no podían habitar juntos, ni la tierra de su peregrinación los podía sostener a causa de sus ganados.",H853,HTo/Sp3mp,<obj.>/ them,,,,
e8bf526a13f927d42e98,GEN 36:7,12,"Porque la hacienda de ellos era grande, y no podían habitar juntos, ni la tierra de su peregrinación los podía sostener a causa de sus ganados.",H6440,HR/Ncmpc,<from>/ because of,,,,
84b0ec381bcf4c07899a,GEN 36:8,5,Y Esaú habitó en el monte de Seir: Esaú es Edom.,H1931,HPp3ms,that,,,,
a3bbb62a84ef7b6d9172,GEN 36:12,7,"Y Timna fue concubina de Eliphaz, hijo de Esaú, la cual le parió a Amalec: estos son los hijos de Ada, mujer de Esaú.",H464,HR/Npm,to/ Eliphaz,,,,
2fad99b25c21b97a99f8,GEN 36:12,8,"Y Timna fue concubina de Eliphaz, hijo de Esaú, la cual le parió a Amalec: estos son los hijos de Ada, mujer de Esaú.",H853,HTo,<obj.>,,,,
23a75b8bd9cda3e2af68,GEN 36:13,7,"Y los hijos de Reuel fueron Nahath, Zera, Samma, y Mizza: estos son los hijos de Basemath, mujer de Esaú.",H428,HTm,these,,,,
f94d28718791c3ecc774,GEN 36:14,12,"Estos fueron los hijos de Aholibama, mujer de Esaú, hija de Ana, que fue hija de Zibeón: ella parió a Esaú a Jeús, Jaalam, y Cora.",H853,HTo,<obj.>,,,,
e2d12e2a58f57ad68e59,GEN 36:14,14,"Estos fueron los hijos de Aholibama, mujer de Esaú, hija de Ana, que fue hija de Zibeón: ella parió a Esaú a Jeús, Jaalam, y Cora.",H853,HC/To,and/ <obj.>,,,,
0635ef964debbb86b913,GEN 36:14,16,"Estos fueron los hijos de Aholibama, mujer de Esaú, hija de Ana, que fue hija de Zibeón: ella parió a Esaú a Jeús, Jaalam, y Cora.",H853,HC/To,and/ <obj.>,,,,
1c10fad8d5c90a743d95,GEN 36:15,10,"Estos son los duques de los hijos de Esaú. Hijos de Eliphaz, primogénito de Esaú: el duque Temán, el duque Omar, el duque Zepho, el duque Cenaz,",H441,HNcmsa,chief,,,,
ba89bf9feb561c34ec95,GEN 36:15,12,"Estos son los duques de los hijos de Esaú. Hijos de Eliphaz, primogénito de Esaú: el duque Temán, el duque Omar, el duque Zepho, el duque Cenaz,",H441,HNcmsa,chief,,,,
0ece5db69a7ea707fb79,GEN 36:15,14,"Estos son los duques de los hijos de Esaú. Hijos de Eliphaz, primogénito de Esaú: el duque Temán, el duque Omar, el duque Zepho, el duque Cenaz,",H441,HNcmsa,chief,,,,
3ca877e480918d925b4a,GEN 36:16,1,"El duque Cora, el duque Gatam, y el duque Amalec: estos son los duques de Eliphaz en la tierra de Edom; estos fueron los hijos de Ada.",H7141,HNpm,Korah,,,,
d2f30d00da70a81157c7,GEN 36:16,2,"El duque Cora, el duque Gatam, y el duque Amalec: estos son los duques de Eliphaz en la tierra de Edom; estos fueron los hijos de Ada.",H441,HNcmsa,chief,,,,
ca6ec6b3fa244a4e0c80,GEN 36:16,4,"El duque Cora, el duque Gatam, y el duque Amalec: estos son los duques de Eliphaz en la tierra de Edom; estos fueron los hijos de Ada.",H441,HNcmsa,chief,,,,
ae76bec33cd1fdf66fb3,GEN 36:16,7,"El duque Cora, el duque Gatam, y el duque Amalec: estos son los duques de Eliphaz en la tierra de Edom; estos fueron los hijos de Ada.",H441,HNcmpc,[were] [the] chiefs of,,,,
64c4f3ef5863eceba584,GEN 36:17,9,"Y estos son los hijos de Reuel, hijo de Esaú: el duque Nahath, el duque Zera, el duque Samma, y el duque Mizza: estos son los duques de la línea de Reuel en la tierra de Edom; estos hijos vienen de Basemath, mujer de Esaú.",H441,HNcmsa,chief,,,,
61e74df3477dab7e2a23,GEN 36:17,11,"Y estos son los hijos de Reuel, hijo de Esaú: el duque Nahath, el duque Zera, el duque Samma, y el duque Mizza: estos son los duques de la línea de Reuel en la tierra de Edom; estos hijos vienen de Basemath, mujer de Esaú.",H441,HNcmsa,chief,,,,
36bb70179f69950a2fc1,GEN 36:17,14,"Y estos son los hijos de Reuel, hijo de Esaú: el duque Nahath, el duque Zera, el duque Samma, y el duque Mizza: estos son los duques de la línea de Reuel en la tierra de Edom; estos hijos vienen de Basemath, mujer de Esaú.",H441,HNcmpc,[were] [the] chiefs of,,,,
7b9037860e35879fc5c3,GEN 36:18,7,"Y estos son los hijos de Aholibama, mujer de Esaú: el duque Jeús, el duque Jaalam, y el duque Cora: estos fueron los duques que salieron de Aholibama, mujer de Esaú, hija de Ana.",H441,HNcmsa,chief,,,,
dcdd0b34697546dc8e15,GEN 36:18,9,"Y estos son los hijos de Aholibama, mujer de Esaú: el duque Jeús, el duque Jaalam, y el duque Cora: estos fueron los duques que salieron de Aholibama, mujer de Esaú, hija de Ana.",H441,HNcmsa,chief,,,,
60fa73dc72a756d86529,GEN 36:18,12,"Y estos son los hijos de Aholibama, mujer de Esaú: el duque Jeús, el duque Jaalam, y el duque Cora: estos fueron los duques que salieron de Aholibama, mujer de Esaú, hija de Ana.",H441,HNcmpc,[were] [the] chiefs of,,,,
6aaa426165001c11e43e,GEN 36:19,3,"Estos, pues, son los hijos de Esaú, y sus duques: él es Edom.",H428,HC/Tm,and/ these,,,,
b3a32d3f1f19260f5990,GEN 36:22,4,Los hijos de Lotán fueron Hori y Hemán; y Timna fue hermana de Lotán.,H1967,HC/Npm,and/ Hemam,,,,
e6ff032291754647ed31,GEN 36:23,0,"Y los hijos de Sobal fueron Alván, Manahath, Ebal, Sepho, y Onán.",H428,HC/Tm,and/ these,,,,
f47bef8a01b9faee19a0,GEN 36:24,0,"Y los hijos de Zibeón fueron Aja, y Ana. Este Ana es el que descubrió los mulos en el desierto, cuando apacentaba los asnos de Zibeón su padre.",H428,HC/Tm,and/ these,,,,
c668ad96f7968088cfc2,GEN 36:24,9,"Y los hijos de Zibeón fueron Aja, y Ana. Este Ana es el que descubrió los mulos en el desierto, cuando apacentaba los asnos de Zibeón su padre.",H853,HTo,<obj.>,,,,
0635acac23658f32642d,GEN 36:24,10,"Y los hijos de Zibeón fueron Aja, y Ana. Este Ana es el que descubrió los mulos en el desierto, cuando apacentaba los asnos de Zibeón su padre.",H3222,HTd/Ncmpa,the/ hot springs,,,,
80823b281da83c483507,GEN 36:24,13,"Y los hijos de Zibeón fueron Aja, y Ana. Este Ana es el que descubrió los mulos en el desierto, cuando apacentaba los asnos de Zibeón su padre.",H853,HTo,<obj.>,,,,
206ef9b6df8f1f36c36f,GEN 36:25,0,"Los hijos de Ana fueron Disón, y Aholibama, hija de Ana.",H428,HC/Tm,and/ these,,,,
c48cf8755ea17769c590,GEN 36:29,3,"Y estos fueron los duques de los Horeos: el duque Lotán, el duque Sobal, el duque Zibeón, el duque Ana,",H441,HNcmsa,chief,,,,
907e010188589bd2a874,GEN 36:29,5,"Y estos fueron los duques de los Horeos: el duque Lotán, el duque Sobal, el duque Zibeón, el duque Ana,",H441,HNcmsa,chief,,,,
e100ca7e5de741e3da0a,GEN 36:29,7,"Y estos fueron los duques de los Horeos: el duque Lotán, el duque Sobal, el duque Zibeón, el duque Ana,",H441,HNcmsa,chief,,,,
93d49675d345807e736b,GEN 36:29,9,"Y estos fueron los duques de los Horeos: el duque Lotán, el duque Sobal, el duque Zibeón, el duque Ana,",H441,HNcmsa,chief,,,,
c9880492a36d65cda73e,GEN 36:30,4,"El duque Disón, el duque Ezer, el duque Disán: estos fueron los duques de los Horeos: por sus ducados en la tierra de Seir.",H441,HNcmsa,chief,,,,
12a0ba6bf15aaac24994,GEN 36:30,7,"El duque Disón, el duque Ezer, el duque Disán: estos fueron los duques de los Horeos: por sus ducados en la tierra de Seir.",H441,HNcmpc,[were] [the] chiefs of,,,,
0e13062029055f248e4e,GEN 36:30,9,"El duque Disón, el duque Ezer, el duque Disán: estos fueron los duques de los Horeos: por sus ducados en la tierra de Seir.",H441,HR/Ncmpc/Sp3mp,to/ chiefs/ their,,,,
cea76874d648ac88c0fd,GEN 36:35,8,"Y murió Husam, y reinó en su lugar Adad, hijo de Badad, el que hirió a Midián en el campo de Moab: y el nombre de su ciudad fue Avith.",H853,HTo,<obj.>,,,,
d838500ee8ae6a03b820,GEN 36:38,5,"Y murió Saúl, y en lugar suyo reinó Baalanán, hijo de Achbor.",H1177,HNpm,Hanan,,,,
d31483073a31a7afd1df,GEN 36:39,2,"Y murió Baalanán, hijo de Achbor, y reinó Adar en lugar suyo: y el nombre de su ciudad fue Pau; y el nombre de su mujer Meetabel, hija de Matred, hija de Mezaab.",H1177,HNpm,Hanan,,,,
853c3cf473cc6316e5a1,GEN 36:39,13,"Y murió Baalanán, hijo de Achbor, y reinó Adar en lugar suyo: y el nombre de su ciudad fue Pau; y el nombre de su mujer Meetabel, hija de Matred, hija de Mezaab.",H4105,HNpm,[was] Mehetabel,,,,
afbda0a8de193cd0f087,GEN 36:39,18,"Y murió Baalanán, hijo de Achbor, y reinó Adar en lugar suyo: y el nombre de su ciudad fue Pau; y el nombre de su mujer Meetabel, hija de Matred, hija de Mezaab.",H4314,HNpm,Zahab,,,,
516e3e30e768720a6d07,GEN 36:40,7,"Estos, pues, son los nombres de los duques de Esaú por sus linajes, por sus lugares, y sus nombres: el duque Timna, el duque Alva, el duque Jetheth,",H441,HNcmsa,chief,,,,
3978904d499634015898,GEN 36:40,9,"Estos, pues, son los nombres de los duques de Esaú por sus linajes, por sus lugares, y sus nombres: el duque Timna, el duque Alva, el duque Jetheth,",H441,HNcmsa,chief,,,,
034075550e62494a6d94,GEN 36:40,11,"Estos, pues, son los nombres de los duques de Esaú por sus linajes, por sus lugares, y sus nombres: el duque Timna, el duque Alva, el duque Jetheth,",H441,HNcmsa,chief,,,,
75cc6bccaabc215aea09,GEN 36:41,0,"El duque Aholibama, el duque Ela, el duque Pinón,",H441,HNcmsa,chief,,,,
8f365e0c99fbbeb36e93,GEN 36:41,2,"El duque Aholibama, el duque Ela, el duque Pinón,",H441,HNcmsa,chief,,,,
e66ee46595f9f5ad3798,GEN 36:41,4,"El duque Aholibama, el duque Ela, el duque Pinón,",H441,HNcmsa,chief,,,,
9ccb1ad093c495bdec94,GEN 36:42,0,"El duque Cenaz, el duque Temán, el duque Mibzar,",H441,HNcmsa,chief,,,,
639005632f3cd0c855c9,GEN 36:42,2,"El duque Cenaz, el duque Temán, el duque Mibzar,",H441,HNcmsa,chief,,,,
3044389ec970c0241684,GEN 36:42,4,"El duque Cenaz, el duque Temán, el duque Mibzar,",H441,HNcmsa,chief,,,,
303934527b3ef3f5431c,GEN 36:43,5,"El duque Magdiel, y el duque Hiram. Estos fueron los duques de Edom por sus habitaciones en la tierra de su posesión. Edom es el mismo Esaú, padre de los Idumeos.",H441,HNcmpc,[were] [the] chiefs of,,,,
49ef8be3b022278e5a43,GEN 37:2,0,"Estas fueron las generaciones de Jacob. José, siendo de edad de diez y siete años apacentaba las ovejas con sus hermanos; y el joven estaba con los hijos de Bilha, y con los hijos de Zilpa, mujeres de su padre: y noticiaba José a su padre la mala fama de ellos.",H428,HTm,these,,,,
38ca2f0d2abd96a44488,GEN 37:2,1,"Estas fueron las generaciones de Jacob. José, siendo de edad de diez y siete años apacentaba las ovejas con sus hermanos; y el joven estaba con los hijos de Bilha, y con los hijos de Zilpa, mujeres de su padre: y noticiaba José a su padre la mala fama de ellos.",H8435,HNcfpc,[are] [the] accounts of,,,,
f40ca955cc5eadf2f282,GEN 37:2,6,"Estas fueron las generaciones de Jacob. José, siendo de edad de diez y siete años apacentaba las ovejas con sus hermanos; y el joven estaba con los hijos de Bilha, y con los hijos de Zilpa, mujeres de su padre: y noticiaba José a su padre la mala fama de ellos.",H6240,HAcbsa,teen,,,,
0c8a7f07c594bfbfd59d,GEN 37:2,8,"Estas fueron las generaciones de Jacob. José, siendo de edad de diez y siete años apacentaba las ovejas con sus hermanos; y el joven estaba con los hijos de Bilha, y con los hijos de Zilpa, mujeres de su padre: y noticiaba José a su padre la mala fama de ellos.",H1961,HVqp3ms,he was,,,,
09c0cb606dd292fcf19e,GEN 37:2,9,"Estas fueron las generaciones de Jacob. José, siendo de edad de diez y siete años apacentaba las ovejas con sus hermanos; y el joven estaba con los hijos de Bilha, y con los hijos de Zilpa, mujeres de su padre: y noticiaba José a su padre la mala fama de ellos.",H7462,HVqrmsa,shepherding,,,,
effa311af2dcc79f869f,GEN 37:2,23,"Estas fueron las generaciones de Jacob. José, siendo de edad de diez y siete años apacentaba las ovejas con sus hermanos; y el joven estaba con los hijos de Bilha, y con los hijos de Zilpa, mujeres de su padre: y noticiaba José a su padre la mala fama de ellos.",H935,Hc/Vhw3ms,and/ he brought,,,,
d7acbb9024022abfe84d,GEN 37:2,25,"Estas fueron las generaciones de Jacob. José, siendo de edad de diez y siete años apacentaba las ovejas con sus hermanos; y el joven estaba con los hijos de Bilha, y con los hijos de Zilpa, mujeres de su padre: y noticiaba José a su padre la mala fama de ellos.",H853,HTo,<obj.>,,,,
c89fcab289b7df86c25b,GEN 37:2,28,"Estas fueron las generaciones de Jacob. José, siendo de edad de diez y siete años apacentaba las ovejas con sus hermanos; y el joven estaba con los hijos de Bilha, y con los hijos de Zilpa, mujeres de su padre: y noticiaba José a su padre la mala fama de ellos.",H413,HR,to,,,,
44c76fef7ac03ce15d19,GEN 37:3,2,"Y amaba Israel a José más que a todos sus hijos, porque le había tenido en su vejez: y le hizo una ropa de diversos colores.",H853,HTo,<obj.>,,,,
4492bfde1994db865d3a,GEN 37:3,11,"Y amaba Israel a José más que a todos sus hijos, porque le había tenido en su vejez: y le hizo una ropa de diversos colores.",H3801,HNcfsc,a long garment of,,,,
d018a7a684bef312f3ee,GEN 37:4,3,"Y viendo sus hermanos que su padre lo amaba más que a todos sus hermanos, aborrecíanle, y no le podían hablar pacíficamente.",H853,HTo/Sp3ms,<obj.>/ him,,,,
e57617f64dcbbeeed484,GEN 37:4,8,"Y viendo sus hermanos que su padre lo amaba más que a todos sus hermanos, aborrecíanle, y no le podían hablar pacíficamente.",H8130,Hc/Vqw3mp,and/ they hated,,,,
a1df869adf00dc68ebdd,GEN 37:4,9,"Y viendo sus hermanos que su padre lo amaba más que a todos sus hermanos, aborrecíanle, y no le podían hablar pacíficamente.",H853,HTo/Sp3ms,<obj.>/ him,,,,
aca180ea6bfa9cfdaaa0,GEN 37:4,12,"Y viendo sus hermanos que su padre lo amaba más que a todos sus hermanos, aborrecíanle, y no le podían hablar pacíficamente.",H1696,HVpcc/Sp3ms,to speak to/ him,,,,
03b58a4364fa7f9b3c4c,GEN 37:5,5,"Y soñó José un sueño, y contólo a sus hermanos; y ellos vinieron a aborrecerle más todavía.",H3254,Hc/Vhw3mp,and/ they increased,,,,
f154cb26f53c76946103,GEN 37:5,8,"Y soñó José un sueño, y contólo a sus hermanos; y ellos vinieron a aborrecerle más todavía.",H853,HTo/Sp3ms,<obj.>/ him,,,,
c6f20ca1ee0f01d29baa,GEN 37:6,2,Y él les dijo: Oigan ahora este sueño que he soñado:,H8085,HVqv2mp,hear,,,,
c91c84419e502e1965a3,GEN 37:7,9,"He aquí que atábamos manojos en medio del campo, y he aquí que mi manojo se levantaba, y estaba derecho, y que sus manojos estaban alrededor, y se inclinaban al mío.",H1571,HC/D,and/ also,,,,
5dc7b603169e39cdbcc7,GEN 37:7,11,"He aquí que atábamos manojos en medio del campo, y he aquí que mi manojo se levantaba, y estaba derecho, y que sus manojos estaban alrededor, y se inclinaban al mío.",H2009,HC/Tj,and/ there!,,,,
38700787df0ce18f3cc4,GEN 37:7,15,"He aquí que atábamos manojos en medio del campo, y he aquí que mi manojo se levantaba, y estaba derecho, y que sus manojos estaban alrededor, y se inclinaban al mío.",H485,HR/Ncfsc/Sp1bs,to/ sheaf/ my,,,,
bf585cf28c5782dc40f8,GEN 37:8,5,"Y respondiéronle sus hermanos: ¿Has de reinar tú sobre nosotros, o te has de enseñorear sobre nosotros? Y le aborrecieron aún más a causa de sus sueños y de sus palabras.",H518,HTc,or?,,,,
e3d36140de929a1e2450,GEN 37:8,11,"Y respondiéronle sus hermanos: ¿Has de reinar tú sobre nosotros, o te has de enseñorear sobre nosotros? Y le aborrecieron aún más a causa de sus sueños y de sus palabras.",H853,HTo/Sp3ms,<obj.>/ him,,,,
4394d22835232f0aec92,GEN 37:9,5,"Y soñó aún otro sueño, y contólo a sus hermanos, diciendo: He aquí que he soñado otro sueño, y he aquí que el sol y la luna y once estrellas se inclinaban a mí.",H853,HTo/Sp3ms,<obj.>/ it,,,,
2b6051364a71efce3391,GEN 37:10,1,"Y contólo a su padre y a sus hermanos: y su padre le reprendió, y díjole: ¿Qué sueño es este que soñaste? ¿Hemos de venir yo y tu madre, y tus hermanos, a inclinarnos a ti a tierra?",H413,HR,to,,,,
226fe474eac07cf92932,GEN 37:10,3,"Y contólo a su padre y a sus hermanos: y su padre le reprendió, y díjole: ¿Qué sueño es este que soñaste? ¿Hemos de venir yo y tu madre, y tus hermanos, a inclinarnos a ti a tierra?",H413,HC/R,and/ to,,,,
fd38b112669bccfcf986,GEN 37:11,3,"Y sus hermanos le tenían envidia, pero su padre paraba la consideración en ello.",H8104,HVqp3ms,he kept,,,,
17639b2d511525ce2a54,GEN 37:11,4,"Y sus hermanos le tenían envidia, pero su padre paraba la consideración en ello.",H853,HTo,<obj.>,,,,
9b94407e2d13d3f83e52,GEN 37:11,5,"Y sus hermanos le tenían envidia, pero su padre paraba la consideración en ello.",H1697,HTd/Ncmsa,the/ matter,,,,
d62428ee7f5c22d24581,GEN 37:12,0,Y fueron sus hermanos a apacentar las ovejas de su padre en Sichêm.,H1980,Hc/Vqw3mp,and/ they went,,,,
74718e7bb30156b85b2b,GEN 37:12,3,Y fueron sus hermanos a apacentar las ovejas de su padre en Sichêm.,H853,HTo,<obj.>,,,,
7b0645837f7d7df27201,GEN 37:13,2,"Y dijo Israel a José: Tus hermanos apacientan las ovejas en Sichêm: ven, y te enviaré a ellos. Y él respondió: Heme aquí.",H413,HR,to,,,,
bf7d68f5585ab6b1ca03,GEN 37:13,4,"Y dijo Israel a José: Tus hermanos apacientan las ovejas en Sichêm: ven, y te enviaré a ellos. Y él respondió: Heme aquí.",H3808,HTi/Tn,¿/ not,,,,
191259ffe3d54c9dfb28,GEN 37:13,8,"Y dijo Israel a José: Tus hermanos apacientan las ovejas en Sichêm: ven, y te enviaré a ellos. Y él respondió: Heme aquí.",H1980,HVqv2ms/Sh,come/ !,,,,
9910e47d1187109e732a,GEN 37:13,10,"Y dijo Israel a José: Tus hermanos apacientan las ovejas en Sichêm: ven, y te enviaré a ellos. Y él respondió: Heme aquí.",H413,HRd/Sp3mp,to/ them,,,,
3abc9fff455ad1979919,GEN 37:14,1,"Y él le dijo: Ve ahora, mira cómo están tus hermanos y cómo están las ovejas, y tráeme la respuesta. Y enviólo del valle de Hebrón, y llegó a Sichêm.",H1980,HVqv2ms,go,,,,
de81a8aad8faa9420488,GEN 37:14,4,"Y él le dijo: Ve ahora, mira cómo están tus hermanos y cómo están las ovejas, y tráeme la respuesta. Y enviólo del valle de Hebrón, y llegó a Sichêm.",H853,HTo,<obj.>,,,,
6455a14fb6b511af9dfa,GEN 37:14,7,"Y él le dijo: Ve ahora, mira cómo están tus hermanos y cómo están las ovejas, y tráeme la respuesta. Y enviólo del valle de Hebrón, y llegó a Sichêm.",H853,HC/To,and/ <obj.>,,,,
cdcb4b295695da657093,GEN 37:15,2,"Y hallólo un hombre, andando él perdido por el campo, y preguntóle aquel hombre, diciendo: ¿Qué buscas?",H2009,HC/Tj,and/ there!,,,,
2e377ac986a0a9ae4d30,GEN 37:16,1,Y él respondió: Busco a mis hermanos: ruégote que me muestres dónde pastan.,H853,HTo,<obj.>,,,,
1adf005c20896c6432f6,GEN 37:16,3,Y él respondió: Busco a mis hermanos: ruégote que me muestres dónde pastan.,H595,HPp1bs,I,,,,
df86eed2c6db3ef9c2be,GEN 37:16,8,Y él respondió: Busco a mis hermanos: ruégote que me muestres dónde pastan.,H1992,HPp3mp,[are] they,,,,
f1aedc2d2b39544d8dc0,GEN 37:17,4,"Y aquel hombre respondió: Ya se han ido de aquí; y yo les oí decir: Vamos a Dothán. Entonces José fue tras de sus hermanos, y hallólos en Dothán.",H3588,HTc,for,,,,
08459fda9f78fd52618b,GEN 37:17,7,"Y aquel hombre respondió: Ya se han ido de aquí; y yo les oí decir: Vamos a Dothán. Entonces José fue tras de sus hermanos, y hallólos en Dothán.",H1980,HVqc1cp,let us go,,,,
9373cd5d11c77b3b2245,GEN 37:17,9,"Y aquel hombre respondió: Ya se han ido de aquí; y yo les oí decir: Vamos a Dothán. Entonces José fue tras de sus hermanos, y hallólos en Dothán.",H1980,Hc/Vqw3ms,and/ he went,,,,
cdd84f5fe360d1ae07f0,GEN 37:18,1,"Y como ellos lo vieron de lejos, antes que cerca de ellos llegara, proyectaron contra él para matarle.",H853,HTo/Sp3ms,<obj.>/ him,,,,
96115f22948192c3266c,GEN 37:18,3,"Y como ellos lo vieron de lejos, antes que cerca de ellos llegara, proyectaron contra él para matarle.",H2962,HC/R/Acbsa,and/ just/ before,,,,
8871fa9c6821199492b1,GEN 37:18,7,"Y como ellos lo vieron de lejos, antes que cerca de ellos llegara, proyectaron contra él para matarle.",H853,HTo/Sp3ms,<obj.>/ him,,,,
2b99b67205f26e82d1e2,GEN 37:19,3,Y dijeron el uno al otro: He aquí viene el soñador;,H251,HNcmsc/Sp3ms,brother/ his,,,,
7cea436855c5bf158c39,GEN 37:19,7,Y dijeron el uno al otro: He aquí viene el soñador;,H1976,HTm,this,,,,
b609cb0ea01a18b2af16,GEN 37:20,1,"Ahora pues, vengan, y matémoslo y echémosle en una cisterna, y diremos: Alguna mala bestia le devoró: y veremos qué serán sus sueños.",H1980,HVqv2mp,come,,,,
a4597c30b372c4ca43b9,GEN 37:20,2,"Ahora pues, vengan, y matémoslo y echémosle en una cisterna, y diremos: Alguna mala bestia le devoró: y veremos qué serán sus sueños.",H2026,HC/Vqu1cp/Sp3ms,and/ let us kill/ him,,,,
494f917a319fe7867b7d,GEN 37:20,12,"Ahora pues, vengan, y matémoslo y echémosle en una cisterna, y diremos: Alguna mala bestia le devoró: y veremos qué serán sus sueños.",H1961,HVqi3mp,will <they> be,,,,
b0639abd5c47de88cf31,GEN 37:21,7,"Y como Rubén oyó esto, librólo de sus manos, y dijo: No lo matemos.",H5315,HNcfsa,life,,,,
57bd0626c48f83b8fd73,GEN 37:22,4,"Y díjoles Rubén: No derramen sangre; échenlo en esta cisterna que está en el desierto, y no pongan mano en él; por librarlo así de sus manos, para hacerlo volver a su padre.",H8210,HVqj2mp,you shed,,,,
e7ab0a536d1e6e8d6e6a,GEN 37:22,6,"Y díjoles Rubén: No derramen sangre; échenlo en esta cisterna que está en el desierto, y no pongan mano en él; por librarlo así de sus manos, para hacerlo volver a su padre.",H7993,HVhv2mp,throw,,,,
fe522db107a49e2f7ebf,GEN 37:22,7,"Y díjoles Rubén: No derramen sangre; échenlo en esta cisterna que está en el desierto, y no pongan mano en él; por librarlo así de sus manos, para hacerlo volver a su padre.",H853,HTo/Sp3ms,<obj.>/ him,,,,
dc0276ca1d29bccc1cd4,GEN 37:22,15,"Y díjoles Rubén: No derramen sangre; échenlo en esta cisterna que está en el desierto, y no pongan mano en él; por librarlo así de sus manos, para hacerlo volver a su padre.",H7971,HVqj2mp,you stretch out,,,,
fefb0a57f2eb90a58872,GEN 37:22,16,"Y díjoles Rubén: No derramen sangre; échenlo en esta cisterna que está en el desierto, y no pongan mano en él; por librarlo así de sus manos, para hacerlo volver a su padre.",H4616,HTc,so as,,,,
37369ba0c351e981ee25,GEN 37:22,18,"Y díjoles Rubén: No derramen sangre; échenlo en esta cisterna que está en el desierto, y no pongan mano en él; por librarlo así de sus manos, para hacerlo volver a su padre.",H853,HTo/Sp3ms,<obj.>/ him,,,,
3c0936a8c6970c96f8a0,GEN 37:23,4,"Y sucedió que, cuando llegó José a sus hermanos, ellos hicieron desnudar a José su ropa, la ropa de colores que tenía sobre sí;",H413,HR,to,,,,
3e9be652b4788e8bd944,GEN 37:23,6,"Y sucedió que, cuando llegó José a sus hermanos, ellos hicieron desnudar a José su ropa, la ropa de colores que tenía sobre sí;",H6584,Hc/Vhw3mp,and/ they stripped,,,,
5339d1f3cab4c3c8d27a,GEN 37:23,7,"Y sucedió que, cuando llegó José a sus hermanos, ellos hicieron desnudar a José su ropa, la ropa de colores que tenía sobre sí;",H853,HTo,<obj.>,,,,
05a819541fd852a1c132,GEN 37:23,9,"Y sucedió que, cuando llegó José a sus hermanos, ellos hicieron desnudar a José su ropa, la ropa de colores que tenía sobre sí;",H853,HTo,<obj.>,,,,
8815942726c641553612,GEN 37:23,10,"Y sucedió que, cuando llegó José a sus hermanos, ellos hicieron desnudar a José su ropa, la ropa de colores que tenía sobre sí;",H3801,HNcfsc/Sp3ms,long garment/ his,,,,
6beedb5153fc3c594a0e,GEN 37:23,11,"Y sucedió que, cuando llegó José a sus hermanos, ellos hicieron desnudar a José su ropa, la ropa de colores que tenía sobre sí;",H853,HTo,<obj.>,,,,
7ef473bbf5fc50c44f07,GEN 37:23,12,"Y sucedió que, cuando llegó José a sus hermanos, ellos hicieron desnudar a José su ropa, la ropa de colores que tenía sobre sí;",H3801,HNcfsc,[the] long garment of,,,,
207721f39bc9420cc218,GEN 37:24,2,"Y tomáronlo, y echáronle en la cisterna; pero la cisterna estaba vacía, no había en ella agua.",H853,HTo/Sp3ms,<obj.>/ him,,,,
7f7e2dfa97984fe7bac7,GEN 37:26,2,Entonces Judá dijo a sus hermanos: ¿Qué provecho el que matemos a nuestro hermano y encubramos su muerte?,H413,HR,to,,,,
cd5b9949c1be993cbf52,GEN 37:26,8,Entonces Judá dijo a sus hermanos: ¿Qué provecho el que matemos a nuestro hermano y encubramos su muerte?,H853,HTo,<obj.>,,,,
7375fd045cae0f37b090,GEN 37:26,11,Entonces Judá dijo a sus hermanos: ¿Qué provecho el que matemos a nuestro hermano y encubramos su muerte?,H853,HTo,<obj.>,,,,
9e5cff45461d861d6c13,GEN 37:27,0,"Vengan, y vendámosle a los Ismaelitas, y no sea nuestra mano sobre él; que nuestro hermano es nuestra carne. Y sus hermanos acordaron con él.",H1980,HVqv2mp,come,,,,
c67df000b290d638007d,GEN 37:27,6,"Vengan, y vendámosle a los Ismaelitas, y no sea nuestra mano sobre él; que nuestro hermano es nuestra carne. Y sus hermanos acordaron con él.",H3588,HTc,for,,,,
ae7b82bbb36241ecf3d0,GEN 37:28,6,"Y como pasaban los Midianitas mercaderes, sacaron ellos a José de la cisterna, y trajéronle arriba, y le vendieron a los Ismaelitas por veinte piezas de plata. Y llevaron a José a Egipto.",H853,HTo,<obj.>,,,,
c679f57bbd8d731f3bc5,GEN 37:28,11,"Y como pasaban los Midianitas mercaderes, sacaron ellos a José de la cisterna, y trajéronle arriba, y le vendieron a los Ismaelitas por veinte piezas de plata. Y llevaron a José a Egipto.",H853,HTo,<obj.>,,,,
ab9ba07a9464da9fa0a8,GEN 37:28,17,"Y como pasaban los Midianitas mercaderes, sacaron ellos a José de la cisterna, y trajéronle arriba, y le vendieron a los Ismaelitas por veinte piezas de plata. Y llevaron a José a Egipto.",H853,HTo,<obj.>,,,,
4f831b5008e076d6ec69,GEN 37:28,18,"Y como pasaban los Midianitas mercaderes, sacaron ellos a José de la cisterna, y trajéronle arriba, y le vendieron a los Ismaelitas por veinte piezas de plata. Y llevaron a José a Egipto.",H3130,HNpm,Joseph,,,,
6d33bf14721e86c4e3e3,GEN 37:29,2,"Y Rubén volvió a la cisterna, y no halló a José dentro, y rasgó sus vestidos.",H413,HR,to,,,,
38176851ee96952a395a,GEN 37:29,4,"Y Rubén volvió a la cisterna, y no halló a José dentro, y rasgó sus vestidos.",H2009,HC/Tj,and/ there!,,,,
9f9527d2f70106fe3e28,GEN 37:29,7,"Y Rubén volvió a la cisterna, y no halló a José dentro, y rasgó sus vestidos.",H953,HRd/Ncmsa,[was] in the/ pit,,,,
1fca9ebf665c4607d926,GEN 37:29,9,"Y Rubén volvió a la cisterna, y no halló a José dentro, y rasgó sus vestidos.",H853,HTo,<obj.>,,,,
9f4fb8881234342de1d6,GEN 37:30,1,"Y tornó a sus hermanos, y dijo: El mozo no parece; y yo, ¿adónde iré yo?",H413,HR,to,,,,
091136dcfec3cb54437f,GEN 37:31,1,"Entonces tomaron ellos la ropa de José, y degollaron un cabrito de las cabras, y tiñeron la ropa con la sangre;",H853,HTo,<obj.>,,,,
89a892f91520176fc95f,GEN 37:31,2,"Entonces tomaron ellos la ropa de José, y degollaron un cabrito de las cabras, y tiñeron la ropa con la sangre;",H3801,HNcfsc,[the] long garment of,,,,
12777c88cafc7ee8cc38,GEN 37:31,8,"Entonces tomaron ellos la ropa de José, y degollaron un cabrito de las cabras, y tiñeron la ropa con la sangre;",H853,HTo,<obj.>,,,,
210916b21779022a4e37,GEN 37:31,9,"Entonces tomaron ellos la ropa de José, y degollaron un cabrito de las cabras, y tiñeron la ropa con la sangre;",H3801,HTd/Ncfsa,the/ long garment,,,,
194a484ed6d6627bf698,GEN 37:32,1,"Y enviaron la ropa de colores y trajéronla a su padre, y dijeron: Esta hemos hallado, reconoce ahora si es o no la ropa de tu hijo.",H853,HTo,<obj.>,,,,
c9bce42213501737f252,GEN 37:32,5,"Y enviaron la ropa de colores y trajéronla a su padre, y dijeron: Esta hemos hallado, reconoce ahora si es o no la ropa de tu hijo.",H413,HR,to,,,,
d78c2024fab2fc419453,GEN 37:32,8,"Y enviaron la ropa de colores y trajéronla a su padre, y dijeron: Esta hemos hallado, reconoce ahora si es o no la ropa de tu hijo.",H2063,HTm,this,,,,
16113fc1bbe7dd7305d4,GEN 37:32,12,"Y enviaron la ropa de colores y trajéronla a su padre, y dijeron: Esta hemos hallado, reconoce ahora si es o no la ropa de tu hijo.",H3801,HTi/Ncfsc,¿/ [the] long garment of,,,,
983f9b72ef3108bf908b,GEN 37:32,14,"Y enviaron la ropa de colores y trajéronla a su padre, y dijeron: Esta hemos hallado, reconoce ahora si es o no la ropa de tu hijo.",H1931,HPp3fs,[is] it,,,,
442d3ace5d6e280ad7f9,GEN 37:33,8,"Y él la conoció, y dijo: La ropa de mi hijo es; alguna mala bestia le devoró; José ha sido despedazado.",H2963,HVPp3ms,he has been torn to pieces,,,,
cbbd3dfb8df61d603f93,GEN 37:35,9,"Y levantáronse todos sus hijos y todas sus hijas para consolarlo; pero él no quiso tomar consolación, y dijo: Porque yo tengo de descender a mi hijo enlutado hasta la sepultura. Y llorólo su padre.",H3588,HTc,that,,,,
1283bd67a3a85f005e59,GEN 37:35,11,"Y levantáronse todos sus hijos y todas sus hijas para consolarlo; pero él no quiso tomar consolación, y dijo: Porque yo tengo de descender a mi hijo enlutado hasta la sepultura. Y llorólo su padre.",H413,HR,to,,,,
a485877b414a960d3a96,GEN 37:35,16,"Y levantáronse todos sus hijos y todas sus hijas para consolarlo; pero él no quiso tomar consolación, y dijo: Porque yo tengo de descender a mi hijo enlutado hasta la sepultura. Y llorólo su padre.",H853,HTo/Sp3ms,<obj.>/ him,,,,
848dfdffcb2f0031b566,GEN 37:36,2,"Y los Midianitas lo vendieron en Egipto a Potiphar, eunuco de Faraón, capitán de los de la guardia.",H853,HTo/Sp3ms,<obj.>/ him,,,,
af9040eebfaadde11d22,GEN 38:1,5,"Y aconteció en aquel tiempo, que Judá descendió de con sus hermanos, y fuése a un varón Adullamita, que se llamaba Hira.",H854,HR/R,from/ with,,,,
a3078cf7c29071bc784e,GEN 38:1,8,"Y aconteció en aquel tiempo, que Judá descendió de con sus hermanos, y fuése a un varón Adullamita, que se llamaba Hira.",H5704,HR,to,,,,
fbd1681ab03bc38d2dc0,GEN 38:2,6,"Y vio allí Judá la hija de un hombre Cananeo, el cual se llamaba Súa; y tomóla, y entró a ella:",H8034,HC/Ncmsc/Sp3ms,and/ name/ his,,,,
86532370c03d5bb7b19a,GEN 38:3,4,"La cual concibió, y parió un hijo; y llamó su nombre Er.",H853,HTo,<obj.>,,,,
a2efbfdad67672268e75,GEN 38:4,5,"Y concibió otra vez, y parió un hijo, y llamó su nombre Onán.",H853,HTo,<obj.>,,,,
457f00ce94d7ad8014a5,GEN 38:5,1,"Y volvió a concebir, y parió un hijo, y llamó su nombre Sela. Y estaba en Chezib cuando lo parió.",H5750,HAcmsa,again,,,,
3b0164dc237ab962a476,GEN 38:5,5,"Y volvió a concebir, y parió un hijo, y llamó su nombre Sela. Y estaba en Chezib cuando lo parió.",H853,HTo,<obj.>,,,,
286587e38b0dfaffeac3,GEN 38:5,11,"Y volvió a concebir, y parió un hijo, y llamó su nombre Sela. Y estaba en Chezib cuando lo parió.",H853,HTo/Sp3ms,<obj.>/ him,,,,
00a33daeee83e2504a09,GEN 38:8,3,"Entonces Judá dijo a Onán: Entra a la mujer de tu hermano, y despósate con ella, y suscita simiente a tu hermano.",H935,HVqv2ms,go,,,,
325ba2fc2994cac7e65c,GEN 38:8,4,"Entonces Judá dijo a Onán: Entra a la mujer de tu hermano, y despósate con ella, y suscita simiente a tu hermano.",H413,HR,into,,,,
faebf76eb779c645c407,GEN 38:8,8,"Entonces Judá dijo a Onán: Entra a la mujer de tu hermano, y despósate con ella, y suscita simiente a tu hermano.",H853,HTo/Sp3fs,<obj.>/ her,,,,
a2d97df4f17e40600908,GEN 38:9,9,"Y sabiendo Onán que la simiente no había de ser suya, sucedía que cuando entraba a la mujer de su hermano vertía en tierra, por no dar simiente a su hermano.",H413,HR,into,,,,
6d0421b6e07836463857,GEN 38:9,14,"Y sabiendo Onán que la simiente no había de ser suya, sucedía que cuando entraba a la mujer de su hermano vertía en tierra, por no dar simiente a su hermano.",H1115,HR/Ncbsa,to/ not,,,,
69b7365ed2a3a61204f7,GEN 38:10,7,"Y desagradó en ojos de Jehová lo que hacía, y también quitó a él la vida.",H853,HTo/Sp3ms,<obj.>/ him,,,,
92e83b94ece66c00b37b,GEN 38:11,19,"Y Judá dijo a Thamar su nuera: Estáte viuda en casa de tu padre, hasta que crezca Sela mi hijo; porque dijo: Que quizá no muera él también como sus hermanos. Y fuése Thamar, y estúvose en casa de su padre.",H1980,Hc/Vqw3fs,and/ she went,,,,
bfc65757cd60257d974e,GEN 38:12,10,"Y pasaron muchos días, y murió la hija de Súa, mujer de Judá; y Judá se consoló, y subía a los trasquiladores de sus ovejas a Timnath, él y su amigo Hira el Adullamita.",H5921,HR,to,,,,
1a67936e848452e5cf85,GEN 38:14,9,"Entonces quitó ella de sobre sí los vestidos de su viudez, y cubrióse con un velo, y arrebozóse, y se puso a la puerta de las aguas que están junto al camino de Timnath; porque veía que había crecido Sela, y ella no era dada a él por mujer.",H5879,HNpl,Enaim,,,,
fcfc877bf28b08dc8526,GEN 38:14,10,"Entonces quitó ella de sobre sí los vestidos de su viudez, y cubrióse con un velo, y arrebozóse, y se puso a la puerta de las aguas que están junto al camino de Timnath; porque veía que había crecido Sela, y ella no era dada a él por mujer.",H834,HTr,which,,,,
cb641b6d1d44fccff8a9,GEN 38:14,11,"Entonces quitó ella de sobre sí los vestidos de su viudez, y cubrióse con un velo, y arrebozóse, y se puso a la puerta de las aguas que están junto al camino de Timnath; porque veía que había crecido Sela, y ella no era dada a él por mujer.",H5921,HR,[is] on,,,,
a8ed4ebf843171fa5f91,GEN 38:16,5,"Y apartóse del camino hacia ella, y díjole: Ea, pues, ahora entraré a ti; porque no sabía que era su nuera; y ella dijo: ¿Qué me has de dar, si entrares a mí?",H3051,HVqv2ms/Sh,give/ !,,,,
5f0b2202d52b384461da,GEN 38:16,8,"Y apartóse del camino hacia ella, y díjole: Ea, pues, ahora entraré a ti; porque no sabía que era su nuera; y ella dijo: ¿Qué me has de dar, si entrares a mí?",H413,HRd/Sp2fs,into/ you,,,,
968023acc193513c5a41,GEN 38:16,19,"Y apartóse del camino hacia ella, y díjole: Ea, pues, ahora entraré a ti; porque no sabía que era su nuera; y ella dijo: ¿Qué me has de dar, si entrares a mí?",H935,HVqi2ms,you will come,,,,
f61528afa4cb80a94c7b,GEN 38:16,20,"Y apartóse del camino hacia ella, y díjole: Ea, pues, ahora entraré a ti; porque no sabía que era su nuera; y ella dijo: ¿Qué me has de dar, si entrares a mí?",H413,HRd/Sp1bs,into/ me,,,,
e6d7f0605182e8a227d8,GEN 38:17,8,El respondió: Yo te enviaré del ganado un cabrito de las cabras. Y ella dijo: Hasme de dar prenda hasta que lo envíes.,H518,HTc,if,,,,
59060aa3160d5ad7f768,GEN 38:17,9,El respondió: Yo te enviaré del ganado un cabrito de las cabras. Y ella dijo: Hasme de dar prenda hasta que lo envíes.,H5414,HVqi2ms,you will give,,,,
f3f56bdcfcc89f319dd3,GEN 38:18,9,"Entonces él dijo: ¿Qué prenda te daré? Ella respondió: Tu anillo, y tu manto, y tu bordón que tienes en tu mano. Y él se los dio, y entró a ella, la cual concibió de él.",H834,HTr,which,,,,
e381c70f559fc0097ce6,GEN 38:18,12,"Entonces él dijo: ¿Qué prenda te daré? Ella respondió: Tu anillo, y tu manto, y tu bordón que tienes en tu mano. Y él se los dio, y entró a ella, la cual concibió de él.",H935,Hc/Vqw3ms,and/ he went,,,,
9805de17d3692a3f1d62,GEN 38:18,13,"Entonces él dijo: ¿Qué prenda te daré? Ella respondió: Tu anillo, y tu manto, y tu bordón que tienes en tu mano. Y él se los dio, y entró a ella, la cual concibió de él.",H413,HRd/Sp3fs,into/ her,,,,
b50c9cbc094792871a76,GEN 38:19,1,"Y levantóse, y fuése: y quitóse el velo de sobre sí, y vistióse las ropas de su viudez.",H1980,Hc/Vqw3fs,and/ she went,,,,
e9f180968bc494b40c78,GEN 38:20,2,"Y Judá envió el cabrito de las cabras por mano de su amigo el Adullamita, para que tomase la prenda de mano de la mujer; pero no la halló.",H853,HTo,<obj.>,,,,
1e12be1f380e51e5cf89,GEN 38:20,5,"Y Judá envió el cabrito de las cabras por mano de su amigo el Adullamita, para que tomase la prenda de mano de la mujer; pero no la halló.",H3027,HR/Ncbsc,by/ [the] hand of,,,,
4eb253558cd096180c23,GEN 38:20,10,"Y Judá envió el cabrito de las cabras por mano de su amigo el Adullamita, para que tomase la prenda de mano de la mujer; pero no la halló.",H3027,HR/Ncbsc,from/ [the] hand of,,,,
9e1c89cced0330f34cce,GEN 38:21,1,"Y preguntó a los hombres de aquel lugar, diciendo: ¿Dónde está la ramera de las aguas junto al camino? Y ellos le dijeron: No ha estado aquí ramera.",H853,HTo,<obj.>,,,,
f647ed877b5ad5333a31,GEN 38:21,7,"Y preguntó a los hombres de aquel lugar, diciendo: ¿Dónde está la ramera de las aguas junto al camino? Y ellos le dijeron: No ha estado aquí ramera.",H1931,HPp3fs,she,,,,
7ece35e1bc0f0f1f2777,GEN 38:21,8,"Y preguntó a los hombres de aquel lugar, diciendo: ¿Dónde está la ramera de las aguas junto al camino? Y ellos le dijeron: No ha estado aquí ramera.",H5879,HRd/Npl,[was] at <the>/ Enaim,,,,
90f6388c914a436e1fa5,GEN 38:22,1,"Entonces él se volvió a Judá, y dijo: No la he hallado; y también los hombres del lugar dijeron: Aquí no ha estado ramera.",H413,HR,to,,,,
25a69bb64fa09a2067f5,GEN 38:24,1,"Y acaeció que al cabo de unos tres meses fue dado aviso a Judá, diciendo: Thamar tu nuera ha fornicado, y aun cierto está preñada de las fornicaciones. Y Judá dijo: Sáquenla, y sea quemada.",H7969,HR/R/Acbsc,when/ from/ three,,,,
4dd87ed6b99a9c84131f,GEN 38:24,10,"Y acaeció que al cabo de unos tres meses fue dado aviso a Judá, diciendo: Thamar tu nuera ha fornicado, y aun cierto está preñada de las fornicaciones. Y Judá dijo: Sáquenla, y sea quemada.",H2009,HTj,here!,,,,
c13020d2e0380b33daa7,GEN 38:24,15,"Y acaeció que al cabo de unos tres meses fue dado aviso a Judá, diciendo: Thamar tu nuera ha fornicado, y aun cierto está preñada de las fornicaciones. Y Judá dijo: Sáquenla, y sea quemada.",H3318,HVhv2mp/Sp3fs,bring out/ her,,,,
b9e355419d201b01208d,GEN 38:25,4,"Y ella, cuando la sacaban, envió a decir a su suegro: Del varón cuyas son estas cosas, estoy preñada: y dijo más: Mira ahora cúyas son estas cosas, el anillo, y el manto, y el bordón.",H413,HR,to,,,,
57bfc4de77187673035f,GEN 38:25,13,"Y ella, cuando la sacaban, envió a decir a su suegro: Del varón cuyas son estas cosas, estoy preñada: y dijo más: Mira ahora cúyas son estas cosas, el anillo, y el manto, y el bordón.",H5234,HVhv2ms,investigate,,,,
e697c6b8dfaf06943757,GEN 38:25,15,"Y ella, cuando la sacaban, envió a decir a su suegro: Del varón cuyas son estas cosas, estoy preñada: y dijo más: Mira ahora cúyas son estas cosas, el anillo, y el manto, y el bordón.",H4310,HR/Pi,[belong] to/ whom?,,,,
5a8c2efaabde9b6307a4,GEN 38:26,12,"Entonces Judá los reconoció, y dijo: Más justa es que yo, por cuanto no la he dado a Sela mi hijo. Y nunca más la conoció.",H3808,HC/Tn,and/ not,,,,
59fd9490d558f6c6fd6a,GEN 38:28,7,"Y sucedió, cuando paría, que sacó la mano el uno, y la partera tomó y ató a su mano un hilo de grana, diciendo: Este salió primero.",H5921,HR,on,,,,
f01804bb076bb9b51d6d,GEN 38:29,0,"Pero fue que tornando él a meter la mano, he aquí su hermano salió; y ella dijo: ¿Por qué has hecho sobre ti rotura? Y llamó su nombre Phares.",H1961,Hc/Vqw3ms,and/ it was,,,,
2f161382ed230dafc932,GEN 38:29,9,"Pero fue que tornando él a meter la mano, he aquí su hermano salió; y ella dijo: ¿Por qué has hecho sobre ti rotura? Y llamó su nombre Phares.",H5921,HRd/Sp2ms,on/ yourself,,,,
5b02fd75b84ac956c422,GEN 39:1,11,"Y llevado José a Egipto, comprólo Potiphar, eunuco de Faraón, capitán de los de la guardia, varón Egipcio, de mano de los Ismaelitas que lo habían llevado allá.",H3027,HR/Ncbsc,from/ [the] hand of,,,,
b0934197ffe1a815db4b,GEN 39:4,4,"Así halló José gracia en sus ojos, y servíale; y él le hizo mayordomo de su casa, y entregó en su poder todo lo que tenía.",H8334,Hc/Vpw3ms,and/ he served,,,,
36998293b9f42456944b,GEN 39:4,5,"Así halló José gracia en sus ojos, y servíale; y él le hizo mayordomo de su casa, y entregó en su poder todo lo que tenía.",H853,HTo/Sp3ms,<obj.>/ him,,,,
13bd19bf42582ca4f929,GEN 39:5,3,"Y aconteció que, desde cuando le dio el encargo de su casa, y de todo lo que tenía, Jehová bendijo la casa del Egipcio a causa de José; y la bendición de Jehová fue sobre todo lo que tenía, así en casa como en el campo.",H853,HTo/Sp3ms,<obj.>/ him,,,,
0d78f9269d3d8bd5ef78,GEN 39:5,11,"Y aconteció que, desde cuando le dio el encargo de su casa, y de todo lo que tenía, Jehová bendijo la casa del Egipcio a causa de José; y la bendición de Jehová fue sobre todo lo que tenía, así en casa como en el campo.",H853,HTo,<obj.>,,,,
180aaf972b84b205e574,GEN 39:5,14,"Y aconteció que, desde cuando le dio el encargo de su casa, y de todo lo que tenía, Jehová bendijo la casa del Egipcio a causa de José; y la bendición de Jehová fue sobre todo lo que tenía, así en casa como en el campo.",H1558,HR/Ncmsc,on/ account of,,,,
44b64e6a4236b84d5f83,GEN 39:6,5,Y dejó todo lo que tenía en mano de José; ni con él sabía de nada más que del pan que comía. Y era José de hermoso semblante y bella presencia.,H3808,HC/Tn,and/ not,,,,
254712553dd686da25a2,GEN 39:6,6,Y dejó todo lo que tenía en mano de José; ni con él sabía de nada más que del pan que comía. Y era José de hermoso semblante y bella presencia.,H3045,HVqp3ms,he knew,,,,
762c083ffb17df948b1e,GEN 39:6,8,Y dejó todo lo que tenía en mano de José; ni con él sabía de nada más que del pan que comía. Y era José de hermoso semblante y bella presencia.,H3972,HNcfsa,anything,,,,
1662e17d71eba7e5cb45,GEN 39:6,9,Y dejó todo lo que tenía en mano de José; ni con él sabía de nada más que del pan que comía. Y era José de hermoso semblante y bella presencia.,H3588,HTc,that,,,,
4d47f5f7a99b2f04a9fb,GEN 39:6,10,Y dejó todo lo que tenía en mano de José; ni con él sabía de nada más que del pan que comía. Y era José de hermoso semblante y bella presencia.,H518,HTc,except,,,,
5960b08cf26965007e46,GEN 39:7,7,"Y aconteció después de esto, que la mujer de su señor puso sus ojos en José, y dijo: Duerme conmigo.",H853,HTo,<obj.>,,,,
81378a9b071f6597b148,GEN 39:8,2,"Y él no quiso, y dijo a la mujer de su señor: He aquí que mi señor no sabe conmigo lo que hay en casa, y ha puesto en mi mano todo lo que tiene:",H413,HR,to,,,,
3d11641339b994bd5de2,GEN 39:8,5,"Y él no quiso, y dijo a la mujer de su señor: He aquí que mi señor no sabe conmigo lo que hay en casa, y ha puesto en mi mano todo lo que tiene:",H2005,HTj,here!,,,,
b4bcf96d5a75614addef,GEN 39:8,8,"Y él no quiso, y dijo a la mujer de su señor: He aquí que mi señor no sabe conmigo lo que hay en casa, y ha puesto en mi mano todo lo que tiene:",H3045,HVqp3ms,he knows,,,,
7aa1e6cb57e6189ec6f9,GEN 39:9,5,"No hay otro mayor que yo en esta casa, y ninguna cosa me ha reservado sino a ti, por cuanto tú eres su mujer; ¿cómo, pues, haría yo este grande mal, y pecaría contra Dios?",H3808,HC/Tn,and/ not,,,,
826884c406e29954b27e,GEN 39:9,9,"No hay otro mayor que yo en esta casa, y ninguna cosa me ha reservado sino a ti, por cuanto tú eres su mujer; ¿cómo, pues, haría yo este grande mal, y pecaría contra Dios?",H3588,HTc,that,,,,
b90263e9feb388f83632,GEN 39:9,10,"No hay otro mayor que yo en esta casa, y ninguna cosa me ha reservado sino a ti, por cuanto tú eres su mujer; ¿cómo, pues, haría yo este grande mal, y pecaría contra Dios?",H518,HTc,except,,,,
49e3edc0462b458776a2,GEN 39:9,13,"No hay otro mayor que yo en esta casa, y ninguna cosa me ha reservado sino a ti, por cuanto tú eres su mujer; ¿cómo, pues, haría yo este grande mal, y pecaría contra Dios?",H859,HPp2fs,you,,,,
ba739db7ceb4da04e547,GEN 39:10,5,"Y fue que hablando ella a José cada día, y no escuchándola él para acostarse al lado de ella, para estar con ella,",H3117,HNcmsa,day,,,,
85e974acc1a392539773,GEN 39:10,8,"Y fue que hablando ella a José cada día, y no escuchándola él para acostarse al lado de ella, para estar con ella,",H413,HRd/Sp3fs,to/ her,,,,
93bb10c55a069820d48b,GEN 39:10,11,"Y fue que hablando ella a José cada día, y no escuchándola él para acostarse al lado de ella, para estar con ella,",H1961,HR/Vqcc,to/ be,,,,
5fe1c6b4ab939191a170,GEN 39:11,2,"Aconteció que entró él un día en casa para hacer su oficio, y no había nadie de los de casa allí en casa:",H2088,HTd/Tm,<the>/ this,,,,
f9d1d716be0bd5c6c06f,GEN 39:12,8,"Y asiólo ella por su ropa, diciendo: Duerme conmigo. Entonces dejóla él su ropa en las manos, y huyó, y salióse fuera.",H5127,Hc/Vqw3ms,and/ he fled,,,,
561926fb695ea54a3ed6,GEN 39:13,0,"Y acaeció que cuando vio ella que le había dejado su ropa en sus manos, y había huído fuera,",H1961,Hc/Vqw3ms,and/ it was,,,,
9f0f0d65ca5222e66f7e,GEN 39:13,6,"Y acaeció que cuando vio ella que le había dejado su ropa en sus manos, y había huído fuera,",H5127,Hc/Vqw3ms,and/ he had fled,,,,
6c903a622b5702f1d2a3,GEN 39:14,5,"Llamó a los de casa, y hablóles diciendo: Miren, nos ha traído un Hebreo, para que hiciese burla de nosotros: vino él a mí para dormir conmigo, y yo dí grandes voces;",H7200,HVqv2mp,see,,,,
08673fee0649f89999ab,GEN 39:14,11,"Llamó a los de casa, y hablóles diciendo: Miren, nos ha traído un Hebreo, para que hiciese burla de nosotros: vino él a mí para dormir conmigo, y yo dí grandes voces;",H413,HRd/Sp1bs,to/ me,,,,
f1072fc6b18fb417022f,GEN 39:15,0,"Y viendo que yo alzaba la voz y gritaba, dejó junto a mí su ropa, y huyó, y salióse fuera.",H1961,Hc/Vqw3ms,and/ it was,,,,
eaad9b9c716d3b3f2152,GEN 39:15,9,"Y viendo que yo alzaba la voz y gritaba, dejó junto a mí su ropa, y huyó, y salióse fuera.",H5127,Hc/Vqw3ms,and/ he fled,,,,
3625db32361605f294c9,GEN 39:16,0,"Y ella puso junto a sí la ropa de él, hasta que vino su señor a su casa.",H5117,Hc/Vhw3fs,and/ she placed,,,,
9a4f7478b90f33a5bf1b,GEN 39:16,6,"Y ella puso junto a sí la ropa de él, hasta que vino su señor a su casa.",H413,HR,to,,,,
77626b987abed2f6fcc0,GEN 39:17,3,"Entonces le habló ella semejantes palabras, diciendo: El siervo Hebreo que nos trajiste, vino a mí para deshonrarme;",H428,HTd/Tm,<the>/ these,,,,
ea2e167eab7225ce83de,GEN 39:17,6,"Entonces le habló ella semejantes palabras, diciendo: El siervo Hebreo que nos trajiste, vino a mí para deshonrarme;",H413,HRd/Sp1bs,to/ me,,,,
d35076b0905c74d26d50,GEN 39:18,0,"Y como yo alcé mi voz y grité, él dejó su ropa junto a mí, y huyó fuera.",H1961,Hc/Vqw3ms,and/ it was,,,,
06246aca83a5786c2707,GEN 39:18,7,"Y como yo alcé mi voz y grité, él dejó su ropa junto a mí, y huyó fuera.",H5127,Hc/Vqw3ms,and/ he fled,,,,
1d147418a9fa0deb544f,GEN 39:19,3,"Y sucedió que como oyó su señor las palabras que su mujer le hablara, diciendo: Así me ha tratado tu siervo; encendióse su furor.",H853,HTo,<obj.>,,,,
9091295712441251e60b,GEN 39:19,10,"Y sucedió que como oyó su señor las palabras que su mujer le hablara, diciendo: Así me ha tratado tu siervo; encendióse su furor.",H1697,HRd/Ncmpa,according to the/ things,,,,
a4a49231090e012d4e74,GEN 39:19,11,"Y sucedió que como oyó su señor las palabras que su mujer le hablara, diciendo: Así me ha tratado tu siervo; encendióse su furor.",H428,HTd/Tm,<the>/ these,,,,
82cabbe3cfaed636af1e,GEN 39:20,3,"Y tomó su señor a José, y púsole en la casa de la cárcel, donde estaban los presos del rey, y estuvo allí en la casa de la cárcel.",H853,HTo/Sp3ms,<obj.>/ him,,,,
668dea3f1ab3f5771188,GEN 39:20,8,"Y tomó su señor a José, y púsole en la casa de la cárcel, donde estaban los presos del rey, y estuvo allí en la casa de la cárcel.",H4725,HNcmsc,[the] place,,,,
9ac7b84c37816655089c,GEN 39:20,10,"Y tomó su señor a José, y púsole en la casa de la cárcel, donde estaban los presos del rey, y estuvo allí en la casa de la cárcel.",H615,HNcmpc,[the] prisoners of,,,,
a3cbabb7903659274efc,GEN 39:21,0,"Pero Jehová fue con José, y extendió a él su misericordia, y dióle gracia en ojos del principal de la casa de la cárcel.",H1961,Hc/Vqw3ms,and/ he was,,,,
7114b18eb8ebc0844b39,GEN 39:21,5,"Pero Jehová fue con José, y extendió a él su misericordia, y dióle gracia en ojos del principal de la casa de la cárcel.",H413,HRd/Sp3ms,to/ him,,,,
78bf77ec2622756ed9aa,GEN 39:22,6,"Y el principal de la casa de la cárcel entregó en mano de José todos los presos que había en aquella prisión; todo lo que hacían allí, él lo hacía.",H853,HTo,<obj.>,,,,
5dca6bb5b4d22210c32a,GEN 39:22,12,"Y el principal de la casa de la cárcel entregó en mano de José todos los presos que había en aquella prisión; todo lo que hacían allí, él lo hacía.",H853,HC/To,and/ <obj.>,,,,
4bf786b29e3ede2e5b3f,GEN 39:22,18,"Y el principal de la casa de la cárcel entregó en mano de José todos los presos que había en aquella prisión; todo lo que hacían allí, él lo hacía.",H1961,HVqp3ms,he was,,,,
9ec24ed41febaf24315f,GEN 39:22,19,"Y el principal de la casa de la cárcel entregó en mano de José todos los presos que había en aquella prisión; todo lo que hacían allí, él lo hacía.",H6213,HVqrmsa,doing,,,,
28a67981f329aae58e2e,GEN 39:23,8,"No veía el principal de la cárcel cosa alguna que en su mano estaba; porque Jehová era con él, y lo que él hacía, Jehová lo prosperaba.",H3027,HR/Ncbsc/Sp3ms,in/ hand/ his,,,,
8e5e01dc718176cf168d,GEN 39:23,11,"No veía el principal de la cárcel cosa alguna que en su mano estaba; porque Jehová era con él, y lo que él hacía, Jehová lo prosperaba.",H854,HRd/Sp3ms,[was] with/ him,,,,
055c582a246d8ac2a102,GEN 40:1,5,"Y aconteció después de estas cosas, que el copero del rey de Egipto y el panadero delinquieron contra su señor el rey de Egipto.",H4945,HNcmsc,[the] cup bearer of,,,,
1b7292da13cf222ecfa6,GEN 40:2,4,"Y enojóse Faraón contra sus dos eunucos, contra el principal de los coperos, y contra el principal de los panaderos:",H5631,HNcmpc/Sp3ms,officials/ his,,,,
e9445ab8a8d94fa79e8d,GEN 40:2,7,"Y enojóse Faraón contra sus dos eunucos, contra el principal de los coperos, y contra el principal de los panaderos:",H4945,HTd/Vhrmpa,the/ cup bearers,,,,
1bc9e403da8d8ce04488,GEN 40:3,1,"Y púsolos en prisión en la casa del capitán de los de la guardia, en la casa de la cárcel donde José estaba preso.",H853,HTo/Sp3mp,<obj.>/ them,,,,
a95b3b18845fc222d407,GEN 40:3,9,"Y púsolos en prisión en la casa del capitán de los de la guardia, en la casa de la cárcel donde José estaba preso.",H4725,HNcmsc,[the] place,,,,
054fdfe041fb870900e1,GEN 40:3,13,"Y púsolos en prisión en la casa del capitán de los de la guardia, en la casa de la cárcel donde José estaba preso.",H8033,HD,there,,,,
900d6b89b5f2634eb1ab,GEN 40:4,0,"Y el capitán de los de la guardia dio cargo de ellos a José, y él les servía: y estuvieron días en la prisión.",H6485,Hc/Vqw3ms,and/ he appointed,,,,
5e0bd36ba4f29bde2501,GEN 40:4,5,"Y el capitán de los de la guardia dio cargo de ellos a José, y él les servía: y estuvieron días en la prisión.",H854,HRd/Sp3mp,with/ them,,,,
141ab78f7529c375a829,GEN 40:4,7,"Y el capitán de los de la guardia dio cargo de ellos a José, y él les servía: y estuvieron días en la prisión.",H853,HTo/Sp3mp,<obj.>/ them,,,,
f8c28d5f493d3543d004,GEN 40:5,0,"Y ambos a dos, el copero y el panadero del rey de Egipto, que estaban arrestados en la prisión, vieron un sueño, cada uno su sueño en una misma noche, cada uno conforme a la declaración de su sueño.",H2492,Hc/Vqw3mp,and/ they dreamed,,,,
1a7aec0ea8da78c7a8ad,GEN 40:5,8,"Y ambos a dos, el copero y el panadero del rey de Egipto, que estaban arrestados en la prisión, vieron un sueño, cada uno su sueño en una misma noche, cada uno conforme a la declaración de su sueño.",H6623,HR/Ncmsc,according to/ [the] interpretation of,,,,
0ef999716ff6419b630e,GEN 40:5,10,"Y ambos a dos, el copero y el panadero del rey de Egipto, que estaban arrestados en la prisión, vieron un sueño, cada uno su sueño en una misma noche, cada uno conforme a la declaración de su sueño.",H4945,HTd/Vhrmsa,the/ cup bearer,,,,
da693ab50a1febe8c949,GEN 40:5,15,"Y ambos a dos, el copero y el panadero del rey de Egipto, que estaban arrestados en la prisión, vieron un sueño, cada uno su sueño en una misma noche, cada uno conforme a la declaración de su sueño.",H834,HTr,who,,,,
1146fc243c16cd7f0518,GEN 40:6,1,"Y vino a ellos José por la mañana, y mirólos, y he aquí que estaban tristes.",H413,HRd/Sp3mp,to/ them,,,,
baf72dbd1eced103d092,GEN 40:6,5,"Y vino a ellos José por la mañana, y mirólos, y he aquí que estaban tristes.",H853,HTo/Sp3mp,<obj.>/ them,,,,
8444e530affa7ddfe581,GEN 40:6,6,"Y vino a ellos José por la mañana, y mirólos, y he aquí que estaban tristes.",H2005,HC/Tj/Sp3mp,and/ [were]/ they,,,,
edfb24b8b629002d2438,GEN 40:7,5,"Y él preguntó a aquellos eunucos de Faraón, que estaban con él en la prisión de la casa de su señor, diciendo: ¿Por qué parecen hoy mal sus semblantes?",H854,HRd/Sp3ms,[were] with/ him,,,,
5bcf39eba119102715d0,GEN 40:8,6,"Y ellos le dijeron: Hemos tenido un sueño, y no hay quien lo declare. Entonces les dijo José: ¿No son de Dios las declaraciones? Contádmelo ahora.",H853,HTo/Sp3ms,<obj.>/ it,,,,
c57df0ca699a24898d8b,GEN 40:9,2,"Entonces el principal de los coperos contó su sueño a José, y díjole: Yo soñaba que veía una vid delante de mí,",H4945,HTd/Vhrmpa,the/ cup bearers,,,,
be8135ba8f7dd1592649,GEN 40:9,3,"Entonces el principal de los coperos contó su sueño a José, y díjole: Yo soñaba que veía una vid delante de mí,",H853,HTo,<obj.>,,,,
50e7122a5778034f79ff,GEN 40:9,8,"Entonces el principal de los coperos contó su sueño a José, y díjole: Yo soñaba que veía una vid delante de mí,",H2009,HC/Tj,and/ there!,,,,
676e5ef3943e8deb43e7,GEN 40:11,4,"Y que la copa de Faraón estaba en mi mano, y tomaba yo las uvas, y las exprimía en la copa de Faraón, y daba yo la copa en mano de Faraón.",H853,HTo,<obj.>,,,,
4443afc155e079d97843,GEN 40:11,7,"Y que la copa de Faraón estaba en mi mano, y tomaba yo las uvas, y las exprimía en la copa de Faraón, y daba yo la copa en mano de Faraón.",H853,HTo/Sp3mp,<obj.>/ them,,,,
b9e27bb868c88209d0bd,GEN 40:11,12,"Y que la copa de Faraón estaba en mi mano, y tomaba yo las uvas, y las exprimía en la copa de Faraón, y daba yo la copa en mano de Faraón.",H853,HTo,<obj.>,,,,
1485ede11d205bc23c41,GEN 40:12,8,Y díjole José: Esta es su declaración: Los tres sarmientos son tres días:,H1992,HPp3mp,they,,,,
44bb08ee24abcd196544,GEN 40:13,3,"Al cabo de tres días Faraón te hará levantar cabeza, y te restituirá a tu puesto: y darás la copa a Faraón en su mano, como solías cuando eras su copero.",H5375,HVqi3ms,he will lift up,,,,
e1e24b31f9e84ee38656,GEN 40:13,5,"Al cabo de tres días Faraón te hará levantar cabeza, y te restituirá a tu puesto: y darás la copa a Faraón en su mano, como solías cuando eras su copero.",H853,HTo,<obj.>,,,,
67800cb21fde1b4927ed,GEN 40:13,8,"Al cabo de tres días Faraón te hará levantar cabeza, y te restituirá a tu puesto: y darás la copa a Faraón en su mano, como solías cuando eras su copero.",H5921,HR,to,,,,
3b1fbe1290f54f7cb481,GEN 40:13,14,"Al cabo de tres días Faraón te hará levantar cabeza, y te restituirá a tu puesto: y darás la copa a Faraón en su mano, como solías cuando eras su copero.",H4941,HRd/Ncmsa,according to the/ custom,,,,
ff065578716c4a37f6c9,GEN 40:13,18,"Al cabo de tres días Faraón te hará levantar cabeza, y te restituirá a tu puesto: y darás la copa a Faraón en su mano, como solías cuando eras su copero.",H4945,HNcmsc/Sp3ms,cup bearer/ his,,,,
9d85e135406b4078b403,GEN 40:14,1,"Acuérdate, pues, de mí para contigo cuando tuvieres ese bien, y ruégote que uses conmigo de misericordia, y hagas mención de mí a Faraón, y me saques de esta casa:",H518,HTc,except,,,,
8213c3f15aad556414ae,GEN 40:14,3,"Acuérdate, pues, de mí para contigo cuando tuvieres ese bien, y ruégote que uses conmigo de misericordia, y hagas mención de mí a Faraón, y me saques de esta casa:",H854,HRd/Sp2ms,with/ you,,,,
05603ce24d0b3a496968,GEN 40:14,5,"Acuérdate, pues, de mí para contigo cuando tuvieres ese bien, y ruégote que uses conmigo de misericordia, y hagas mención de mí a Faraón, y me saques de esta casa:",H3190,HVqi3ms,it will go well,,,,
d1a25901fa85ada8c078,GEN 40:14,8,"Acuérdate, pues, de mí para contigo cuando tuvieres ese bien, y ruégote que uses conmigo de misericordia, y hagas mención de mí a Faraón, y me saques de esta casa:",H5978,HR/Sp1bs,with/ me,,,,
190bbff13f4ca6ec5360,GEN 40:14,11,"Acuérdate, pues, de mí para contigo cuando tuvieres ese bien, y ruégote que uses conmigo de misericordia, y hagas mención de mí a Faraón, y me saques de esta casa:",H413,HR,to,,,,
5a842a10a89ffc305aa4,GEN 40:15,2,Porque hurtado he sido de la tierra de los Hebreos; y tampoco he hecho aquí porqué me hubiesen de poner en la cárcel.,H1589,HVPp1cs,I was stolen,,,,
5d098efab3b5f77fe4f4,GEN 40:15,7,Porque hurtado he sido de la tierra de los Hebreos; y tampoco he hecho aquí porqué me hubiesen de poner en la cárcel.,H3808,HTn,not,,,,
7ff61120f97c087a44a4,GEN 40:15,9,Porque hurtado he sido de la tierra de los Hebreos; y tampoco he hecho aquí porqué me hubiesen de poner en la cárcel.,H3972,HNcfsa,anything,,,,
e0eb1a9db88d4c2b74fa,GEN 40:15,10,Porque hurtado he sido de la tierra de los Hebreos; y tampoco he hecho aquí porqué me hubiesen de poner en la cárcel.,H3588,HTc,that,,,,
a51baebb1d8735a07639,GEN 40:15,11,Porque hurtado he sido de la tierra de los Hebreos; y tampoco he hecho aquí porqué me hubiesen de poner en la cárcel.,H7760,HVqp3cp,they have put,,,,
36eac32e6e0595cbb064,GEN 40:15,12,Porque hurtado he sido de la tierra de los Hebreos; y tampoco he hecho aquí porqué me hubiesen de poner en la cárcel.,H853,HTo/Sp1bs,<obj.>/ me,,,,
20c8fe99f07902318bfa,GEN 40:16,7,"Y viendo el principal de los panaderos que había declarado para bien, dijo a José: También yo soñaba que veía tres canastillos blancos sobre mi cabeza;",H413,HR,to,,,,
a71de0857b65768051d8,GEN 40:16,11,"Y viendo el principal de los panaderos que había declarado para bien, dijo a José: También yo soñaba que veía tres canastillos blancos sobre mi cabeza;",H2472,HR/Ncmsc/Sp1bs,in/ dream/ my,,,,
8c02cfcdcdc2362fe0df,GEN 40:16,12,"Y viendo el principal de los panaderos que había declarado para bien, dijo a José: También yo soñaba que veía tres canastillos blancos sobre mi cabeza;",H2009,HC/Tj,and/ there!,,,,
208f51e9a95fe7773de8,GEN 40:17,9,"Y en el canastillo más alto había de todas las viandas de Faraón, obra de panadero; y que las aves las comían del canastillo de sobre mi cabeza.",H853,HTo/Sp3mp,<obj.>/ them,,,,
e38d02315ccbb75a9919,GEN 40:18,9,"Entonces respondió José, y dijo: Esta es su declaración: Los tres canastillos tres días son;",H1992,HPp3mp,they,,,,
f09552d3cc30ba544fff,GEN 40:19,5,"Al cabo de tres días quitará Faraón tu cabeza de sobre ti, y te hará colgar en la horca, y las aves comerán tu carne de sobre ti.",H853,HTo,<obj.>,,,,
4717440d9fd00d6bbfef,GEN 40:19,9,"Al cabo de tres días quitará Faraón tu cabeza de sobre ti, y te hará colgar en la horca, y las aves comerán tu carne de sobre ti.",H853,HTo/Sp2ms,<obj.>/ you,,,,
5bafc3a932c4af3c9a92,GEN 40:19,14,"Al cabo de tres días quitará Faraón tu cabeza de sobre ti, y te hará colgar en la horca, y las aves comerán tu carne de sobre ti.",H853,HTo,<obj.>,,,,
d67e7e77f9858ac5db12,GEN 40:20,5,"Y fue el tercero día el día del nacimiento de Faraón, e hizo banquete a todos sus sirvientes: y alzó la cabeza del principal de los coperos, y la cabeza del principal de los panaderos, entre sus servidores.",H853,HTo,<obj.>,,,,
ac39aea1f488379bc71d,GEN 40:20,12,"Y fue el tercero día el día del nacimiento de Faraón, e hizo banquete a todos sus sirvientes: y alzó la cabeza del principal de los coperos, y la cabeza del principal de los panaderos, entre sus servidores.",H853,HTo,<obj.>,,,,
af53f9edaf2362929a7a,GEN 40:20,15,"Y fue el tercero día el día del nacimiento de Faraón, e hizo banquete a todos sus sirvientes: y alzó la cabeza del principal de los coperos, y la cabeza del principal de los panaderos, entre sus servidores.",H4945,HTd/Vhrmpa,the/ cup bearers,,,,
da12353e6096ba8f63b2,GEN 40:20,16,"Y fue el tercero día el día del nacimiento de Faraón, e hizo banquete a todos sus sirvientes: y alzó la cabeza del principal de los coperos, y la cabeza del principal de los panaderos, entre sus servidores.",H853,HC/To,and/ <obj.>,,,,
45b3c2b0152f9b06678e,GEN 40:21,1,E hizo volver a su oficio al principal de los coperos; y dio él la copa en mano de Faraón.,H853,HTo,<obj.>,,,,
794c715b7c14a2286a96,GEN 40:21,3,E hizo volver a su oficio al principal de los coperos; y dio él la copa en mano de Faraón.,H4945,HTd/Vhrmpa,the/ cup bearers,,,,
b7050440a5a148d723b9,GEN 40:21,5,E hizo volver a su oficio al principal de los coperos; y dio él la copa en mano de Faraón.,H4945,HNcmsc/Sp3ms,cup bearing/ his,,,,
63e59d93f6e499ca8e3d,GEN 40:21,8,E hizo volver a su oficio al principal de los coperos; y dio él la copa en mano de Faraón.,H5921,HR,on,,,,
5f34900125915828c0d6,GEN 40:22,0,"Pero hizo ahorcar al principal de los panaderos, como le había declarado José.",H853,HC/To,and/ <obj.>,,,,
8d642636539972b1d64e,GEN 40:22,5,"Pero hizo ahorcar al principal de los panaderos, como le había declarado José.",H6622,HVqp3ms,he had interpreted,,,,
8431050ea5f14dc5815b,GEN 40:23,3,"Y el principal de los coperos no se acordó de José, sino que le olvidó.",H4945,HTd/Vhrmpa,the/ cup bearers,,,,
f8c00761c6128b4bf06f,GEN 40:23,4,"Y el principal de los coperos no se acordó de José, sino que le olvidó.",H853,HTo,<obj.>,,,,
0c4d279bb6c7bd3aa336,GEN 41:1,3,Y aconteció que pasados dos años tuvo Faraón un sueño: Parecíale que estaba junto al río;,H3117,HNcmpa,days,,,,
950eba65af228ee5f794,GEN 41:1,6,Y aconteció que pasados dos años tuvo Faraón un sueño: Parecíale que estaba junto al río;,H2009,HC/Tj,and/ there!,,,,
86fe8c486aa927959b21,GEN 41:2,0,"Y que del río subían siete vacas, hermosas a la vista, y muy gordas, y pacían en el prado:",H2009,HC/Tj,and/ there!,,,,
696a91bdde096c51efb3,GEN 41:3,8,"Y que otras siete vacas subían tras ellas del río, de fea vista, y enjutas de carne, y se pararon cerca de las vacas hermosas a la orilla del río:",H7451,HAafpc,displeasing of,,,,
d99a7997f81b2bfe4f29,GEN 41:3,9,"Y que otras siete vacas subían tras ellas del río, de fea vista, y enjutas de carne, y se pararon cerca de las vacas hermosas a la orilla del río:",H4758,HNcmsa,appearance,,,,
dcf636545bde9960c024,GEN 41:3,15,"Y que otras siete vacas subían tras ellas del río, de fea vista, y enjutas de carne, y se pararon cerca de las vacas hermosas a la orilla del río:",H5921,HR,on,,,,
cd05b4b13a71e8f80d03,GEN 41:4,2,Y que las vacas de fea vista y enjutas de carne devoraban a las siete vacas hermosas y muy gordas. Y despertó Faraón.,H7451,HAafpc,<the> displeasing of,,,,
63dfcdc8b7501731836f,GEN 41:4,3,Y que las vacas de fea vista y enjutas de carne devoraban a las siete vacas hermosas y muy gordas. Y despertó Faraón.,H4758,HTd/Ncmsa,<the>/ appearance,,,,
02f7a0dae503782e18e0,GEN 41:4,6,Y que las vacas de fea vista y enjutas de carne devoraban a las siete vacas hermosas y muy gordas. Y despertó Faraón.,H853,HTo,<obj.>,,,,
f41140906735b80f2150,GEN 41:4,10,Y que las vacas de fea vista y enjutas de carne devoraban a las siete vacas hermosas y muy gordas. Y despertó Faraón.,H4758,HTd/Ncmsa,<the>/ appearance,,,,
03b6680ac740dc7bfdbb,GEN 41:5,3,"Durmióse de nuevo, y soñó la segunda vez: Que siete espigas llenas y hermosas subían de una sola caña:",H2009,HC/Tj,and/ there!,,,,
640e0c0f6f7fa1e673e4,GEN 41:6,4,"Y que otras siete espigas menudas y abatidas del Solano, salían después de ellas:",H7710,HC/Vqsfpc,and/ scorched of,,,,
e40d09f902303547e0a9,GEN 41:7,3,"Y las siete espigas menudas devoraban a las siete espigas gruesas y llenas. Y despertó Faraón, y he aquí que era sueño.",H853,HTo,<obj.>,,,,
7e755760feb1132b1342,GEN 41:8,6,"Y acaeció que a la mañana estaba agitado su espíritu; y envió e hizo llamar a todos los magos de Egipto, y a todos sus sabios: y contóles Faraón sus sueños, pero no había quien a Faraón los declarase.",H853,HTo,<obj.>,,,,
ca01ef2cb59b5841b88d,GEN 41:8,10,"Y acaeció que a la mañana estaba agitado su espíritu; y envió e hizo llamar a todos los magos de Egipto, y a todos sus sabios: y contóles Faraón sus sueños, pero no había quien a Faraón los declarase.",H853,HC/To,and/ <obj.>,,,,
df2e8393110b7215225c,GEN 41:8,15,"Y acaeció que a la mañana estaba agitado su espíritu; y envió e hizo llamar a todos los magos de Egipto, y a todos sus sabios: y contóles Faraón sus sueños, pero no había quien a Faraón los declarase.",H853,HTo,<obj.>,,,,
12d292234eab7022aba5,GEN 41:8,19,"Y acaeció que a la mañana estaba agitado su espíritu; y envió e hizo llamar a todos los magos de Egipto, y a todos sus sabios: y contóles Faraón sus sueños, pero no había quien a Faraón los declarase.",H853,HTo/Sp3mp,<obj.>/ them,,,,
b144b8942c360dd3ac20,GEN 41:9,2,"Entonces el principal de los coperos habló a Faraón, diciendo: Acuérdome hoy de mis faltas:",H4945,HTd/Vhrmpa,the/ cup bearers,,,,
789ff450a694f3c4c2e5,GEN 41:9,3,"Entonces el principal de los coperos habló a Faraón, diciendo: Acuérdome hoy de mis faltas:",H854,HR,with,,,,
59d3812e103a149507a5,GEN 41:9,6,"Entonces el principal de los coperos habló a Faraón, diciendo: Acuérdome hoy de mis faltas:",H853,HTo,<obj.>,,,,
e0d4e81f025805f07c6b,GEN 41:10,5,"Faraón se enojó contra sus siervos, y a mí me echó a la prisión de la casa del capitán de los de la guardia, a mí y al principal de los panaderos:",H853,HTo/Sp1bs,<obj.>/ me,,,,
968b2ac35e93475f35bd,GEN 41:10,10,"Faraón se enojó contra sus siervos, y a mí me echó a la prisión de la casa del capitán de los de la guardia, a mí y al principal de los panaderos:",H853,HTo/Sp1bs,<obj.>/ me,,,,
c5a48828b07384aff529,GEN 41:10,11,"Faraón se enojó contra sus siervos, y a mí me echó a la prisión de la casa del capitán de los de la guardia, a mí y al principal de los panaderos:",H853,HC/To,and/ <obj.>,,,,
6ad9464e04a38775d5ff,GEN 41:11,0,Y yo y él vimos un sueño una misma noche: cada uno soñó conforme a la declaración de su sueño.,H2492,Hc/Vqw1cp/Sh,and/ we dreamed/ !,,,,
f109e744acebcada2d17,GEN 41:11,9,Y yo y él vimos un sueño una misma noche: cada uno soñó conforme a la declaración de su sueño.,H2492,HVqp1cp,we dreamed,,,,
cf7c66c455642c3f120b,GEN 41:12,0,"Y estaba allí con nosotros un mozo Hebreo, sirviente del capitán de los de la guardia; y se lo contamos, y él nos declaró nuestros sueños, y declaró a cada uno conforme a su sueño.",H8033,HC/D,and/ [was] there,,,,
daf33083d3ff3aeda190,GEN 41:12,1,"Y estaba allí con nosotros un mozo Hebreo, sirviente del capitán de los de la guardia; y se lo contamos, y él nos declaró nuestros sueños, y declaró a cada uno conforme a su sueño.",H854,HRd/Sp1bp,with/ us,,,,
e6282f018876a7750273,GEN 41:12,4,"Y estaba allí con nosotros un mozo Hebreo, sirviente del capitán de los de la guardia; y se lo contamos, y él nos declaró nuestros sueños, y declaró a cada uno conforme a su sueño.",H5650,HNcmsa,a slave,,,,
ecb9889bef6ca3fa265e,GEN 41:13,2,"Y aconteció que como él nos declaró, así fue: a mí me hizo volver a mi puesto, e hizo colgar al otro.",H6622,HVqp3ms,he interpreted,,,,
b82e43f6f7347c197d09,GEN 41:13,5,"Y aconteció que como él nos declaró, así fue: a mí me hizo volver a mi puesto, e hizo colgar al otro.",H853,HTo/Sp1bs,<obj.>/ me,,,,
a8228650d5027ceb7e7b,GEN 41:13,9,"Y aconteció que como él nos declaró, así fue: a mí me hizo volver a mi puesto, e hizo colgar al otro.",H853,HC/To/Sp3ms,and/ <obj.>/ him,,,,
4db81f4a1176093a8df1,GEN 41:14,3,"Entonces Faraón envió y llamó a José; e hiciéronle salir corriendo de la cárcel, y le cortaron el pelo, y mudaron sus vestidos, y vino a Faraón.",H853,HTo,<obj.>,,,,
2be8b14021e113e40c85,GEN 41:14,12,"Entonces Faraón envió y llamó a José; e hiciéronle salir corriendo de la cárcel, y le cortaron el pelo, y mudaron sus vestidos, y vino a Faraón.",H413,HR,to,,,,
84e6b4b4d8765bfc8d2f,GEN 41:15,2,"Y dijo Faraón a José: Yo he tenido un sueño, y no hay quien lo declare; pero he oído decir de ti, que oyes sueños para declararlos.",H413,HR,to,,,,
519c6ce64eda34f05f3c,GEN 41:15,8,"Y dijo Faraón a José: Yo he tenido un sueño, y no hay quien lo declare; pero he oído decir de ti, que oyes sueños para declararlos.",H853,HTo/Sp3ms,<obj.>/ it,,,,
8ea289fa7fce49155ccd,GEN 41:15,9,"Y dijo Faraón a José: Yo he tenido un sueño, y no hay quien lo declare; pero he oído decir de ti, que oyes sueños para declararlos.",H589,HC/Pp1bs,and/ I,,,,
93d94ae2d3c8d6f8d2a8,GEN 41:15,16,"Y dijo Faraón a José: Yo he tenido un sueño, y no hay quien lo declare; pero he oído decir de ti, que oyes sueños para declararlos.",H853,HTo/Sp3ms,<obj.>/ it,,,,
7a4e880685e7aa643e4d,GEN 41:16,2,"Y respondió José a Faraón, diciendo: No está en mí; Dios será el que responda paz a Faraón.",H853,HTo,<obj.>,,,,
66551a584da24c79325a,GEN 41:16,7,"Y respondió José a Faraón, diciendo: No está en mí; Dios será el que responda paz a Faraón.",H6030,HVqi3ms,he will answer,,,,
581be8f8a44fc0e24401,GEN 41:16,8,"Y respondió José a Faraón, diciendo: No está en mí; Dios será el que responda paz a Faraón.",H853,HTo,<obj.>,,,,
63b4a97f3b8b485608be,GEN 41:16,9,"Y respondió José a Faraón, diciendo: No está en mí; Dios será el que responda paz a Faraón.",H7965,HNcmsc,[the] welfare of,,,,
de75de7d95999deabae6,GEN 41:17,2,Entonces Faraón dijo a José: En mi sueño parecíame que estaba a la orilla del río:,H413,HR,to,,,,
ffff613959b6899f4229,GEN 41:17,5,Entonces Faraón dijo a José: En mi sueño parecíame que estaba a la orilla del río:,H2005,HTj/Sp1bs,if [was]/ I,,,,
df6f3c9c3c8962946d61,GEN 41:17,7,Entonces Faraón dijo a José: En mi sueño parecíame que estaba a la orilla del río:,H5921,HR,on,,,,
9bca3a1b1f491b446f43,GEN 41:18,0,"Y que del río subían siete vacas de gruesas carnes y hermosa apariencia, que pacían en el prado:",H2009,HC/Tj,and/ there!,,,,
531af476425a87caa2e2,GEN 41:19,0,"Y que otras siete vacas subían después de ellas, flacas y de muy fea traza; tan extenuadas, que no he visto otras semejantes en toda la tierra de Egipto en fealdad:",H2009,HC/Tj,and/ there!,,,,
547532ddbf45f81214ac,GEN 41:19,7,"Y que otras siete vacas subían después de ellas, flacas y de muy fea traza; tan extenuadas, que no he visto otras semejantes en toda la tierra de Egipto en fealdad:",H7451,HC/Aafpc,and/ displeasing of,,,,
f1cd99eb983091022204,GEN 41:19,8,"Y que otras siete vacas subían después de ellas, flacas y de muy fea traza; tan extenuadas, que no he visto otras semejantes en toda la tierra de Egipto en fealdad:",H8389,HNcmsa,form,,,,
c427381b4e22a6fadd8e,GEN 41:20,4,Y las vacas flacas y feas devoraban a las siete primeras vacas gruesas:,H853,HTo,<obj.>,,,,
e10812bdb8aa7c4afbdc,GEN 41:21,8,"Y entraban en sus entrañas, pero no se conocía que hubiesen entrado en ellas, porque su parecer era aún malo, como de primero. Y yo desperté.",H7130,HNcmsc/Sp3fp,inward part[s]/ their,,,,
dec92c3bee8a365c0916,GEN 41:21,10,"Y entraban en sus entrañas, pero no se conocía que hubiesen entrado en ellas, porque su parecer era aún malo, como de primero. Y yo desperté.",H7451,HAamsa,[was] displeasing,,,,
a9cf0c3f4ac98787f3dc,GEN 41:21,12,"Y entraban en sus entrañas, pero no se conocía que hubiesen entrado en ellas, porque su parecer era aún malo, como de primero. Y yo desperté.",H8462,HRd/Ncfsa,at the/ beginning,,,,
6ec598aa58906c2f958e,GEN 41:22,2,"Vi también soñando, que siete espigas subían en una misma caña llenas y hermosas;",H2009,HC/Tj,and/ there!,,,,
aa16bf25e47f2aa51799,GEN 41:23,0,"Y que otras siete espigas menudas, marchitas, abatidas del Solano, subían después de ellas:",H2009,HC/Tj,and/ there!,,,,
265fb3109f48f6149298,GEN 41:23,5,"Y que otras siete espigas menudas, marchitas, abatidas del Solano, subían después de ellas:",H7710,HVqsfpc,scorched of,,,,
08ad68b9d142e48af8ff,GEN 41:24,3,"Y las espigas menudas devoraban a las siete espigas hermosas: y helo dicho a los magos, pero no hay quien me lo declare.",H853,HTo,<obj.>,,,,
67de40dc55b6547311d4,GEN 41:24,8,"Y las espigas menudas devoraban a las siete espigas hermosas: y helo dicho a los magos, pero no hay quien me lo declare.",H413,HR,to,,,,
70582a6ebcb9ba3b1e1b,GEN 41:25,2,Entonces respondió José a Faraón: El sueño de Faraón es uno mismo: Dios ha mostrado a Faraón lo que va a hacer.,H413,HR,to,,,,
bebfbd496869db875688,GEN 41:25,8,Entonces respondió José a Faraón: El sueño de Faraón es uno mismo: Dios ha mostrado a Faraón lo que va a hacer.,H853,HTo,<obj.>,,,,
75d9395c5d4634aaad6a,GEN 41:26,5,Las siete vacas hermosas siete años son; y las espigas hermosas son siete años: el sueño es uno mismo.,H2007,HPp3fp,they,,,,
56b852f3c2611b857d31,GEN 41:26,9,Las siete vacas hermosas siete años son; y las espigas hermosas son siete años: el sueño es uno mismo.,H7651,HAcbsa,[are] seven,,,,
bb95ff3a8c27cd30d0f2,GEN 41:26,11,Las siete vacas hermosas siete años son; y las espigas hermosas son siete años: el sueño es uno mismo.,H2007,HPp3fp,they,,,,
8d65384a5a56d61970c6,GEN 41:27,12,"También las siete vacas flacas y feas que subían tras ellas, son siete años; y las siete espigas menudas y marchitas del Solano, siete años serán de hambre.",H7710,HVqsfpc,<the> scorched of,,,,
d18aac06d6f69d161bbb,GEN 41:28,4,"Esto es lo que respondo a Faraón. Lo que Dios va a hacer, halo mostrado a Faraón.",H413,HR,to,,,,
f4b2a3df72c30589e5dd,GEN 41:28,10,"Esto es lo que respondo a Faraón. Lo que Dios va a hacer, halo mostrado a Faraón.",H853,HTo,<obj.>,,,,
fc3c0a9c04587baa345f,GEN 41:30,12,Y levantarse han tras ellos siete años de hambre; y toda la hartura será olvidada en la tierra de Egipto; y el hambre consumirá la tierra;,H853,HTo,<obj.>,,,,
b44fd71862cc9dea3d3c,GEN 41:31,3,"Y aquella abundancia no se echará de ver a causa del hambre siguiente, la cual será gravísima.",H776,HRd/Ncfsa,in the/ land,,,,
04f30ad0fc65bb63da3b,GEN 41:31,6,"Y aquella abundancia no se echará de ver a causa del hambre siguiente, la cual será gravísima.",H1931,HTd/Pp3ms,<the>/ that,,,,
49090de3f9c7f5545343,GEN 41:31,11,"Y aquella abundancia no se echará de ver a causa del hambre siguiente, la cual será gravísima.",H1931,HPp3ms,it,,,,
b5e6c115985b885216c6,GEN 41:32,3,"Y el suceder el sueño a Faraón dos veces, significa que la cosa es firme de parte de Dios, y que Dios se apresura a hacerla.",H413,HR,to,,,,
520b7ac1b56c5575ca5f,GEN 41:34,7,"Haga esto Faraón, y ponga gobernadores sobre el país, y quinte la tierra de Egipto en los siete años de la hartura;",H853,HTo,<obj.>,,,,
25ca8cf327fb8e021569,GEN 41:35,1,"Y junten toda la provisión de estos buenos años que vienen, y alleguen el trigo bajo la mano de Faraón para mantenimiento de las ciudades; y guárdenlo.",H853,HTo,<obj.>,,,,
0c2b54823aa432bf3836,GEN 41:35,8,"Y junten toda la provisión de estos buenos años que vienen, y alleguen el trigo bajo la mano de Faraón para mantenimiento de las ciudades; y guárdenlo.",H6651,HC/Vqu3mp,and/ let them store up,,,,
f0e36feae1c172347361,GEN 41:36,8,"Y esté aquella provisión en depósito para el país, para los siete años del hambre que serán en la tierra de Egipto; y el país no perecerá de hambre.",H1961,HVqi3fp,they will be,,,,
a2fce7c7ca6e9cda69b6,GEN 41:37,0,"Y el negocio pareció bien a Faraón, y a sus siervos.",H3190,Hc/Vqw3ms,and/ it was good,,,,
842bcb281be11ea62265,GEN 41:37,4,"Y el negocio pareció bien a Faraón, y a sus siervos.",H5869,HC/R/Ncfdc,and/ in/ [the] eyes of,,,,
20c0ef23ea27d704f24c,GEN 41:37,5,"Y el negocio pareció bien a Faraón, y a sus siervos.",H3605,HNcmsc,all,,,,
29ac59063aad32e5a6e3,GEN 41:38,2,"Y dijo Faraón a sus siervos: ¿Hemos de hallar otro hombre como éste, en quien haya espíritu de Dios?",H413,HR,to,,,,
7a0655fbdba6fe67d26b,GEN 41:38,4,"Y dijo Faraón a sus siervos: ¿Hemos de hallar otro hombre como éste, en quien haya espíritu de Dios?",H4672,HTi/Vqi1cp,¿/ has he been found,,,,
e853600c8431ebda9b0d,GEN 41:39,2,"Y dijo Faraón a José: Pues que Dios te ha hecho saber todo esto, no hay entendido ni sabio como tú:",H413,HR,to,,,,
98ce454ba0484cb6c5e2,GEN 41:39,7,"Y dijo Faraón a José: Pues que Dios te ha hecho saber todo esto, no hay entendido ni sabio como tú:",H853,HTo/Sp2ms,<obj.>/ you,,,,
c7f57a4726a7f44b292a,GEN 41:39,8,"Y dijo Faraón a José: Pues que Dios te ha hecho saber todo esto, no hay entendido ni sabio como tú:",H853,HTo,<obj.>,,,,
13f8b443446316057761,GEN 41:39,14,"Y dijo Faraón a José: Pues que Dios te ha hecho saber todo esto, no hay entendido ni sabio como tú:",H3644,HRd/Sp2ms,like/ you,,,,
742d0b134f57477c072e,GEN 41:40,1,"Tú serás sobre mi casa, y por tu dicho se gobernará todo mi pueblo: solamente en el trono seré yo mayor que tú.",H1961,HVqi2ms,you will be,,,,
8029b37029ff54fd4a89,GEN 41:40,5,"Tú serás sobre mi casa, y por tu dicho se gobernará todo mi pueblo: solamente en el trono seré yo mayor que tú.",H6310,HNcmsc/Sp2ms,mouth/ your,,,,
113cdec2b0cb89286040,GEN 41:41,2,Dijo más Faraón a José: He aquí yo te he puesto sobre toda la tierra de Egipto.,H413,HR,to,,,,
f4356737601147a4cd38,GEN 41:41,6,Dijo más Faraón a José: He aquí yo te he puesto sobre toda la tierra de Egipto.,H853,HTo/Sp2ms,<obj.>/ you,,,,
96c6155f2eedaf048e10,GEN 41:42,2,"Entonces Faraón quitó su anillo de su mano, y púsolo en la mano de José, e hízole vestir de ropas de lino finísimo, y puso un collar de oro en su cuello;",H853,HTo,<obj.>,,,,
b4c83ee95c15330901a3,GEN 41:42,7,"Entonces Faraón quitó su anillo de su mano, y púsolo en la mano de José, e hízole vestir de ropas de lino finísimo, y puso un collar de oro en su cuello;",H853,HTo/Sp3fs,<obj.>/ it,,,,
75d38693fae32871526b,GEN 41:42,12,"Entonces Faraón quitó su anillo de su mano, y púsolo en la mano de José, e hízole vestir de ropas de lino finísimo, y puso un collar de oro en su cuello;",H853,HTo/Sp3ms,<obj.>/ him,,,,
d4789ab94282e0231ce2,GEN 41:42,15,"Entonces Faraón quitó su anillo de su mano, y púsolo en la mano de José, e hízole vestir de ropas de lino finísimo, y puso un collar de oro en su cuello;",H7760,Hc/Vqw3ms,and/ he put,,,,
40589dce54f382936b7c,GEN 41:42,18,"Entonces Faraón quitó su anillo de su mano, y púsolo en la mano de José, e hízole vestir de ropas de lino finísimo, y puso un collar de oro en su cuello;",H5921,HR,on,,,,
caba02488160434afd03,GEN 41:43,1,"E hízolo subir en su segundo carro, y pregonaron delante de él: Doblen la rodilla: y púsole sobre toda la tierra de Egipto.",H853,HTo/Sp3ms,<obj.>/ him,,,,
392540a80749572ff8e6,GEN 41:43,4,"E hízolo subir en su segundo carro, y pregonaron delante de él: Doblen la rodilla: y púsole sobre toda la tierra de Egipto.",H834,HTr,which,,,,
818274102334251ae097,GEN 41:43,9,"E hízolo subir en su segundo carro, y pregonaron delante de él: Doblen la rodilla: y púsole sobre toda la tierra de Egipto.",H853,HTo/Sp3ms,<obj.>/ him,,,,
3278f8def890634499c6,GEN 41:44,2,Y dijo Faraón a José: Yo Faraón; y sin ti ninguno alzará su mano ni su pie en toda la tierra de Egipto.,H413,HR,to,,,,
d0f5572764c2d8b05143,GEN 41:44,7,Y dijo Faraón a José: Yo Faraón; y sin ti ninguno alzará su mano ni su pie en toda la tierra de Egipto.,H3808,HTn,not,,,,
2798ebc41b7a57a47ebc,GEN 41:44,10,Y dijo Faraón a José: Yo Faraón; y sin ti ninguno alzará su mano ni su pie en toda la tierra de Egipto.,H853,HTo,<obj.>,,,,
32146f0061dd0baf2944,GEN 41:44,12,Y dijo Faraón a José: Yo Faraón; y sin ti ninguno alzará su mano ni su pie en toda la tierra de Egipto.,H853,HC/To,and/ <obj.>,,,,
c16d3e8eee7d3972e410,GEN 41:45,5,"Y llamó Faraón el nombre de José, Zaphnath-paaneah; y dióle por mujer a Asenath, hija de Potipherah, sacerdote de On. Y salió José por toda la tierra de Egipto.",H6847,HNpm,Paneah,,,,
5b2357b6ea11457b2021,GEN 41:45,7,"Y llamó Faraón el nombre de José, Zaphnath-paaneah; y dióle por mujer a Asenath, hija de Potipherah, sacerdote de On. Y salió José por toda la tierra de Egipto.",H853,HTo,<obj.>,,,,
a8a28f404e3e7a18d635,GEN 41:45,11,"Y llamó Faraón el nombre de José, Zaphnath-paaneah; y dióle por mujer a Asenath, hija de Potipherah, sacerdote de On. Y salió José por toda la tierra de Egipto.",H6319,HNpm,-phera,,,,
6b2a9b6d229747610762,GEN 41:46,13,"Y era José de edad de treinta años cuando fue presentado delante de Faraón, rey de Egipto: y salió José de delante de Faraón, y transitó por toda la tierra de Egipto.",H5674,Hc/Vqw3ms,and/ he passed,,,,
b4aaf7b5e6eb11806cce,GEN 41:46,14,"Y era José de edad de treinta años cuando fue presentado delante de Faraón, rey de Egipto: y salió José de delante de Faraón, y transitó por toda la tierra de Egipto.",H3605,HR/Ncmsc,in/ all,,,,
e02bb1acc5b60a1b6848,GEN 41:48,1,"Y él juntó todo el mantenimiento de los siete años que fueron en la tierra de Egipto, y guardó mantenimiento en las ciudades, poniendo en cada ciudad el mantenimiento del campo de sus alrededores.",H853,HTo,<obj.>,,,,
35e701e16a71ceebb0bb,GEN 41:48,7,"Y él juntó todo el mantenimiento de los siete años que fueron en la tierra de Egipto, y guardó mantenimiento en las ciudades, poniendo en cada ciudad el mantenimiento del campo de sus alrededores.",H1961,HVqp3cp,they were,,,,
465331ab513082d489ac,GEN 41:48,19,"Y él juntó todo el mantenimiento de los siete años que fueron en la tierra de Egipto, y guardó mantenimiento en las ciudades, poniendo en cada ciudad el mantenimiento del campo de sus alrededores.",H8432,HR/Ncmsc/Sp3fs,in/ [the] midst of/ it,,,,
3e6ec8db51dcb15e8faa,GEN 41:49,11,"Y acopió José trigo como arena de la mar, mucho en extremo, hasta no poderse contar, porque no tenía número.",H3588,HTc,for,,,,
8517ae5caef5984dfe06,GEN 41:50,4,"Y nacieron a José dos hijos antes que viniese el primer año del hambre, los cuales le parió Asenath, hija de Potipherah, sacerdote de On.",H2962,HR/Acbsa,<in>/ before,,,,
6dd6e7c20cb2b8408a5e,GEN 41:50,13,"Y nacieron a José dos hijos antes que viniese el primer año del hambre, los cuales le parió Asenath, hija de Potipherah, sacerdote de On.",H6319,HNpm,-phera,,,,
ecabccdd93e41e0ae462,GEN 41:51,2,"Y llamó José el nombre del primogénito Manasés; porque Dios (dijo) me hizo olvidar todo mi trabajo, y toda la casa de mi padre.",H853,HTo,<obj.>,,,,
914f21ccdc5f6aff2862,GEN 41:51,9,"Y llamó José el nombre del primogénito Manasés; porque Dios (dijo) me hizo olvidar todo mi trabajo, y toda la casa de mi padre.",H853,HTo,<obj.>,,,,
6ccbecc1fc3cd6620424,GEN 41:51,12,"Y llamó José el nombre del primogénito Manasés; porque Dios (dijo) me hizo olvidar todo mi trabajo, y toda la casa de mi padre.",H853,HC/To,and/ <obj.>,,,,
a74200338779f8cc1674,GEN 41:52,0,Y el nombre del segundo llamólo Ephraim; porque Dios (dijo) me hizo fértil en la tierra de mi aflicción.,H853,HC/To,and/ <obj.>,,,,
159370a02037647b4249,GEN 41:52,6,Y el nombre del segundo llamólo Ephraim; porque Dios (dijo) me hizo fértil en la tierra de mi aflicción.,H6509,HVhp3ms/Sp1bs,he has made fruitful/ me,,,,
f0366aa3f7db7c90704f,GEN 41:55,6,"Y cuando se sintió el hambre en toda la tierra de Egipto, el pueblo clamó a Faraón por pan. Y dijo Faraón a todos los Egipcios: Vayan a José, y hagan lo que él les diga.",H413,HR,to,,,,
74dd17b5529877e4d2d1,GEN 41:55,12,"Y cuando se sintió el hambre en toda la tierra de Egipto, el pueblo clamó a Faraón por pan. Y dijo Faraón a todos los Egipcios: Vayan a José, y hagan lo que él les diga.",H4713,HNpl,Egypt,,,,
23427c41a5277da86023,GEN 41:55,13,"Y cuando se sintió el hambre en toda la tierra de Egipto, el pueblo clamó a Faraón por pan. Y dijo Faraón a todos los Egipcios: Vayan a José, y hagan lo que él les diga.",H1980,HVqv2mp,go,,,,
cfccf9782ce731f52337,GEN 41:55,14,"Y cuando se sintió el hambre en toda la tierra de Egipto, el pueblo clamó a Faraón por pan. Y dijo Faraón a todos los Egipcios: Vayan a José, y hagan lo que él les diga.",H413,HR,to,,,,
bc32f89e604fc14852af,GEN 41:55,17,"Y cuando se sintió el hambre en toda la tierra de Egipto, el pueblo clamó a Faraón por pan. Y dijo Faraón a todos los Egipcios: Vayan a José, y hagan lo que él les diga.",H559,HVqi3ms,he will say,,,,
5bbba330a78b0f5dfcd2,GEN 41:55,18,"Y cuando se sintió el hambre en toda la tierra de Egipto, el pueblo clamó a Faraón por pan. Y dijo Faraón a todos los Egipcios: Vayan a José, y hagan lo que él les diga.",H6213,HVqi2mp,you will do,,,,
dbb33891cb7b98485d05,GEN 41:56,4,"Y el hambre estaba por toda la extensión del país. Entonces abrió José todo granero donde había, y vendía a los Egipcios; porque había crecido el hambre en la tierra de Egipto.",H6440,HNcmpc,[the] face of,,,,
4b4db71e429880b2f8d1,GEN 41:56,8,"Y el hambre estaba por toda la extensión del país. Entonces abrió José todo granero donde había, y vendía a los Egipcios; porque había crecido el hambre en la tierra de Egipto.",H853,HTo,<obj.>,,,,
88febc7882835bf5ff76,GEN 41:57,2,"Y toda la tierra venía a Egipto para comprar de José, porque por toda la tierra había crecido el hambre.",H935,HVqp3cp,they came,,,,
c78c4ad695621115e43c,GEN 41:57,5,"Y toda la tierra venía a Egipto para comprar de José, porque por toda la tierra había crecido el hambre.",H413,HR,to,,,,
38e8438f03de9b974576,GEN 42:1,7,"Y viendo Jacob que en Egipto había alimentos, dijo a sus hijos: ¿Por qué se están mirando?",H3290,HNpm,Jacob,,,,
556d0118269c7df3d115,GEN 42:2,7,"Y dijo: He aquí, yo he oído que hay víveres en Egipto; desciendan allá, y compren de allí para nosotros, para que podamos vivir, y no nos muramos.",H3381,HVqv2mp,go down,,,,
94192b97fc546815bbd8,GEN 42:2,9,"Y dijo: He aquí, yo he oído que hay víveres en Egipto; desciendan allá, y compren de allí para nosotros, para que podamos vivir, y no nos muramos.",H7666,HC/Vqv2mp,and/ buy grain,,,,
0ba0de4d8b7d4d93ca7b,GEN 42:4,7,Pero Jacob no envió a Benjamín hermano de José con sus hermanos; porque dijo: No sea acaso que le acontezca algún desastre.,H854,HR,with,,,,
c5d739a6606765ccfa08,GEN 42:4,12,Pero Jacob no envió a Benjamín hermano de José con sus hermanos; porque dijo: No sea acaso que le acontezca algún desastre.,H7122,HVqi3ms/Sp3ms,it should happen to/ him,,,,
d0e6034dc5641c95d798,GEN 42:6,3,"Y José era el señor de la tierra, que vendía a todo el pueblo de la tierra: y llegaron los hermanos de José, e inclináronse a él rostro por tierra.",H5921,HR,over,,,,
adfb0dd18ac70b127973,GEN 42:6,5,"Y José era el señor de la tierra, que vendía a todo el pueblo de la tierra: y llegaron los hermanos de José, e inclináronse a él rostro por tierra.",H1931,HPp3ms,he,,,,
bbed4b8079e9c20c0b40,GEN 42:7,2,"Y José como vio a sus hermanos, conociólos; pero hizo que no los conocía, y hablóles ásperamente, y les dijo: ¿De dónde han venido? Ellos respondieron: De la tierra de Canaán a comprar alimentos.",H853,HTo,<obj.>,,,,
ec9ae3c976a42ea14d5c,GEN 42:7,6,"Y José como vio a sus hermanos, conociólos; pero hizo que no los conocía, y hablóles ásperamente, y les dijo: ¿De dónde han venido? Ellos respondieron: De la tierra de Canaán a comprar alimentos.",H413,HRd/Sp3mp,to/ them,,,,
2da398afe6a518968b7f,GEN 42:7,11,"Y José como vio a sus hermanos, conociólos; pero hizo que no los conocía, y hablóles ásperamente, y les dijo: ¿De dónde han venido? Ellos respondieron: De la tierra de Canaán a comprar alimentos.",H413,HRd/Sp3mp,to/ them,,,,
c30d30eaeb9fc35d99d7,GEN 42:8,2,"José, pues, conoció a sus hermanos; pero ellos no le conocieron.",H853,HTo,<obj.>,,,,
e3fe018e0b4c8ab4b963,GEN 42:9,2,"Entonces se acordó José de los sueños que había tenido de ellos, y díjoles: Espías son; por ver lo descubierto del país han venido.",H853,HTo,<obj.>,,,,
b06efe9d01e5a1ebac17,GEN 42:9,7,"Entonces se acordó José de los sueños que había tenido de ellos, y díjoles: Espías son; por ver lo descubierto del país han venido.",H413,HRd/Sp3mp,to/ them,,,,
8684cfc4a4b3e6943c85,GEN 42:9,9,"Entonces se acordó José de los sueños que había tenido de ellos, y díjoles: Espías son; por ver lo descubierto del país han venido.",H859,HPp2mp,you,,,,
f14b7ff685b93fcfca5b,GEN 42:9,11,"Entonces se acordó José de los sueños que había tenido de ellos, y díjoles: Espías son; por ver lo descubierto del país han venido.",H853,HTo,<obj.>,,,,
eceb79cb9a26b6942546,GEN 42:11,4,Todos nosotros somos hijos de un varón: somos hombres de verdad: tus siervos nunca fueron espías.,H5168,HPp1bp,we,,,,
81d9cbe90c7ede89212d,GEN 42:12,1,Y él les dijo: No; a ver lo descubierto del país han venido.,H413,HRd/Sp3mp,to/ them,,,,
4447d41813dfc5d4fcb9,GEN 42:12,3,Y él les dijo: No; a ver lo descubierto del país han venido.,H3588,HTc,deed,,,,
96d797d53d60eb4a4d6c,GEN 42:14,6,"Y José les dijo: Eso es lo que les he dicho, afirmando que son espías:",H413,HRd/Sp2mp,to/ you,,,,
dff243f740164b2b922e,GEN 42:14,9,"Y José les dijo: Eso es lo que les he dicho, afirmando que son espías:",H859,HPp2mp,you,,,,
3a5866c599bad6e61987,GEN 42:15,5,"En esto serán probados: Vive Faraón que no saldrán de aquí, sino cuando su hermano menor aquí venga.",H3318,HVqi2mp,you will go out,,,,
6199136ecd35d5030e3b,GEN 42:15,7,"En esto serán probados: Vive Faraón que no saldrán de aquí, sino cuando su hermano menor aquí venga.",H3588,HTc,that,,,,
4085509248a60eca1a01,GEN 42:15,8,"En esto serán probados: Vive Faraón que no saldrán de aquí, sino cuando su hermano menor aquí venga.",H518,HTc,except,,,,
2025aaaab3f94cbcc7fd,GEN 42:15,9,"En esto serán probados: Vive Faraón que no saldrán de aquí, sino cuando su hermano menor aquí venga.",H935,HR/Vqcc,when/ comes,,,,
790673ed458d002aef0f,GEN 42:16,0,"Envíen uno de ustedes, y traiga a su hermano; y ustedes queden presos, y sus palabras serán probadas, si hay verdad con ustedes: y si no, vive Faraón, que son espías.",H7971,HVqv2mp,send,,,,
5563be7cc1cfb9a90a5f,GEN 42:16,3,"Envíen uno de ustedes, y traiga a su hermano; y ustedes queden presos, y sus palabras serán probadas, si hay verdad con ustedes: y si no, vive Faraón, que son espías.",H853,HTo,<obj.>,,,,
fd56e16de04da32bf4a9,GEN 42:16,5,"Envíen uno de ustedes, y traiga a su hermano; y ustedes queden presos, y sus palabras serán probadas, si hay verdad con ustedes: y si no, vive Faraón, que son espías.",H859,HC/Pp2mp,and/ you,,,,
b6333ff74cf854d318f3,GEN 42:16,10,"Envíen uno de ustedes, y traiga a su hermano; y ustedes queden presos, y sus palabras serán probadas, si hay verdad con ustedes: y si no, vive Faraón, que son espías.",H854,HRd/Sp2mp,with/ you,,,,
8f372d41e1fedf15b0db,GEN 42:16,17,"Envíen uno de ustedes, y traiga a su hermano; y ustedes queden presos, y sus palabras serán probadas, si hay verdad con ustedes: y si no, vive Faraón, que son espías.",H859,HPp2mp,you,,,,
00412c0eb8e11479e7d2,GEN 42:17,1,Y juntólos en la cárcel por tres días.,H853,HTo/Sp3mp,<obj.>/ them,,,,
576c045b3692ff7c00c0,GEN 42:18,1,"Y al tercer día díjoles José: Hagan esto, y vivan: Yo temo a Dios:",H413,HRd/Sp3mp,to/ them,,,,
67d5cf9cb3fdff43535f,GEN 42:18,6,"Y al tercer día díjoles José: Hagan esto, y vivan: Yo temo a Dios:",H6213,HVqv2mp,do,,,,
5b5a5ef097b590769ddc,GEN 42:18,7,"Y al tercer día díjoles José: Hagan esto, y vivan: Yo temo a Dios:",H2421,HC/Vqv2mp,and/ live,,,,
0af368a32d3ee1749e34,GEN 42:18,8,"Y al tercer día díjoles José: Hagan esto, y vivan: Yo temo a Dios:",H853,HTo,<obj.>,,,,
da4d27f64f44faa5e459,GEN 42:18,11,"Y al tercer día díjoles José: Hagan esto, y vivan: Yo temo a Dios:",H3373,HVqrmsa,[am] fearing,,,,
29f530d2c3f1d44e2960,GEN 42:19,2,"Si son hombres de verdad, quede preso en la casa de su cárcel uno de sus hermanos; y ustedes vayan, lleven el alimento para el hambre de su casa:",H859,HPp2mp,you,,,,
1985c31438728d0d0775,GEN 42:19,8,"Si son hombres de verdad, quede preso en la casa de su cárcel uno de sus hermanos; y ustedes vayan, lleven el alimento para el hambre de su casa:",H859,HC/Pp2mp,and/ you,,,,
270f319f994d61c08e54,GEN 42:19,9,"Si son hombres de verdad, quede preso en la casa de su cárcel uno de sus hermanos; y ustedes vayan, lleven el alimento para el hambre de su casa:",H1980,HVqv2mp,go,,,,
80b2228e9739f0820122,GEN 42:19,10,"Si son hombres de verdad, quede preso en la casa de su cárcel uno de sus hermanos; y ustedes vayan, lleven el alimento para el hambre de su casa:",H935,HVhv2mp,take,,,,
3fe826838eee9f89d956,GEN 42:20,0,"Pero han de traerme a su hermano menor, y serán verificadas sus palabras, y no morirán. Y ellos lo hicieron así.",H853,HC/To,and/ <obj.>,,,,
247d47dfcae9b67ce873,GEN 42:20,4,"Pero han de traerme a su hermano menor, y serán verificadas sus palabras, y no morirán. Y ellos lo hicieron así.",H413,HRd/Sp1bs,to/ me,,,,
64ca6f5c89b729175688,GEN 42:20,8,"Pero han de traerme a su hermano menor, y serán verificadas sus palabras, y no morirán. Y ellos lo hicieron así.",H4191,HVqi2mp,you will die,,,,
6b33a6a2463c9e7c47b2,GEN 42:21,8,"Y decían el uno al otro: Verdaderamente hemos pecado contra nuestro hermano, que vimos la angustia de su alma cuando nos rogaba, y no le oímos: por eso ha venido sobre nosotros esta angustia.",H251,HNcmsc/Sp1bp,brother/ our,,,,
9c43fb531ff4860ae6f2,GEN 42:21,9,"Y decían el uno al otro: Verdaderamente hemos pecado contra nuestro hermano, que vimos la angustia de su alma cuando nos rogaba, y no le oímos: por eso ha venido sobre nosotros esta angustia.",H834,HTr,who,,,,
7fac3e132258a39e4ca0,GEN 42:21,16,"Y decían el uno al otro: Verdaderamente hemos pecado contra nuestro hermano, que vimos la angustia de su alma cuando nos rogaba, y no le oímos: por eso ha venido sobre nosotros esta angustia.",H8085,HVqp1cp,we listened,,,,
70d30069dcdfb3dc00a2,GEN 42:22,2,"Entonces Rubén les respondió, diciendo: ¿No les hablé yo y dije: No pequen contra el mozo; y no escucharon? He aquí también su sangre es requerida.",H853,HTo/Sp3mp,<obj.>/ them,,,,
00b623331abea4ac8fa5,GEN 42:22,6,"Entonces Rubén les respondió, diciendo: ¿No les hablé yo y dije: No pequen contra el mozo; y no escucharon? He aquí también su sangre es requerida.",H413,HRd/Sp2mp,to/ you,,,,
13440a736d8812952367,GEN 42:22,9,"Entonces Rubén les respondió, diciendo: ¿No les hablé yo y dije: No pequen contra el mozo; y no escucharon? He aquí también su sangre es requerida.",H2398,HVqj2mp,you sin,,,,
a17165ded83d16c466c1,GEN 42:22,12,"Entonces Rubén les respondió, diciendo: ¿No les hablé yo y dije: No pequen contra el mozo; y no escucharon? He aquí también su sangre es requerida.",H8085,HVqp2mp,you listened,,,,
43393ab717774b1765dc,GEN 42:23,7,"Y ellos no sabían que los entendía José, porque había intérprete entre ellos.",H3887,HTd/Vhrmsa,the/ interpreter,,,,
228cc3e0e6a2ed6ddc09,GEN 42:24,6,"Y apartóse él de ellos, y lloró: después volvió a ellos, y les habló, y tomó de entre ellos a Simeón, y aprisionóle a vista de ellos.",H413,HRd/Sp3mp,to/ them,,,,
fef2d1eea788c8a3e984,GEN 42:24,8,"Y apartóse él de ellos, y lloró: después volvió a ellos, y les habló, y tomó de entre ellos a Simeón, y aprisionóle a vista de ellos.",H854,HR/Rd/Sp3mp,from/ with <the>/ them,,,,
5c7c149a9184db4f2a93,GEN 42:24,12,"Y apartóse él de ellos, y lloró: después volvió a ellos, y les habló, y tomó de entre ellos a Simeón, y aprisionóle a vista de ellos.",H853,HTo/Sp3ms,<obj.>/ him,,,,
38ea3a7d8cdecd5e06aa,GEN 42:25,3,"Y mandó José que llenaran sus sacos de trigo, y devolviesen el dinero de cada uno de ellos, poniéndolo en su saco, y les diesen comida para el camino: e hízose así con ellos.",H853,HTo,<obj.>,,,,
0c9f2576573556a0c69c,GEN 42:25,14,"Y mandó José que llenaran sus sacos de trigo, y devolviesen el dinero de cada uno de ellos, poniéndolo en su saco, y les diesen comida para el camino: e hízose así con ellos.",H6213,Hc/Vqw3ms,and/ someone did,,,,
58527a3df01bce6135f8,GEN 42:26,1,"Y ellos pusieron su trigo sobre sus asnos, y fuéronse de allí.",H853,HTo,<obj.>,,,,
22ae1eb92f42ef307cda,GEN 42:26,5,"Y ellos pusieron su trigo sobre sus asnos, y fuéronse de allí.",H1980,Hc/Vqw3mp,and/ they went,,,,
670ea4b47cacfbc3f488,GEN 42:27,2,"Y abriendo uno de ellos su saco para dar de comer a su asno en el mesón, vio su dinero que estaba en la boca de su costal.",H853,HTo,<obj.>,,,,
26b81904cb2be82e07ca,GEN 42:27,9,"Y abriendo uno de ellos su saco para dar de comer a su asno en el mesón, vio su dinero que estaba en la boca de su costal.",H853,HTo,<obj.>,,,,
13b40670958e754e6865,GEN 42:27,11,"Y abriendo uno de ellos su saco para dar de comer a su asno en el mesón, vio su dinero que estaba en la boca de su costal.",H2009,HC/Tj,and/ there!,,,,
1eb246a5ff5e93a6edc7,GEN 42:28,5,"Y dijo a sus hermanos: Mi dinero se me ha devuelto, y aun helo aquí en mi saco. Sobresaltóseles entonces el corazón, y espantados dijeron el uno al otro: ¿Qué es esto que nos ha hecho Dios?",H1571,HC/D,and/ also,,,,
45def3b02f9253c8a532,GEN 42:28,12,"Y dijo a sus hermanos: Mi dinero se me ha devuelto, y aun helo aquí en mi saco. Sobresaltóseles entonces el corazón, y espantados dijeron el uno al otro: ¿Qué es esto que nos ha hecho Dios?",H413,HR,to,,,,
a0c45da0bb32342e90c4,GEN 42:28,13,"Y dijo a sus hermanos: Mi dinero se me ha devuelto, y aun helo aquí en mi saco. Sobresaltóseles entonces el corazón, y espantados dijeron el uno al otro: ¿Qué es esto que nos ha hecho Dios?",H251,HNcmsc/Sp3ms,brother/ his,,,,
a3058a7798b9ddff4696,GEN 42:29,1,"Y venidos a Jacob su padre en tierra de Canaán, contáronle todo lo que les había acaecido, diciendo:",H413,HR,to,,,,
563f89ccf8c4bfd0562b,GEN 42:29,7,"Y venidos a Jacob su padre en tierra de Canaán, contáronle todo lo que les había acaecido, diciendo:",H853,HTo,<obj.>,,,,
a45fa9180c81efa69276,GEN 42:29,10,"Y venidos a Jacob su padre en tierra de Canaán, contáronle todo lo que les había acaecido, diciendo:",H853,HTo/Sp3mp,<obj.>/ them,,,,
5ee8908f3e23bc4dfe8c,GEN 42:30,7,"Aquel varón, señor de la tierra, nos habló ásperamente, y nos trató como a espías de la tierra:",H853,HTo/Sp1bp,<obj.>/ us,,,,
552c9be769886ebbba9c,GEN 42:30,9,"Aquel varón, señor de la tierra, nos habló ásperamente, y nos trató como a espías de la tierra:",H853,HTo,<obj.>,,,,
1ae731bba76086ac5a94,GEN 42:31,3,"Y nosotros le dijimos: Somos hombres de verdad, nunca fuimos espías:",H587,HPp1bp,we,,,,
c78dc0c7a6aea7c743fa,GEN 42:33,9,"Y aquel varón, señor de la tierra, nos dijo: En esto conoceré que son hombres de verdad; dejen conmigo uno de sus hermanos, y tomen para el hambre de sus casas, y anden,",H859,HPp2mp,you,,,,
7e1c80cd702a4dd1f32f,GEN 42:33,12,"Y aquel varón, señor de la tierra, nos dijo: En esto conoceré que son hombres de verdad; dejen conmigo uno de sus hermanos, y tomen para el hambre de sus casas, y anden,",H5117,HVhv2mp,leave,,,,
3f4e5b023ac1b453ba4c,GEN 42:33,14,"Y aquel varón, señor de la tierra, nos dijo: En esto conoceré que son hombres de verdad; dejen conmigo uno de sus hermanos, y tomen para el hambre de sus casas, y anden,",H853,HC/To,and/ <obj.>,,,,
b7b2d2718a5627f25d75,GEN 42:33,17,"Y aquel varón, señor de la tierra, nos dijo: En esto conoceré que son hombres de verdad; dejen conmigo uno de sus hermanos, y tomen para el hambre de sus casas, y anden,",H3947,HVqv2mp,take,,,,
dfcd60c18097185917f1,GEN 42:33,18,"Y aquel varón, señor de la tierra, nos dijo: En esto conoceré que son hombres de verdad; dejen conmigo uno de sus hermanos, y tomen para el hambre de sus casas, y anden,",H1980,HC/Vqv2mp,and/ go,,,,
50c60c6baccdbb197d0e,GEN 42:34,0,"Y tráiganme a su hermano el menor, para que yo sepa que no son espías, sino hombres de verdad: así les daré a su hermano, y negociarán en la tierra.",H935,HC/Vhv2mp,and/ bring,,,,
9f4a6bbb70c6ad87d729,GEN 42:34,1,"Y tráiganme a su hermano el menor, para que yo sepa que no son espías, sino hombres de verdad: así les daré a su hermano, y negociarán en la tierra.",H853,HTo,<obj.>,,,,
7350ca2b62e85a158409,GEN 42:34,4,"Y tráiganme a su hermano el menor, para que yo sepa que no son espías, sino hombres de verdad: así les daré a su hermano, y negociarán en la tierra.",H413,HRd/Sp1bs,to/ me,,,,
a6210c85945cca68e2b1,GEN 42:34,9,"Y tráiganme a su hermano el menor, para que yo sepa que no son espías, sino hombres de verdad: así les daré a su hermano, y negociarán en la tierra.",H859,HPp2mp,you,,,,
627c01f395260e8c58e9,GEN 42:34,12,"Y tráiganme a su hermano el menor, para que yo sepa que no son espías, sino hombres de verdad: así les daré a su hermano, y negociarán en la tierra.",H859,HPp2mp,you,,,,
8f0573d65d94bd573feb,GEN 42:34,13,"Y tráiganme a su hermano el menor, para que yo sepa que no son espías, sino hombres de verdad: así les daré a su hermano, y negociarán en la tierra.",H853,HTo,<obj.>,,,,
d61a62bdc0394a5e977b,GEN 42:34,16,"Y tráiganme a su hermano el menor, para que yo sepa que no son espías, sino hombres de verdad: así les daré a su hermano, y negociarán en la tierra.",H853,HC/To,and/ <obj.>,,,,
3b0062c2a0609c056ddd,GEN 42:34,18,"Y tráiganme a su hermano el menor, para que yo sepa que no son espías, sino hombres de verdad: así les daré a su hermano, y negociarán en la tierra.",H5503,HVqi2mp,you will go about in,,,,
8023dc081809925a9103,GEN 42:35,2,"Y aconteció que vaciando ellos sus sacos, he aquí que en el saco de cada uno estaba el atado de su dinero: y viendo ellos y su padre los atados de su dinero, tuvieron temor.",H7324,HVhrmpa,[were] emptying,,,,
f98d418a7bc651d1e6e2,GEN 42:35,10,"Y aconteció que vaciando ellos sus sacos, he aquí que en el saco de cada uno estaba el atado de su dinero: y viendo ellos y su padre los atados de su dinero, tuvieron temor.",H853,HTo,<obj.>,,,,
be68dff09614952a205c,GEN 42:36,4,"Entonces su padre Jacob les dijo: Habéisme privado de mis hijos; José no parece, ni Simeón tampoco, y a Benjamín le llevarán: contra mí son todas estas cosas.",H853,HTo/Sp1bs,<obj.>/ me,,,,
71ad02140d4628cabad8,GEN 42:36,10,"Entonces su padre Jacob les dijo: Habéisme privado de mis hijos; José no parece, ni Simeón tampoco, y a Benjamín le llevarán: contra mí son todas estas cosas.",H853,HC/To,and/ <obj.>,,,,
4561c030674a4fb6d5e9,GEN 42:36,12,"Entonces su padre Jacob les dijo: Habéisme privado de mis hijos; José no parece, ni Simeón tampoco, y a Benjamín le llevarán: contra mí son todas estas cosas.",H3947,HVqi2mp,you will take,,,,
6ca1d7a1793ec94c6372,GEN 42:37,5,"Y Rubén habló a su padre, diciendo: Harás morir a mis dos hijos, si no te lo vuelve; entrégalo en mi mano, que yo lo volveré a ti.",H853,HTo,<obj.>,,,,
9a7f8894f72aa705da87,GEN 42:37,11,"Y Rubén habló a su padre, diciendo: Harás morir a mis dos hijos, si no te lo vuelve; entrégalo en mi mano, que yo lo volveré a ti.",H935,HVhi1cs/Sp3ms,I will bring/ him,,,,
5e7ab7c6116ed436f6c4,GEN 42:37,12,"Y Rubén habló a su padre, diciendo: Harás morir a mis dos hijos, si no te lo vuelve; entrégalo en mi mano, que yo lo volveré a ti.",H413,HRd/Sp2ms,to/ you,,,,
35de6a8b251e7e4d4ce3,GEN 42:37,14,"Y Rubén habló a su padre, diciendo: Harás morir a mis dos hijos, si no te lo vuelve; entrégalo en mi mano, que yo lo volveré a ti.",H853,HTo/Sp3ms,<obj.>/ him,,,,
9276339cd144a80fd243,GEN 42:37,19,"Y Rubén habló a su padre, diciendo: Harás morir a mis dos hijos, si no te lo vuelve; entrégalo en mi mano, que yo lo volveré a ti.",H413,HR/Sp2ms,to/ you,,,,
966be49e24f696834978,GEN 42:38,5,"Y él dijo: No descenderá mi hijo con ustedes; que su hermano es muerto, y él solo ha quedado: y si le acontece algún desastre en el camino por donde van, harán descender mis canas con dolor a la sepultura.",H3588,HTc,for,,,,
789296647dd47e84ea7d,GEN 42:38,9,"Y él dijo: No descenderá mi hijo con ustedes; que su hermano es muerto, y él solo ha quedado: y si le acontece algún desastre en el camino por donde van, harán descender mis canas con dolor a la sepultura.",H905,HR/Ncmsc/Sp3ms,to/ only/ him,,,,
09851828d77a33e7f3a5,GEN 42:38,11,"Y él dijo: No descenderá mi hijo con ustedes; que su hermano es muerto, y él solo ha quedado: y si le acontece algún desastre en el camino por donde van, harán descender mis canas con dolor a la sepultura.",H7122,Hc/Vqq3ms/Sp3ms,and/ it will happen to/ him,,,,
39f1bdd71692fc91ace1,GEN 42:38,15,"Y él dijo: No descenderá mi hijo con ustedes; que su hermano es muerto, y él solo ha quedado: y si le acontece algún desastre en el camino por donde van, harán descender mis canas con dolor a la sepultura.",H1980,HVqi2mp,you will go,,,,
e72ff0d77e655751cc87,GEN 42:38,17,"Y él dijo: No descenderá mi hijo con ustedes; que su hermano es muerto, y él solo ha quedado: y si le acontece algún desastre en el camino por donde van, harán descender mis canas con dolor a la sepultura.",H853,HTo,<obj.>,,,,
e002b15d13c232fd730a,GEN 43:2,4,"Y aconteció que como acabaron de comer el trigo que trajeron de Egipto, díjoles su padre: Vuelvan, y compren para nosotros un poco de alimento.",H853,HTo,<obj.>,,,,
edc130b9843517a117b8,GEN 43:2,6,"Y aconteció que como acabaron de comer el trigo que trajeron de Egipto, díjoles su padre: Vuelvan, y compren para nosotros un poco de alimento.",H834,HTr,which,,,,
79b6ee4e00b4a1bfad3c,GEN 43:2,10,"Y aconteció que como acabaron de comer el trigo que trajeron de Egipto, díjoles su padre: Vuelvan, y compren para nosotros un poco de alimento.",H413,HR/Sp3mp,to/ them,,,,
3266296b4d80897efcf6,GEN 43:2,12,"Y aconteció que como acabaron de comer el trigo que trajeron de Egipto, díjoles su padre: Vuelvan, y compren para nosotros un poco de alimento.",H7725,HVqv2mp,go back,,,,
689ddcf16e22b280bf59,GEN 43:2,13,"Y aconteció que como acabaron de comer el trigo que trajeron de Egipto, díjoles su padre: Vuelvan, y compren para nosotros un poco de alimento.",H7666,HVqv2mp,buy,,,,
e0dcedcf7b89947dc6fe,GEN 43:3,1,"Y respondió Judá, diciendo: Aquel varón nos protestó con ánimo resuelto, diciendo: No verán mi rostro sin su hermano con ustedes.",H413,HR/Sp3ms,to/ him,,,,
9d821d2e43c7c1351b3d,GEN 43:3,4,"Y respondió Judá, diciendo: Aquel varón nos protestó con ánimo resuelto, diciendo: No verán mi rostro sin su hermano con ustedes.",H5749,HVhaa,certainly <to warn>,,,,
84a743c8271436dd95dc,GEN 43:3,5,"Y respondió Judá, diciendo: Aquel varón nos protestó con ánimo resuelto, diciendo: No verán mi rostro sin su hermano con ustedes.",H5749,HVhp3ms,he warned,,,,
8585c48420630feb983d,GEN 43:3,9,"Y respondió Judá, diciendo: Aquel varón nos protestó con ánimo resuelto, diciendo: No verán mi rostro sin su hermano con ustedes.",H7200,HVqi2mp,you will see,,,,
698d76c20bd674812e63,GEN 43:3,11,"Y respondió Judá, diciendo: Aquel varón nos protestó con ánimo resuelto, diciendo: No verán mi rostro sin su hermano con ustedes.",H1115,HNcbsa,except,,,,
17b5936c6d3212928222,GEN 43:4,1,"Si enviares a nuestro hermano con nosotros, descenderemos y te compraremos alimento:",H3426,HAcbsc/Sp2ms,there/ you,,,,
fd0c0a07ee13d835ab53,GEN 43:4,5,"Si enviares a nuestro hermano con nosotros, descenderemos y te compraremos alimento:",H854,HR/Sp1bp,with/ us,,,,
1f21c6460c0aff79034a,GEN 43:5,10,"Pero si no le enviares, no descenderemos: porque aquel varón nos dijo: No verán mi rostro sin su hermano con ustedes.",H7200,HVqi2mp,you will see,,,,
cd6fa4701aecff29fc46,GEN 43:5,12,"Pero si no le enviares, no descenderemos: porque aquel varón nos dijo: No verán mi rostro sin su hermano con ustedes.",H1115,HNcbsa,except,,,,
2243a8bf7843944a811c,GEN 43:6,3,"Y dijo Israel: ¿Por qué me hicieron tanto mal, declarando al varón que tenían más hermano?",H7489,HVhp2mp,did you do harm,,,,
20a9e97494b3f3a6c7b1,GEN 43:6,6,"Y dijo Israel: ¿Por qué me hicieron tanto mal, declarando al varón que tenían más hermano?",H5750,HTi/Acmsa,¿/ still,,,,
5cd122c4e043ae9582f3,GEN 43:7,9,"Y ellos respondieron: Aquel varón nos preguntó expresamente por nosotros, y por nuestra parentela, diciendo: ¿Vive aún su padre? ¿tienen otro hermano? y declarámosle conforme a estas palabras. ¿Podíamos nosotros saber que había de decir: Hagan venir a su hermano?",H3426,HTi/Acbsa,¿/ [does] there,,,,
f928951dae43eb063234,GEN 43:7,12,"Y ellos respondieron: Aquel varón nos preguntó expresamente por nosotros, y por nuestra parentela, diciendo: ¿Vive aún su padre? ¿tienen otro hermano? y declarámosle conforme a estas palabras. ¿Podíamos nosotros saber que había de decir: Hagan venir a su hermano?",H5921,HR,on,,,,
a459158cbda074ac2534,GEN 43:7,13,"Y ellos respondieron: Aquel varón nos preguntó expresamente por nosotros, y por nuestra parentela, diciendo: ¿Vive aún su padre? ¿tienen otro hermano? y declarámosle conforme a estas palabras. ¿Podíamos nosotros saber que había de decir: Hagan venir a su hermano?",H6310,HNcmsc,[the] mouth of,,,,
41161bfb4420b4ff62a8,GEN 43:7,21,"Y ellos respondieron: Aquel varón nos preguntó expresamente por nosotros, y por nuestra parentela, diciendo: ¿Vive aún su padre? ¿tienen otro hermano? y declarámosle conforme a estas palabras. ¿Podíamos nosotros saber que había de decir: Hagan venir a su hermano?",H853,HTo,<obj.>,,,,
2a35997815cf878a8ce6,GEN 43:8,2,"Entonces Judá dijo a Israel su padre: Envía al mozo conmigo, y nos levantaremos e iremos, a fin que vivamos y no muramos nosotros, y tú, y nuestros niños.",H413,HR,to,,,,
c63494ee74382600db41,GEN 43:8,9,"Entonces Judá dijo a Israel su padre: Envía al mozo conmigo, y nos levantaremos e iremos, a fin que vivamos y no muramos nosotros, y tú, y nuestros niños.",H1980,HC/Vqc1cp,and/ we will go,,,,
ab6126cba9124bdca359,GEN 43:8,13,"Entonces Judá dijo a Israel su padre: Envía al mozo conmigo, y nos levantaremos e iremos, a fin que vivamos y no muramos nosotros, y tú, y nuestros niños.",H1571,HD,both,,,,
3b6da026c5d8c6030a72,GEN 43:8,15,"Entonces Judá dijo a Israel su padre: Envía al mozo conmigo, y nos levantaremos e iremos, a fin que vivamos y no muramos nosotros, y tú, y nuestros niños.",H1571,HD,as well as,,,,
c7a1da979899ff7f8985,GEN 43:8,17,"Entonces Judá dijo a Israel su padre: Envía al mozo conmigo, y nos levantaremos e iremos, a fin que vivamos y no muramos nosotros, y tú, y nuestros niños.",H1571,HD,as well as,,,,
eda9446ee18e2352fe05,GEN 43:9,1,"Yo lo fío; a mí me pedirás cuenta de él: si yo no te lo vuelvo y lo pongo delante de ti, seré para ti el culpante todos los días:",H6148,HVqi1cs/Sp3ms,I will stand surety for/ him,,,,
5c22246dddc6527b11a1,GEN 43:9,6,"Yo lo fío; a mí me pedirás cuenta de él: si yo no te lo vuelvo y lo pongo delante de ti, seré para ti el culpante todos los días:",H935,HVhp1cs/Sp3ms,I have brought/ him,,,,
311077de72c8bb2e52ae,GEN 43:9,7,"Yo lo fío; a mí me pedirás cuenta de él: si yo no te lo vuelvo y lo pongo delante de ti, seré para ti el culpante todos los días:",H413,HR/Sp2ms,to/ you,,,,
48dbb59b0d811b2cd98b,GEN 43:9,8,"Yo lo fío; a mí me pedirás cuenta de él: si yo no te lo vuelvo y lo pongo delante de ti, seré para ti el culpante todos los días:",H3322,Hc/Vhq1cs/Sp3ms,and/ I will set/ him,,,,
c365330888ce905a72e7,GEN 43:10,2,"Que si no nos hubiéramos detenido, cierto ahora hubiéramos ya vuelto dos veces.",H4102,HVtp1cp,we had delayed,,,,
b4b87a2c303555fc4782,GEN 43:10,3,"Que si no nos hubiéramos detenido, cierto ahora hubiéramos ya vuelto dos veces.",H3588,HTc,for,,,,
8c88e6c267d111d9892d,GEN 43:10,6,"Que si no nos hubiéramos detenido, cierto ahora hubiéramos ya vuelto dos veces.",H2088,HTm,this,,,,
b1c8f45cba34fd803c9c,GEN 43:11,7,"Entonces Israel su padre les respondió: Pues que así es, háganlo; tomen de lo mejor de la tierra en sus vasos, y lleven a aquel varón un presente, un poco de bálsamo, y un poco de miel, aromas y mirra, nueces y almendras.",H2063,HTm,this,,,,
d2dfa34851186adfb4c2,GEN 43:11,8,"Entonces Israel su padre les respondió: Pues que así es, háganlo; tomen de lo mejor de la tierra en sus vasos, y lleven a aquel varón un presente, un poco de bálsamo, y un poco de miel, aromas y mirra, nueces y almendras.",H6213,HVqv2mp,do,,,,
4f6f4c409e661fcf200c,GEN 43:11,9,"Entonces Israel su padre les respondió: Pues que así es, háganlo; tomen de lo mejor de la tierra en sus vasos, y lleven a aquel varón un presente, un poco de bálsamo, y un poco de miel, aromas y mirra, nueces y almendras.",H3947,HVqv2mp,take,,,,
b86c3c6b8ed4394abd55,GEN 43:11,13,"Entonces Israel su padre les respondió: Pues que así es, háganlo; tomen de lo mejor de la tierra en sus vasos, y lleven a aquel varón un presente, un poco de bálsamo, y un poco de miel, aromas y mirra, nueces y almendras.",H3381,HC/Vhv2mp,and/ take down,,,,
a6b2fc819f2f3e64957c,GEN 43:12,1,"Y tomen en sus manos doblado dinero, y lleven en su mano el dinero vuelto en las bocas de sus costales; quizá fue yerro.",H4932,HNcmsa,double,,,,
8bdcccc0821d20aca9f6,GEN 43:12,2,"Y tomen en sus manos doblado dinero, y lleven en su mano el dinero vuelto en las bocas de sus costales; quizá fue yerro.",H3947,HVqv2mp,take,,,,
7846dbe0d3c8e7d4585e,GEN 43:12,4,"Y tomen en sus manos doblado dinero, y lleven en su mano el dinero vuelto en las bocas de sus costales; quizá fue yerro.",H853,HC/To,and/ <obj.>,,,,
37e31c4830fa5fd2c332,GEN 43:12,9,"Y tomen en sus manos doblado dinero, y lleven en su mano el dinero vuelto en las bocas de sus costales; quizá fue yerro.",H7725,HVhi2mp,you will take back,,,,
25880515d09ae71ff56c,GEN 43:12,13,"Y tomen en sus manos doblado dinero, y lleven en su mano el dinero vuelto en las bocas de sus costales; quizá fue yerro.",H1931,HPp3ms,it,,,,
650a46b0871e6d810efb,GEN 43:13,0,"Tomen también a su hermano, y levántense, y vuelvan a aquel varón.",H853,HC/To,and/ <obj.>,,,,
187aa771fb6e45406663,GEN 43:13,2,"Tomen también a su hermano, y levántense, y vuelvan a aquel varón.",H3947,HVqv2mp,take,,,,
326bc5801f6b9073b145,GEN 43:13,3,"Tomen también a su hermano, y levántense, y vuelvan a aquel varón.",H6965,HC/Vqv2mp,and/ arise,,,,
a146001b491d688f315a,GEN 43:13,4,"Tomen también a su hermano, y levántense, y vuelvan a aquel varón.",H7725,HVqv2mp,go back,,,,
d1dd1e441d8439f0ea93,GEN 43:13,5,"Tomen también a su hermano, y levántense, y vuelvan a aquel varón.",H413,HR,to,,,,
50c8c6d9509ffb1db08a,GEN 43:14,1,"Y el Dios Omnipotente les dé misericordias delante de aquel varón, y les suelte al otro su hermano, y a este Benjamín. Y si he de ser privado de mis hijos, séalo.",H7706,HNpt,Almighty,,,,
e0044f37f38e4830383d,GEN 43:14,3,"Y el Dios Omnipotente les dé misericordias delante de aquel varón, y les suelte al otro su hermano, y a este Benjamín. Y si he de ser privado de mis hijos, séalo.",H7356,HNcmpa,compassion<s>,,,,
229cbf67eddd35722313,GEN 43:14,7,"Y el Dios Omnipotente les dé misericordias delante de aquel varón, y les suelte al otro su hermano, y a este Benjamín. Y si he de ser privado de mis hijos, séalo.",H853,HTo,<obj.>,,,,
e04f0d24f30484300d90,GEN 43:14,10,"Y el Dios Omnipotente les dé misericordias delante de aquel varón, y les suelte al otro su hermano, y a este Benjamín. Y si he de ser privado de mis hijos, séalo.",H853,HC/To,and/ <obj.>,,,,
2d408d3011142ae61513,GEN 43:15,2,"Entonces tomaron aquellos varones el presente, y tomaron en su mano doblado dinero, y a Benjamín; y se levantaron, y descendieron a Egipto, y presentáronse delante de José.",H853,HTo,<obj.>,,,,
65f3c603dd1b82640e2c,GEN 43:15,4,"Entonces tomaron aquellos varones el presente, y tomaron en su mano doblado dinero, y a Benjamín; y se levantaron, y descendieron a Egipto, y presentáronse delante de José.",H2063,HTd/Tm,<the>/ this,,,,
d6847369140c5c449cba,GEN 43:15,9,"Entonces tomaron aquellos varones el presente, y tomaron en su mano doblado dinero, y a Benjamín; y se levantaron, y descendieron a Egipto, y presentáronse delante de José.",H853,HC/To,and/ <obj.>,,,,
541cbc19941a6470f0c0,GEN 43:16,6,"Y vio José a Benjamín con ellos, y dijo al mayordomo de su casa: Mete en casa a esos hombres, y degüella víctima, y aderézala; porque estos hombres comerán conmigo al medio día.",H834,HR/Tr,to/ [the one] who,,,,
964f9c58e57f343c8137,GEN 43:16,9,"Y vio José a Benjamín con ellos, y dijo al mayordomo de su casa: Mete en casa a esos hombres, y degüella víctima, y aderézala; porque estos hombres comerán conmigo al medio día.",H935,HVhv2ms,bring,,,,
19183ce66aed8aaeb2a6,GEN 43:16,10,"Y vio José a Benjamín con ellos, y dijo al mayordomo de su casa: Mete en casa a esos hombres, y degüella víctima, y aderézala; porque estos hombres comerán conmigo al medio día.",H853,HTo,<obj.>,,,,
49dc43ef373dc7fb69b1,GEN 43:16,15,"Y vio José a Benjamín con ellos, y dijo al mayordomo de su casa: Mete en casa a esos hombres, y degüella víctima, y aderézala; porque estos hombres comerán conmigo al medio día.",H3559,HC/Vhv2ms,and/ prepare [it],,,,
8e1678f59d789ab5acdd,GEN 43:16,16,"Y vio José a Benjamín con ellos, y dijo al mayordomo de su casa: Mete en casa a esos hombres, y degüella víctima, y aderézala; porque estos hombres comerán conmigo al medio día.",H3588,HTc,for,,,,
a7b4b85389be2f8d501b,GEN 43:16,17,"Y vio José a Benjamín con ellos, y dijo al mayordomo de su casa: Mete en casa a esos hombres, y degüella víctima, y aderézala; porque estos hombres comerán conmigo al medio día.",H854,HR/Sp1bs,with/ me,,,,
f1c9b01e222910e1e305,GEN 43:17,7,E hizo el hombre como José dijo; y metió aquel hombre a los hombres en casa de José.,H853,HTo,<obj.>,,,,
09f44811a90d7a3e420c,GEN 43:18,3,"Y aquellos hombres tuvieron temor, cuando fueron metidos en casa de José, y decían: Por el dinero que fue vuelto en nuestros costales la primera vez nos han metido aquí, para revolver contra nosotros, y dar sobre nosotros, y tomarnos por siervos a nosotros, y a nuestros asnos.",H935,HVHp3cp,they were brought,,,,
94016e4ddea3e5f1f581,GEN 43:18,7,"Y aquellos hombres tuvieron temor, cuando fueron metidos en casa de José, y decían: Por el dinero que fue vuelto en nuestros costales la primera vez nos han metido aquí, para revolver contra nosotros, y dar sobre nosotros, y tomarnos por siervos a nosotros, y a nuestros asnos.",H5921,HR,on,,,,
1cc845dd7763e6215b0a,GEN 43:18,14,"Y aquellos hombres tuvieron temor, cuando fueron metidos en casa de José, y decían: Por el dinero que fue vuelto en nuestros costales la primera vez nos han metido aquí, para revolver contra nosotros, y dar sobre nosotros, y tomarnos por siervos a nosotros, y a nuestros asnos.",H935,HVHsmpa,[are] being brought,,,,
8d88067b3a071baeaf3d,GEN 43:18,16,"Y aquellos hombres tuvieron temor, cuando fueron metidos en casa de José, y decían: Por el dinero que fue vuelto en nuestros costales la primera vez nos han metido aquí, para revolver contra nosotros, y dar sobre nosotros, y tomarnos por siervos a nosotros, y a nuestros asnos.",H5921,HR/Sp1bp,on/ us,,,,
cb3ce8acdb337838542c,GEN 43:18,18,"Y aquellos hombres tuvieron temor, cuando fueron metidos en casa de José, y decían: Por el dinero que fue vuelto en nuestros costales la primera vez nos han metido aquí, para revolver contra nosotros, y dar sobre nosotros, y tomarnos por siervos a nosotros, y a nuestros asnos.",H5921,HR/Sp1bp,on/ us,,,,
58f920775a65f4ba948b,GEN 43:18,20,"Y aquellos hombres tuvieron temor, cuando fueron metidos en casa de José, y decían: Por el dinero que fue vuelto en nuestros costales la primera vez nos han metido aquí, para revolver contra nosotros, y dar sobre nosotros, y tomarnos por siervos a nosotros, y a nuestros asnos.",H853,HTo/Sp1bp,<obj.>/ us,,,,
d240f1ccf741bada71cc,GEN 43:18,22,"Y aquellos hombres tuvieron temor, cuando fueron metidos en casa de José, y decían: Por el dinero que fue vuelto en nuestros costales la primera vez nos han metido aquí, para revolver contra nosotros, y dar sobre nosotros, y tomarnos por siervos a nosotros, y a nuestros asnos.",H853,HC/To,and/ <obj.>,,,,
160c0acfce1c54f409a4,GEN 43:19,3,"Y llegáronse al mayordomo de la casa de José, y le hablaron a la entrada de la casa.",H834,HTr,who,,,,
ef62bd5ab7eb913df6aa,GEN 43:19,4,"Y llegáronse al mayordomo de la casa de José, y le hablaron a la entrada de la casa.",H5921,HR,[was] over,,,,
b19ad431ad006b38bcdb,GEN 43:21,2,"Y aconteció que como vinimos al mesón y abrimos nuestros costales, he aquí el dinero de cada uno estaba en la boca de su costal, nuestro dinero en su justo peso; y hémoslo vuelto en nuestras manos.",H935,HVqp1cp,we came,,,,
66d277af29bd10ddb33d,GEN 43:21,6,"Y aconteció que como vinimos al mesón y abrimos nuestros costales, he aquí el dinero de cada uno estaba en la boca de su costal, nuestro dinero en su justo peso; y hémoslo vuelto en nuestras manos.",H853,HTo,<obj.>,,,,
c28bce1a04393f99cc06,GEN 43:21,16,"Y aconteció que como vinimos al mesón y abrimos nuestros costales, he aquí el dinero de cada uno estaba en la boca de su costal, nuestro dinero en su justo peso; y hémoslo vuelto en nuestras manos.",H853,HTo/Sp3ms,<obj.>/ it,,,,
680fd3b49c1cf796dde3,GEN 43:23,3,"Y él respondió: Paz a ustedes, no teman; su Dios y el Dios de su padre les dio el tesoro en sus costales: su dinero vino a mí. Y sacó a Simeón a ellos.",H3372,HVqj2mp,you fear,,,,
216d4be42c6b22dd9029,GEN 43:23,11,"Y él respondió: Paz a ustedes, no teman; su Dios y el Dios de su padre les dio el tesoro en sus costales: su dinero vino a mí. Y sacó a Simeón a ellos.",H935,HVqp3ms,it came,,,,
51507e7100d6495acfc0,GEN 43:23,12,"Y él respondió: Paz a ustedes, no teman; su Dios y el Dios de su padre les dio el tesoro en sus costales: su dinero vino a mí. Y sacó a Simeón a ellos.",H413,HR/Sp1bs,to/ me,,,,
62bbb5db965956ebcef4,GEN 43:23,14,"Y él respondió: Paz a ustedes, no teman; su Dios y el Dios de su padre les dio el tesoro en sus costales: su dinero vino a mí. Y sacó a Simeón a ellos.",H413,HR/Sp3mp,to/ them,,,,
e91068e0f57541af32e3,GEN 43:23,15,"Y él respondió: Paz a ustedes, no teman; su Dios y el Dios de su padre les dio el tesoro en sus costales: su dinero vino a mí. Y sacó a Simeón a ellos.",H853,HTo,<obj.>,,,,
b6e45cc7ebc828de4550,GEN 43:24,0,"Y metió aquel varón a aquellos hombres en casa de José: y dióles agua, y lavaron sus pies: y dio de comer a sus asnos.",H935,Hc/Vhw3ms,and/ he brought,,,,
1c3eb5cfad3df7505433,GEN 43:24,2,"Y metió aquel varón a aquellos hombres en casa de José: y dióles agua, y lavaron sus pies: y dio de comer a sus asnos.",H853,HTo,<obj.>,,,,
7d38133db8869e8a3f60,GEN 43:25,1,"Y ellos prepararon el presente entretanto que venía José al medio día, porque habían oído que allí habían de comer pan.",H853,HTo,<obj.>,,,,
da6b594304d9bfb7f940,GEN 43:26,4,"Y vino José a casa, y ellos le trajeron el presente que tenían en su mano dentro de casa, e inclináronse a él hasta tierra.",H853,HTo,<obj.>,,,,
8b3cf3d01c5954e80fdc,GEN 43:27,7,"Entonces les preguntó él cómo estaban, y dijo: ¿Su padre, el anciano que dijeron, lo pasa bien? ¿vive todavía?",H559,HVqp2mp,you spoke,,,,
7a898cf898934dc2837e,GEN 43:29,3,"Y alzando él sus ojos vio a Benjamín su hermano, hijo de su madre, y dijo: ¿Es éste su hermano menor, de quien me hablaron? Y dijo: Dios tenga misericordia de ti, hijo mío.",H853,HTo,<obj.>,,,,
8a2d588f75a93a59af3b,GEN 43:29,15,"Y alzando él sus ojos vio a Benjamín su hermano, hijo de su madre, y dijo: ¿Es éste su hermano menor, de quien me hablaron? Y dijo: Dios tenga misericordia de ti, hijo mío.",H559,Hc/Vqw3ms,and/ he said,,,,
a5ab864dc85a79c7fd73,GEN 43:30,5,"Entonces José se apresuró, porque se conmovieron sus entrañas a causa de su hermano, y procuró donde llorar: y entróse en su cámara, y lloró allí.",H413,HR,to,,,,
c5e4f0af33fa27071d31,GEN 43:31,5,"Y lavó su rostro, y salió fuera, y reprimióse, y dijo: Pongan pan.",H7760,HVqv2mp,set,,,,
44355fd1a9caa22ec137,GEN 43:32,1,"Y pusieron para él aparte, y separadamente para ellos, y aparte para los Egipcios que con él comían: porque los Egipcios no pueden comer pan con los Hebreos, lo cual es abominación a los Egipcios.",H905,HR/Ncmsc/Sp3ms,to/ only/ him,,,,
1580408b533bfc8eb539,GEN 43:32,2,"Y pusieron para él aparte, y separadamente para ellos, y aparte para los Egipcios que con él comían: porque los Egipcios no pueden comer pan con los Hebreos, lo cual es abominación a los Egipcios.",H905,HR/Ncmsc/Sp3mp,to/ alone/ them,,,,
8e9d91b537295f6a478f,GEN 43:32,6,"Y pusieron para él aparte, y separadamente para ellos, y aparte para los Egipcios que con él comían: porque los Egipcios no pueden comer pan con los Hebreos, lo cual es abominación a los Egipcios.",H905,HR/Ncmsc/Sp3mp,to/ alone/ them,,,,
2a4f1ea5d418f41c22f9,GEN 43:32,12,"Y pusieron para él aparte, y separadamente para ellos, y aparte para los Egipcios que con él comían: porque los Egipcios no pueden comer pan con los Hebreos, lo cual es abominación a los Egipcios.",H854,HR,with,,,,
d54a9827c26d6cd19e5a,GEN 43:32,18,"Y pusieron para él aparte, y separadamente para ellos, y aparte para los Egipcios que con él comían: porque los Egipcios no pueden comer pan con los Hebreos, lo cual es abominación a los Egipcios.",H4713,HR/Npl,to/ Egypt,,,,
a758a97c6e98287bf7a1,GEN 43:34,1,"Y él tomó viandas de delante de sí para ellos; pero la porción de Benjamín era cinco veces como cualquiera de las de ellos. Y bebieron, y alegráronse con él.",H4864,HNcfpa,portions,,,,
ccb6e534d87093a53c9d,GEN 43:34,2,"Y él tomó viandas de delante de sí para ellos; pero la porción de Benjamín era cinco veces como cualquiera de las de ellos. Y bebieron, y alegráronse con él.",H854,HR/R,from/ with,,,,
7e7b11e38a2208569535,GEN 43:34,5,"Y él tomó viandas de delante de sí para ellos; pero la porción de Benjamín era cinco veces como cualquiera de las de ellos. Y bebieron, y alegráronse con él.",H7235,Hc/Vqw3fs,and/ it was great,,,,
9332ce53dce944acea4b,GEN 43:34,6,"Y él tomó viandas de delante de sí para ellos; pero la porción de Benjamín era cinco veces como cualquiera de las de ellos. Y bebieron, y alegráronse con él.",H4864,HNcfsc,[the] portion of,,,,
b5dc0deb8c9b9f364f01,GEN 43:34,8,"Y él tomó viandas de delante de sí para ellos; pero la porción de Benjamín era cinco veces como cualquiera de las de ellos. Y bebieron, y alegráronse con él.",H4864,HR/Ncfpc,more than/ [the] portions of,,,,
31c0121c401a54f1c6dd,GEN 44:1,1,"Y mandó José al mayordomo de su casa, diciendo: Hinche los costales de estos varones de alimentos, cuanto puedan llevar, y pon el dinero de cada uno en la boca de su costal:",H853,HTo,<obj.>,,,,
f87e6d38b7c13d15adc7,GEN 44:1,7,"Y mandó José al mayordomo de su casa, diciendo: Hinche los costales de estos varones de alimentos, cuanto puedan llevar, y pon el dinero de cada uno en la boca de su costal:",H853,HTo,<obj.>,,,,
fec1db3d950a6c14dc1f,GEN 44:1,11,"Y mandó José al mayordomo de su casa, diciendo: Hinche los costales de estos varones de alimentos, cuanto puedan llevar, y pon el dinero de cada uno en la boca de su costal:",H834,HR/Tr,just/ as,,,,
f2c863c98d6381a4df56,GEN 44:1,12,"Y mandó José al mayordomo de su casa, diciendo: Hinche los costales de estos varones de alimentos, cuanto puedan llevar, y pon el dinero de cada uno en la boca de su costal:",H3201,HVqi3mp/Sn,they are able/ !,,,,
598b61d2df5c130ca9da,GEN 44:2,0,"Y pondrás mi copa, la copa de plata, en la boca del costal del menor, con el dinero de su trigo. Y él hizo como dijo José.",H853,HC/To,and/ <obj.>,,,,
2b194540ea84d21dfc5d,GEN 44:2,8,"Y pondrás mi copa, la copa de plata, en la boca del costal del menor, con el dinero de su trigo. Y él hizo como dijo José.",H853,HC/To,and/ <obj.>,,,,
d8f14c28e84206ec5daf,GEN 44:2,14,"Y pondrás mi copa, la copa de plata, en la boca del costal del menor, con el dinero de su trigo. Y él hizo como dijo José.",H834,HTr,which,,,,
b8296a5d56e4171ba379,GEN 44:2,15,"Y pondrás mi copa, la copa de plata, en la boca del costal del menor, con el dinero de su trigo. Y él hizo como dijo José.",H1696,HVpp3ms,he had spoken,,,,
1825716e2c14f4f735e8,GEN 44:4,2,"Habiendo ellos salido de la ciudad, de la que aun no se habían alejado, dijo José a su mayordomo: Levántate, y sigue a esos hombres; y cuando los alcanzares, diles: ¿Por qué han vuelto mal por bien?",H853,HTo,<obj.>,,,,
5a4c8b01888192ec7991,GEN 44:4,9,"Habiendo ellos salido de la ciudad, de la que aun no se habían alejado, dijo José a su mayordomo: Levántate, y sigue a esos hombres; y cuando los alcanzares, diles: ¿Por qué han vuelto mal por bien?",H5921,HR,[was] over,,,,
d09cfed650d066ca5029,GEN 44:4,12,"Habiendo ellos salido de la ciudad, de la que aun no se habían alejado, dijo José a su mayordomo: Levántate, y sigue a esos hombres; y cuando los alcanzares, diles: ¿Por qué han vuelto mal por bien?",H7291,HVqv2ms,pursue,,,,
4ba5da4bc56edade12b0,GEN 44:4,16,"Habiendo ellos salido de la ciudad, de la que aun no se habían alejado, dijo José a su mayordomo: Levántate, y sigue a esos hombres; y cuando los alcanzares, diles: ¿Por qué han vuelto mal por bien?",H559,Hc/Vqq2ms,and/ you will say,,,,
2557ba8eb260ca384bd9,GEN 44:5,10,"¿No es ésta en la que bebe mi señor, y por la que suele adivinar? han hecho mal en lo que hicieron.",H6213,HVqp2mp,you have done,,,,
ae40f24773fed41da9dd,GEN 44:6,2,"Y como él los alcanzó, díjoles estas palabras.",H413,HR/Sp3mp,to/ them,,,,
d1c30b4b668462f7ecbd,GEN 44:6,3,"Y como él los alcanzó, díjoles estas palabras.",H853,HTo,<obj.>,,,,
b385919ed048663d3166,GEN 44:7,3,Y ellos le respondieron: ¿Por qué dice mi señor tales cosas? Nunca tal hagan tus siervos.,H1696,HVpi3ms,does he speak,,,,
0ceafb320e16c0a23f00,GEN 44:8,10,"He aquí, el dinero que hallamos en la boca de nuestros costales, te lo volvimos a traer desde la tierra de Canaán; ¿cómo, pues, habíamos de hurtar de casa de tu señor plata ni oro?",H349,HC/Ti,and/ how?,,,,
dab7882f479ea9092f8f,GEN 44:9,2,"Aquel de tus siervos en quien sea hallada la copa, que muera, y aun nosotros seremos siervos de mi señor.",H854,HRd/Sp3ms,with/ him,,,,
de7a174907445ca1f7f7,GEN 44:10,5,"Y él dijo: También ahora sea conforme a sus palabras; aquél en quien se halle, será mi siervo, y ustedes serán sin culpa.",H1931,HPp3ms,it,,,,
a1b6d4b7f9de49210640,GEN 44:10,7,"Y él dijo: También ahora sea conforme a sus palabras; aquél en quien se halle, será mi siervo, y ustedes serán sin culpa.",H4672,HVNi3ms,it is found,,,,
c6e28bdbe23273d68b86,GEN 44:10,12,"Y él dijo: También ahora sea conforme a sus palabras; aquél en quien se halle, será mi siervo, y ustedes serán sin culpa.",H1961,HVqi2mp,you will be,,,,
00e72c50426317ab0dcd,GEN 44:11,3,"Ellos entonces se dieron prisa, y derribando cada uno su costal en tierra, abrió cada cual el costal suyo.",H853,HTo,<obj.>,,,,
1f5ab9f9fc8160d8c36d,GEN 44:11,6,"Ellos entonces se dieron prisa, y derribando cada uno su costal en tierra, abrió cada cual el costal suyo.",H6605,Hc/Vqw3mp,and/ they opened,,,,
4375fc955ea73c16ccd9,GEN 44:13,4,"Entonces ellos rasgaron sus vestidos, y cargó cada uno su asno, y volvieron a la ciudad.",H5921,HR,on,,,,
8b2f8ffb8ec9c58e7811,GEN 44:15,3,Y díjoles José: ¿Qué obra es esta que han hecho? ¿no saben que un hombre como yo sabe adivinar?,H4639,HTd/Ncmsa,[is] the/ deed,,,,
da695fddbf914e4f6bf7,GEN 44:15,8,Y díjoles José: ¿Qué obra es esta que han hecho? ¿no saben que un hombre como yo sabe adivinar?,H3045,HVqp2mp,do you know,,,,
bc5533916dd34cf82114,GEN 44:15,13,Y díjoles José: ¿Qué obra es esta que han hecho? ¿no saben que un hombre como yo sabe adivinar?,H834,HTr,who,,,,
4c3812dadf19a08fd8a2,GEN 44:15,14,Y díjoles José: ¿Qué obra es esta que han hecho? ¿no saben que un hombre como yo sabe adivinar?,H3644,HR/Sp1bs,[is] like/ me,,,,
3bdd6c990b3cfeda2572,GEN 44:16,11,"Entonces dijo Judá: ¿Qué diremos a mi señor? ¿qué hablaremos? ¿o con qué nos justificaremos? Dios ha hallado la maldad de tus siervos: he aquí, nosotros somos siervos de mi señor, nosotros, y también aquél en cuyo poder fue hallada la copa.",H853,HTo,<obj.>,,,,
a3e732cfb4ccc95b0d43,GEN 44:16,14,"Entonces dijo Judá: ¿Qué diremos a mi señor? ¿qué hablaremos? ¿o con qué nos justificaremos? Dios ha hallado la maldad de tus siervos: he aquí, nosotros somos siervos de mi señor, nosotros, y también aquél en cuyo poder fue hallada la copa.",H2005,HTj/Sp1bp,here/ we,,,,
9857638a4d0cba1159d7,GEN 44:16,19,"Entonces dijo Judá: ¿Qué diremos a mi señor? ¿qué hablaremos? ¿o con qué nos justificaremos? Dios ha hallado la maldad de tus siervos: he aquí, nosotros somos siervos de mi señor, nosotros, y también aquél en cuyo poder fue hallada la copa.",H1571,HD,as well as,,,,
1802ab3d5d17f08202b3,GEN 44:16,20,"Entonces dijo Judá: ¿Qué diremos a mi señor? ¿qué hablaremos? ¿o con qué nos justificaremos? Dios ha hallado la maldad de tus siervos: he aquí, nosotros somos siervos de mi señor, nosotros, y también aquél en cuyo poder fue hallada la copa.",H834,HTr,[the one] who,,,,
2afed54b4b50e10bede4,GEN 44:17,3,"Y él respondió: Nunca yo tal haga: el varón en cuyo poder fue hallada la copa, él será mi siervo; ustedes vayan en paz a su padre.",H2063,HTm,this,,,,
89f269d2bff42a21cf21,GEN 44:17,12,"Y él respondió: Nunca yo tal haga: el varón en cuyo poder fue hallada la copa, él será mi siervo; ustedes vayan en paz a su padre.",H859,HC/Pp2mp,and/ you,,,,
9efa8c255e26c86c111b,GEN 44:17,13,"Y él respondió: Nunca yo tal haga: el varón en cuyo poder fue hallada la copa, él será mi siervo; ustedes vayan en paz a su padre.",H5927,HVqv2mp,go up,,,,
9d831fc9cc760e9b477a,GEN 44:17,15,"Y él respondió: Nunca yo tal haga: el varón en cuyo poder fue hallada la copa, él será mi siervo; ustedes vayan en paz a su padre.",H413,HR,to,,,,
b5ceb922bf24d270e65c,GEN 44:18,0,"Entonces Judá se llegó a él, y dijo: Ay señor mío, ruégote que hable tu siervo una palabra en oídos de mi señor, y no se encienda tu enojo contra tu siervo, pues que tú eres como Faraón.",H5066,Hc/Vqw3ms,and/ he drew near,,,,
0300f69e9ad703dc579a,GEN 44:18,1,"Entonces Judá se llegó a él, y dijo: Ay señor mío, ruégote que hable tu siervo una palabra en oídos de mi señor, y no se encienda tu enojo contra tu siervo, pues que tú eres como Faraón.",H413,HR/Sp3ms,to/ him,,,,
122f7d766d28687832ee,GEN 44:18,17,"Entonces Judá se llegó a él, y dijo: Ay señor mío, ruégote que hable tu siervo una palabra en oídos de mi señor, y no se encienda tu enojo contra tu siervo, pues que tú eres como Faraón.",H3644,HR/Sp2ms,as/ you,,,,
8a57ab72b3028775acb4,GEN 44:19,2,"Mi señor preguntó a sus siervos, diciendo: ¿Tienen padre o hermano?",H853,HTo,<obj.>,,,,
24aaa9168153faf13929,GEN 44:19,5,"Mi señor preguntó a sus siervos, diciendo: ¿Tienen padre o hermano?",H3426,HTi/Acbsa,¿/ [does] there,,,,
90fab7084af7649f803c,GEN 44:20,1,"Y nosotros respondimos a mi señor: Tenemos un padre anciano, y un mozo que le nació en su vejez, pequeño aún; y un hermano suyo murió, y él quedó solo de su madre, y su padre lo ama.",H413,HR,to,,,,
30d3d7952ab496c5a518,GEN 44:20,9,"Y nosotros respondimos a mi señor: Tenemos un padre anciano, y un mozo que le nació en su vejez, pequeño aún; y un hermano suyo murió, y él quedó solo de su madre, y su padre lo ama.",H251,HC/Ncmsc/Sp3ms,and/ brother/ his,,,,
792f76da24915d99ee3f,GEN 44:20,13,"Y nosotros respondimos a mi señor: Tenemos un padre anciano, y un mozo que le nació en su vejez, pequeño aún; y un hermano suyo murió, y él quedó solo de su madre, y su padre lo ama.",H905,HR/Ncmsc/Sp3ms,to/ only/ him,,,,
4ad50152df75c6044c82,GEN 44:21,4,"Y tú dijiste a tus siervos: Traédmelo, y pondré mis ojos sobre él.",H413,HR/Sp1bs,to/ me,,,,
7a10456c081d88c72bbf,GEN 44:22,1,"Y nosotros dijimos a mi señor: El mozo no puede dejar a su padre, porque si le deja, su padre morirá.",H413,HR,to,,,,
d44939997eb5f05d58f0,GEN 44:22,7,"Y nosotros dijimos a mi señor: El mozo no puede dejar a su padre, porque si le deja, su padre morirá.",H853,HTo,<obj.>,,,,
665264646b1b13843976,GEN 44:22,9,"Y nosotros dijimos a mi señor: El mozo no puede dejar a su padre, porque si le deja, su padre morirá.",H5800,Hc/Vqq3ms,and/ he will leave,,,,
9cbbfa831e83cb389551,GEN 44:22,10,"Y nosotros dijimos a mi señor: El mozo no puede dejar a su padre, porque si le deja, su padre morirá.",H853,HTo,<obj.>,,,,
a39da12297fa0b038557,GEN 44:23,1,"Y dijiste a tus siervos: Si su hermano menor no desciende con ustedes, no vean más mi rostro.",H413,HR,to,,,,
9e6f4b261e61c2cdbce9,GEN 44:23,5,"Y dijiste a tus siervos: Si su hermano menor no desciende con ustedes, no vean más mi rostro.",H3381,HVqi3ms,he will come down,,,,
2b3bfb50f2566cdcf7e5,GEN 44:23,11,"Y dijiste a tus siervos: Si su hermano menor no desciende con ustedes, no vean más mi rostro.",H7200,HR/Vqcc,to/ see,,,,
b965398491f72b770240,GEN 44:24,1,"Aconteció pues, que como llegamos a mi padre tu siervo, contámosle las palabras de mi señor.",H3588,HTc,that,,,,
2656c328955b0c910d1f,GEN 44:24,3,"Aconteció pues, que como llegamos a mi padre tu siervo, contámosle las palabras de mi señor.",H413,HR,to,,,,
a06350e61e8032fed753,GEN 44:24,6,"Aconteció pues, que como llegamos a mi padre tu siervo, contámosle las palabras de mi señor.",H5046,Hc/Vhw1cp,and/ we told,,,,
505346a080c424e44977,GEN 44:24,7,"Aconteció pues, que como llegamos a mi padre tu siervo, contámosle las palabras de mi señor.",H853,HTo,<obj.>,,,,
c2d81afc76c0e8f6dbc1,GEN 44:25,2,Y dijo nuestro padre: Vuelvan a comprarnos un poco de alimento.,H7725,HVqv2mp,go back,,,,
475c29720d1d52700ce5,GEN 44:26,5,"Y nosotros respondimos: No podemos ir: si nuestro hermano es con nosotros, iremos; porque no podemos ver el rostro del varón, no estando con nosotros nuestro hermano el menor.",H3426,HAcbsc,there,,,,
a8853206bd0f59f150ac,GEN 44:26,17,"Y nosotros respondimos: No podemos ir: si nuestro hermano es con nosotros, iremos; porque no podemos ver el rostro del varón, no estando con nosotros nuestro hermano el menor.",H6996,HTd/Aamsa,<the>/ young,,,,
7ed83c364a94e59006fb,GEN 44:26,18,"Y nosotros respondimos: No podemos ir: si nuestro hermano es con nosotros, iremos; porque no podemos ver el rostro del varón, no estando con nosotros nuestro hermano el menor.",H369,HNcmsc/Sp3ms,not/ he,,,,
a6699402b9c4dc678132,GEN 44:27,5,Entonces tu siervo mi padre nos dijo: Ustedes saben que dos me parió mi mujer;,H3045,HVqp2mp,you know,,,,
8db0e71595479515f20c,GEN 44:28,2,"Y el uno salió de conmigo, y pienso de cierto que fue despedazado, y hasta ahora no le he visto;",H854,HR/Rd/Sp1bs,from/ with <the>/ me,,,,
84bfe4c3941a3809a44f,GEN 44:28,4,"Y el uno salió de conmigo, y pienso de cierto que fue despedazado, y hasta ahora no le he visto;",H389,HD,surely,,,,
8255f466665b56ed90f2,GEN 44:29,0,"Y si toman también éste de delante de mí, y le acontece algún desastre, harán descender mis canas con dolor a la sepultura.",H3947,Hc/Vqq2mp,and/ you will take,,,,
f3027ccbe11452b3fa88,GEN 44:29,2,"Y si toman también éste de delante de mí, y le acontece algún desastre, harán descender mis canas con dolor a la sepultura.",H853,HTo,<obj.>,,,,
613293a992b197a427a1,GEN 44:29,6,"Y si toman también éste de delante de mí, y le acontece algún desastre, harán descender mis canas con dolor a la sepultura.",H7136,Hc/Vqq3ms/Sp3ms,and/ it will happen to/ him,,,,
897f58941dcf550a8d55,GEN 44:29,9,"Y si toman también éste de delante de mí, y le acontece algún desastre, harán descender mis canas con dolor a la sepultura.",H853,HTo,<obj.>,,,,
ad6124f4313972fcddc6,GEN 44:30,1,"Ahora, pues, cuando llegue yo a tu siervo mi padre, y el mozo no sea conmigo, como su alma está ligada al alma de él,",H935,HR/Vqcc/Sp1bs,when/ come/ I,,,,
19fddc1783b47d54c2ef,GEN 44:30,2,"Ahora, pues, cuando llegue yo a tu siervo mi padre, y el mozo no sea conmigo, como su alma está ligada al alma de él,",H413,HR,to,,,,
030667125f02c1cf95c9,GEN 44:31,2,"Sucederá que cuando no vea al mozo, morirá: y tus siervos harán descender las canas de tu siervo nuestro padre con dolor a la sepultura.",H3588,HTc,that,,,,
511c88afc9f2b31b1c6b,GEN 44:31,8,"Sucederá que cuando no vea al mozo, morirá: y tus siervos harán descender las canas de tu siervo nuestro padre con dolor a la sepultura.",H853,HTo,<obj.>,,,,
05eddd46ce68cbc0752d,GEN 44:32,3,"Como tu siervo salió por fiador del mozo con mi padre, diciendo: Si no te lo vuelvo, entonces yo seré culpable para mi padre todos los días;",H853,HTo,<obj.>,,,,
40768ea46d027052e7f5,GEN 44:32,10,"Como tu siervo salió por fiador del mozo con mi padre, diciendo: Si no te lo vuelvo, entonces yo seré culpable para mi padre todos los días;",H935,HVhi1cs/Sp3ms,I will bring/ him,,,,
06057f7a9815dfccf6c6,GEN 44:33,4,"Ruégote por tanto que quede ahora tu siervo por el mozo por siervo de mi señor, y que el mozo vaya con sus hermanos.",H8478,HNcmsc,in place of,,,,
eba51bcc339cdda1a2e4,GEN 44:34,3,"Porque ¿cómo iré yo a mi padre sin el mozo? No podré, por no ver el mal que sobrevendrá a mi padre.",H413,HR,to,,,,
ff09a867df1e5ce8a58e,GEN 44:34,7,"Porque ¿cómo iré yo a mi padre sin el mozo? No podré, por no ver el mal que sobrevendrá a mi padre.",H854,HR/Sp1bs,with/ me,,,,
10eda73540a5956695ae,GEN 44:34,13,"Porque ¿cómo iré yo a mi padre sin el mozo? No podré, por no ver el mal que sobrevendrá a mi padre.",H853,HTo,<obj.>,,,,
e25ccbf5e636e8015937,GEN 45:1,18,"No podía ya José contenerse delante de todos los que estaban al lado suyo, y clamó: Hagan salir de conmigo a todos. Y no quedó nadie con él, al darse a conocer José a sus hermanos.",H413,HR,to,,,,
588ef2c8f2317081a911,GEN 45:2,1,"Entonces se dio a llorar a voz en grito; y oyeron los Egipcios, y oyó también la casa de Faraón.",H853,HTo,<obj.>,,,,
a1b2e67981146f9b6d4c,GEN 45:2,5,"Entonces se dio a llorar a voz en grito; y oyeron los Egipcios, y oyó también la casa de Faraón.",H4713,HNpl,Egypt,,,,
24541ec7d7d09e1375a7,GEN 45:3,2,"Y dijo José a sus hermanos: Yo soy José: ¿vive aún mi padre? Y sus hermanos no pudieron responderle, porque estaban turbados delante de él.",H413,HR,to,,,,
0a2f1d5b59a879f933fe,GEN 45:3,13,"Y dijo José a sus hermanos: Yo soy José: ¿vive aún mi padre? Y sus hermanos no pudieron responderle, porque estaban turbados delante de él.",H853,HTo/Sp3ms,<obj.>/ him,,,,
30e4de9163e51360ca80,GEN 45:4,2,Entonces dijo José a sus hermanos: Lléguense ahora a mí. Y ellos se llegaron. Y él dijo: Yo soy José su hermano el que vendieron para Egipto.,H413,HR,to,,,,
31a79ab7cf8f8787b31d,GEN 45:4,6,Entonces dijo José a sus hermanos: Lléguense ahora a mí. Y ellos se llegaron. Y él dijo: Yo soy José su hermano el que vendieron para Egipto.,H413,HR/Sp1bs,to/ me,,,,
4b3e5818a2ba4f8bd208,GEN 45:4,7,Entonces dijo José a sus hermanos: Lléguense ahora a mí. Y ellos se llegaron. Y él dijo: Yo soy José su hermano el que vendieron para Egipto.,H5066,Hc/Vqw3mp,and/ they drew near,,,,
9266e448ae1ff0d98580,GEN 45:4,13,Entonces dijo José a sus hermanos: Lléguense ahora a mí. Y ellos se llegaron. Y él dijo: Yo soy José su hermano el que vendieron para Egipto.,H4376,HVqp2mp,you sold,,,,
674ed9145579bde1c481,GEN 45:4,14,Entonces dijo José a sus hermanos: Lléguense ahora a mí. Y ellos se llegaron. Y él dijo: Yo soy José su hermano el que vendieron para Egipto.,H853,HTo/Sp1bs,<obj.>/ me,,,,
32f8eb65a9ab1f3666c6,GEN 45:5,2,"Ahora pues, no se entristezcan, ni les pese de haberme vendido acá; que para preservación de vida me envió Dios delante de ustedes:",H6087,HVNj2mp,you be grieved,,,,
3620597935b2fc5ff04b,GEN 45:5,8,"Ahora pues, no se entristezcan, ni les pese de haberme vendido acá; que para preservación de vida me envió Dios delante de ustedes:",H853,HTo/Sp1bs,<obj.>/ me,,,,
d1b549d55465b621f4f7,GEN 45:6,0,"Que ya ha habido dos años de hambre en medio de la tierra, y aun quedan cinco años en que ni habrá arada ni siega.",H3588,HTc,for,,,,
af47c478d9fcbf489d18,GEN 45:6,1,"Que ya ha habido dos años de hambre en medio de la tierra, y aun quedan cinco años en que ni habrá arada ni siega.",H2088,HTm,this,,,,
30019022d99c3f72676b,GEN 45:6,9,"Que ya ha habido dos años de hambre en medio de la tierra, y aun quedan cinco años en que ni habrá arada ni siega.",H834,HTr,when,,,,
bc735bdef09ca05afa57,GEN 45:7,3,"Y Dios me envió delante de ustedes, para que ustedes quedasen en la tierra, y para darles vida por medio de grande salvamento.",H7760,HR/Vqcc,to/ make,,,,
02d75a3c8acd270117ea,GEN 45:7,4,"Y Dios me envió delante de ustedes, para que ustedes quedasen en la tierra, y para darles vida por medio de grande salvamento.",H7611,HNcfsa,a remnant,,,,
5a4b4e780e711290a222,GEN 45:8,2,"Así pues, no me enviaron ustedes acá, sino Dios, que me ha puesto por padre de Faraón, y por señor de toda su casa, y por gobernador en toda la tierra de Egipto.",H859,HPp2mp,you,,,,
2a454db8ba3fc4ba7bb0,GEN 45:8,3,"Así pues, no me enviaron ustedes acá, sino Dios, que me ha puesto por padre de Faraón, y por señor de toda su casa, y por gobernador en toda la tierra de Egipto.",H7971,HVqp2mp,you sent,,,,
3e51e1bf28e383df778c,GEN 45:8,4,"Así pues, no me enviaron ustedes acá, sino Dios, que me ha puesto por padre de Faraón, y por señor de toda su casa, y por gobernador en toda la tierra de Egipto.",H853,HTo/Sp1bs,<obj.>/ me,,,,
0e6a5306a62e88df7e84,GEN 45:9,1,"Dense priesa, vayan a mi padre y díganle: Así dice tu hijo José: Dios me ha puesto por señor de todo Egipto; ven a mí, no te detengas:",H5927,HC/Vqv2mp,and/ go up,,,,
ea493dc4d4459ff0ea9b,GEN 45:9,2,"Dense priesa, vayan a mi padre y díganle: Así dice tu hijo José: Dios me ha puesto por señor de todo Egipto; ven a mí, no te detengas:",H413,HR,to,,,,
1dbaf8662f8795858dfb,GEN 45:9,5,"Dense priesa, vayan a mi padre y díganle: Así dice tu hijo José: Dios me ha puesto por señor de todo Egipto; ven a mí, no te detengas:",H413,HR/Sp3ms,to/ him,,,,
a33e7d8e378e99831621,GEN 45:9,7,"Dense priesa, vayan a mi padre y díganle: Así dice tu hijo José: Dios me ha puesto por señor de todo Egipto; ven a mí, no te detengas:",H559,HVqp3ms,he says,,,,
072d62afc06ba27a220f,GEN 45:9,16,"Dense priesa, vayan a mi padre y díganle: Así dice tu hijo José: Dios me ha puesto por señor de todo Egipto; ven a mí, no te detengas:",H413,HR/Sp1bs,to/ me,,,,
f5c92f91500185994037,GEN 45:11,1,"Y allí te alimentaré, pues aun quedan cinco años de hambre, porque no perezcas de pobreza tú y tu casa, y todo lo que tienes:",H853,HTo/Sp2ms,<obj.>/ you,,,,
ae7ba7ec265ee24d5a34,GEN 45:11,13,"Y allí te alimentaré, pues aun quedan cinco años de hambre, porque no perezcas de pobreza tú y tu casa, y todo lo que tienes:",H834,HTr,that,,,,
0ba89e3e8292d88e1045,GEN 45:12,9,"Y he aquí, sus ojos ven, y los ojos de mi hermano Benjamín, que mi boca les habla.",H413,HR/Sp2mp,to/ you,,,,
afd8d0aa8ef624c98279,GEN 45:13,2,"Harán pues saber a mi padre toda mi gloria en Egipto, y todo lo que han visto: y dense priesa, y traigan a mi padre acá.",H853,HTo,<obj.>,,,,
793a143105d26960eda5,GEN 45:13,3,"Harán pues saber a mi padre toda mi gloria en Egipto, y todo lo que han visto: y dense priesa, y traigan a mi padre acá.",H3605,HNcmsc,all,,,,
a77050f8c019558c2c1b,GEN 45:13,6,"Harán pues saber a mi padre toda mi gloria en Egipto, y todo lo que han visto: y dense priesa, y traigan a mi padre acá.",H853,HC/To,and/ <obj.>,,,,
3165ec5d43da442a1216,GEN 45:13,7,"Harán pues saber a mi padre toda mi gloria en Egipto, y todo lo que han visto: y dense priesa, y traigan a mi padre acá.",H3605,HNcmsa,all,,,,
feff0fae10f743b17274,GEN 45:13,11,"Harán pues saber a mi padre toda mi gloria en Egipto, y todo lo que han visto: y dense priesa, y traigan a mi padre acá.",H3381,Hc/Vhq2mp,and/ you will bring down,,,,
e8f1439884875b08072a,GEN 45:13,12,"Harán pues saber a mi padre toda mi gloria en Egipto, y todo lo que han visto: y dense priesa, y traigan a mi padre acá.",H853,HTo,<obj.>,,,,
9790c12a3d3fe7201000,GEN 45:15,6,"Y besó a todos sus hermanos, y lloró sobre ellos: y después sus hermanos hablaron con él.",H3651,HD,thus,,,,
da547ef5df387139c1bd,GEN 45:16,8,"Y oyóse la noticia en la casa de Faraón, diciendo: Los hermanos de José han venido. Y plugo en los ojos de Faraón y de sus siervos.",H3190,Hc/Vqw3ms,and/ it was good,,,,
5fb76fe48394f88130f3,GEN 45:16,11,"Y oyóse la noticia en la casa de Faraón, diciendo: Los hermanos de José han venido. Y plugo en los ojos de Faraón y de sus siervos.",H5869,HC/R/Ncfdc,and/ in/ [the] eyes of,,,,
e1783c021e83e19ab87a,GEN 45:17,2,"Y dijo Faraón a José: Di a tus hermanos: Hagan esto: carguen sus bestias, e vayan, vuelvan a la tierra de Canaán;",H413,HR,to,,,,
257e02a6e6c719b98474,GEN 45:17,5,"Y dijo Faraón a José: Di a tus hermanos: Hagan esto: carguen sus bestias, e vayan, vuelvan a la tierra de Canaán;",H413,HR,to,,,,
0809c1596d1da630cd49,GEN 45:17,8,"Y dijo Faraón a José: Di a tus hermanos: Hagan esto: carguen sus bestias, e vayan, vuelvan a la tierra de Canaán;",H6213,HVqv2mp,do,,,,
16990247a4fde3edf59d,GEN 45:17,9,"Y dijo Faraón a José: Di a tus hermanos: Hagan esto: carguen sus bestias, e vayan, vuelvan a la tierra de Canaán;",H2943,HVqv2mp,load,,,,
8d849fe51925c8defb9c,GEN 45:17,10,"Y dijo Faraón a José: Di a tus hermanos: Hagan esto: carguen sus bestias, e vayan, vuelvan a la tierra de Canaán;",H853,HTo,<obj.>,,,,
24c02f3b9656e4ff22f3,GEN 45:17,12,"Y dijo Faraón a José: Di a tus hermanos: Hagan esto: carguen sus bestias, e vayan, vuelvan a la tierra de Canaán;",H1980,HC/Vqv2mp,and/ go,,,,
7b80185c10fda31d22ef,GEN 45:17,13,"Y dijo Faraón a José: Di a tus hermanos: Hagan esto: carguen sus bestias, e vayan, vuelvan a la tierra de Canaán;",H935,HVqv2mp,go,,,,
0a53ac23e7a7ec149eed,GEN 45:18,0,"Y tomen a su padre y sus familias, y vengan a mí, que yo les daré lo bueno de la tierra de Egipto y comerán la grosura de la tierra.",H3947,HC/Vqv2mp,and/ fetch,,,,
6421eb342271a705e213,GEN 45:18,1,"Y tomen a su padre y sus familias, y vengan a mí, que yo les daré lo bueno de la tierra de Egipto y comerán la grosura de la tierra.",H853,HTo,<obj.>,,,,
f8c33fec7fda77d74889,GEN 45:18,3,"Y tomen a su padre y sus familias, y vengan a mí, que yo les daré lo bueno de la tierra de Egipto y comerán la grosura de la tierra.",H853,HC/To,and/ <obj.>,,,,
240fdd7be447012437ef,GEN 45:18,5,"Y tomen a su padre y sus familias, y vengan a mí, que yo les daré lo bueno de la tierra de Egipto y comerán la grosura de la tierra.",H935,HC/Vqv2mp,and/ come,,,,
6e00de4f51c52f4d70a6,GEN 45:18,6,"Y tomen a su padre y sus familias, y vengan a mí, que yo les daré lo bueno de la tierra de Egipto y comerán la grosura de la tierra.",H413,HR/Sp1bs,to/ me,,,,
35f2c2aff317de61468d,GEN 45:18,8,"Y tomen a su padre y sus familias, y vengan a mí, que yo les daré lo bueno de la tierra de Egipto y comerán la grosura de la tierra.",H853,HTo,<obj.>,,,,
933438f6587f054cc609,GEN 45:18,12,"Y tomen a su padre y sus familias, y vengan a mí, que yo les daré lo bueno de la tierra de Egipto y comerán la grosura de la tierra.",H398,HC/Vqv2mp,and/ eat,,,,
22c5cfaaad987ad01211,GEN 45:18,13,"Y tomen a su padre y sus familias, y vengan a mí, que yo les daré lo bueno de la tierra de Egipto y comerán la grosura de la tierra.",H853,HTo,<obj.>,,,,
e037cbc1bc8478055cc6,GEN 45:18,14,"Y tomen a su padre y sus familias, y vengan a mí, que yo les daré lo bueno de la tierra de Egipto y comerán la grosura de la tierra.",H2459,HNcmsc,[the] fat of,,,,
9f6ff5101610a4c5773b,GEN 45:19,3,"Y tú manda: Hagan esto: tómense de la tierra de Egipto carros para sus niños y sus mujeres; y tomen a su padre, y vengan.",H6213,HVqv2mp,do,,,,
2d858ec1b5e71f3c3a46,GEN 45:19,4,"Y tú manda: Hagan esto: tómense de la tierra de Egipto carros para sus niños y sus mujeres; y tomen a su padre, y vengan.",H3947,HVqv2mp,take,,,,
a77e10d2962b071884e0,GEN 45:19,10,"Y tú manda: Hagan esto: tómense de la tierra de Egipto carros para sus niños y sus mujeres; y tomen a su padre, y vengan.",H5375,Hc/Vqq2mp,and/ you will carry,,,,
6c1947f6ee3e2670eaed,GEN 45:19,11,"Y tú manda: Hagan esto: tómense de la tierra de Egipto carros para sus niños y sus mujeres; y tomen a su padre, y vengan.",H853,HTo,<obj.>,,,,
b3236fbce211525ae397,GEN 45:19,13,"Y tú manda: Hagan esto: tómense de la tierra de Egipto carros para sus niños y sus mujeres; y tomen a su padre, y vengan.",H935,Hc/Vqq2mp,and/ you will come,,,,
5851bdd9acd54e5d4b74,GEN 45:20,0,"Y no se les dé nada de sus alhajas, porque el bien de la tierra de Egipto será su.",H5869,HC/Ncfsc/Sp2mp,and/ eye/ your,,,,
edb5d0be613aa27a7304,GEN 45:20,3,"Y no se les dé nada de sus alhajas, porque el bien de la tierra de Egipto será su.",H5921,HR,on,,,,
2d10b9b32ad30cb4ee2d,GEN 45:20,7,"Y no se les dé nada de sus alhajas, porque el bien de la tierra de Egipto será su.",H3605,HNcmsc,all,,,,
ca0ac09bec8e25bbad68,GEN 45:20,10,"Y no se les dé nada de sus alhajas, porque el bien de la tierra de Egipto será su.",H1931,HPp3ms,it,,,,
821ee44e1b3ab888b027,GEN 45:24,1,"Y despidió a sus hermanos, y fuéronse. Y él les dijo: No riñan por el camino.",H853,HTo,<obj.>,,,,
a8d884bc4ecdac9f17c9,GEN 45:24,3,"Y despidió a sus hermanos, y fuéronse. Y él les dijo: No riñan por el camino.",H1980,Hc/Vqw3mp,and/ they went,,,,
ef9b481aeb8d347295a9,GEN 45:24,7,"Y despidió a sus hermanos, y fuéronse. Y él les dijo: No riñan por el camino.",H7264,HVqj2mp,you stir up,,,,
c664871b39e544ceb7d3,GEN 45:25,5,"Y subieron de Egipto, y llegaron a la tierra de Canaán a Jacob su padre.",H413,HR,to,,,,
14be2846f0efee92ca84,GEN 45:26,5,"Y diéronle las nuevas, diciendo: José vive aún; y él es señor en toda la tierra de Egipto. Y su corazón se desmayó; pues no los creía.",H3588,HC/Tc,and/ that,,,,
0d6c665c8f6b7f49cf6a,GEN 45:26,11,"Y diéronle las nuevas, diciendo: José vive aún; y él es señor en toda la tierra de Egipto. Y su corazón se desmayó; pues no los creía.",H6313,Hc/Vqw3ms,and/ it grew numb,,,,
5a08d2d5293df9d12cfc,GEN 45:26,13,"Y diéronle las nuevas, diciendo: José vive aún; y él es señor en toda la tierra de Egipto. Y su corazón se desmayó; pues no los creía.",H3588,HTc,for,,,,
aa68ac160ec55fd1df6e,GEN 45:27,2,"Y ellos le contaron todas las palabras de José, que él les había hablado; y viendo él los carros que José enviaba para llevarlo, el espíritu de Jacob su padre revivió.",H853,HTo,<obj.>,,,,
4af59909cb7e539328a0,GEN 45:27,10,"Y ellos le contaron todas las palabras de José, que él les había hablado; y viendo él los carros que José enviaba para llevarlo, el espíritu de Jacob su padre revivió.",H853,HTo,<obj.>,,,,
33a50e53d2af291bdc8c,GEN 45:27,16,"Y ellos le contaron todas las palabras de José, que él les había hablado; y viendo él los carros que José enviaba para llevarlo, el espíritu de Jacob su padre revivió.",H853,HTo/Sp3ms,<obj.>/ him,,,,
4423b35db51de38fed15,GEN 45:27,20,"Y ellos le contaron todas las palabras de José, que él les había hablado; y viendo él los carros que José enviaba para llevarlo, el espíritu de Jacob su padre revivió.",H1,HNcmsc/Sp3mp,father/ their,,,,
42aa64e706c5cef6907f,GEN 45:28,7,"Entonces dijo Israel: Basta; José mi hijo vive todavía: iré, y le veré antes que yo muera.",H1980,HVqc1cs,I will go,,,,
eba58f5abb6737267a53,GEN 45:28,9,"Entonces dijo Israel: Basta; José mi hijo vive todavía: iré, y le veré antes que yo muera.",H2962,HR/Acbsa,<in>/ before,,,,
f135d1c632e6133d541c,GEN 46:1,6,"Y partióse Israel con todo lo que tenía, y vino a Beer-seba, y ofreció sacrificios al Dios de su padre Isaac.",H884,HNpl,Sheba,,,,
fc00b7a4108a0e8e4b21,GEN 46:4,7,"Yo descenderé contigo a Egipto, y yo también te haré volver: y José pondrá su mano sobre tus ojos.",H5927,HVqaa,completely <to go up>,,,,
ce94554f674903cc3246,GEN 46:4,9,"Yo descenderé contigo a Egipto, y yo también te haré volver: y José pondrá su mano sobre tus ojos.",H7896,HVqi3ms,he will put,,,,
150a5c4507af4949facd,GEN 46:4,11,"Yo descenderé contigo a Egipto, y yo también te haré volver: y José pondrá su mano sobre tus ojos.",H5921,HR,over,,,,
0c82bcfe51ff053894c1,GEN 46:5,3,"Y levantóse Jacob de Beer-seba; y tomaron los hijos de Israel a su padre Jacob, y a sus niños, y a sus mujeres, en los carros que Faraón había enviado para llevarlo.",H884,HNpl,Sheba,,,,
60751e8adba710a6e2bf,GEN 46:5,7,"Y levantóse Jacob de Beer-seba; y tomaron los hijos de Israel a su padre Jacob, y a sus niños, y a sus mujeres, en los carros que Faraón había enviado para llevarlo.",H853,HTo,<obj.>,,,,
9d58c4b498b1e2eb43b2,GEN 46:5,10,"Y levantóse Jacob de Beer-seba; y tomaron los hijos de Israel a su padre Jacob, y a sus niños, y a sus mujeres, en los carros que Faraón había enviado para llevarlo.",H853,HC/To,and/ <obj.>,,,,
ee5db8daad202be0445c,GEN 46:5,12,"Y levantóse Jacob de Beer-seba; y tomaron los hijos de Israel a su padre Jacob, y a sus niños, y a sus mujeres, en los carros que Faraón había enviado para llevarlo.",H853,HC/To,and/ <obj.>,,,,
66d6e523eca768049b20,GEN 46:5,19,"Y levantóse Jacob de Beer-seba; y tomaron los hijos de Israel a su padre Jacob, y a sus niños, y a sus mujeres, en los carros que Faraón había enviado para llevarlo.",H853,HTo/Sp3ms,<obj.>/ him,,,,
58bd5ac02bce147674c4,GEN 46:6,1,"Y tomaron sus ganados, y su hacienda que había adquirido en la tierra de Canaán, y viniéronse a Egipto, Jacob, y toda su simiente consigo;",H853,HTo,<obj.>,,,,
6cf3418f45717cfd6507,GEN 46:6,3,"Y tomaron sus ganados, y su hacienda que había adquirido en la tierra de Canaán, y viniéronse a Egipto, Jacob, y toda su simiente consigo;",H853,HC/To,and/ <obj.>,,,,
1c9e6dd38b4f7e156172,GEN 46:6,6,"Y tomaron sus ganados, y su hacienda que había adquirido en la tierra de Canaán, y viniéronse a Egipto, Jacob, y toda su simiente consigo;",H7408,HVqp3cp,they had accumulated,,,,
c206243339ca5419ba9c,GEN 46:15,7,"Estos fueron los hijos de Lea, los que parió a Jacob en Padan-aram, y además su hija Dina: treinta y tres las almas todas de sus hijos e hijas.",H758,HNpl,Aram,,,,
ba74b86b908f85418451,GEN 46:15,8,"Estos fueron los hijos de Lea, los que parió a Jacob en Padan-aram, y además su hija Dina: treinta y tres las almas todas de sus hijos e hijas.",H854,HC/R,and/ <obj.>,,,,
0e37f30c586502385f84,GEN 46:16,6,"Y los hijos de Gad: Ziphión, y Aggi, y Ezbón, y Suni, y Heri, y Arodi, y Areli.",H6179,HNpm,Eri,,,,
7eeac07b6e0d2f878556,GEN 46:18,9,"Estos fueron los hijos de Zilpa, la que Labán dio a su hija Lea, y parió estos a Jacob; todas diez y seis almas.",H853,HTo,<obj.>,,,,
3ec260fdda922ca7b666,GEN 46:18,13,"Estos fueron los hijos de Zilpa, la que Labán dio a su hija Lea, y parió estos a Jacob; todas diez y seis almas.",H6240,HAcbsc,teen,,,,
931581fdc60cb53cf26a,GEN 46:20,9,"Y nacieron a José en la tierra de Egipto Manasés y Ephraim, los que le parió Asenath, hija de Potipherah, sacerdote de On.",H6319,HNpm,-phera,,,,
2a2e3044cee71c6956e7,GEN 46:20,12,"Y nacieron a José en la tierra de Egipto Manasés y Ephraim, los que le parió Asenath, hija de Potipherah, sacerdote de On.",H853,HTo,<obj.>,,,,
ccc752efe80039b4da7e,GEN 46:20,14,"Y nacieron a José en la tierra de Egipto Manasés y Ephraim, los que le parió Asenath, hija de Potipherah, sacerdote de On.",H853,HC/To,and/ <obj.>,,,,
89e5c7c0d8d67792d188,GEN 46:24,2,"Y los hijos de Nephtalí: Jahzeel, y Guni, y Jezer, y Shillem.",H3183,HNpm,Jahzeel,,,,
464c2581aa6e3ccb6278,GEN 46:25,9,"Estos fueron los hijos de Bilha, la que dio Labán a Rachêl su hija, y parió estos a Jacob; todas siete almas.",H853,HTo,<obj.>,,,,
176928cacbae6d6648dd,GEN 46:26,7,"Todas las personas que vinieron con Jacob a Egipto, procedentes de sus lomos, sin las mujeres de los hijos de Jacob, todas las personas fueron sesenta y seis.",H905,HR/R/Ncmsc,<from>/ <to>/ besides,,,,
7b31936da044fc1d036f,GEN 46:28,0,"Y envió a Judá delante de sí a José, para que le viniese a ver a Gosén; y llegaron a la tierra de Gosén.",H853,HC/To,and/ <obj.>,,,,
6ee8f0b38583b225af4d,GEN 46:28,4,"Y envió a Judá delante de sí a José, para que le viniese a ver a Gosén; y llegaron a la tierra de Gosén.",H413,HR,to,,,,
f7c8e8a764da99ebcf20,GEN 46:28,7,"Y envió a Judá delante de sí a José, para que le viniese a ver a Gosén; y llegaron a la tierra de Gosén.",H6440,HR/Ncmpc/Sp3ms,<to>/ before/ him,,,,
874c756f5a93607186ea,GEN 46:29,4,"Y José unció su carro y vino a recibir a Israel su padre a Gosén; y se manifestó a él, y echóse sobre su cuello, y lloró sobre su cuello bastante.",H7122,HR/Vqcc,to/ meet,,,,
ac18e9a6482ded668482,GEN 46:29,9,"Y José unció su carro y vino a recibir a Israel su padre a Gosén; y se manifestó a él, y echóse sobre su cuello, y lloró sobre su cuello bastante.",H413,HR/Sp3ms,to/ him,,,,
9b13bc819c207d231589,GEN 46:30,2,"Entonces Israel dijo a José: Muera yo ahora, ya que he visto tu rostro, pues aun vives.",H413,HR,to,,,,
af1bc92e8695ff544a22,GEN 46:30,8,"Entonces Israel dijo a José: Muera yo ahora, ya que he visto tu rostro, pues aun vives.",H853,HTo,<obj.>,,,,
4011ecfbd8b2661a18c4,GEN 46:30,10,"Entonces Israel dijo a José: Muera yo ahora, ya que he visto tu rostro, pues aun vives.",H3588,HTc,that,,,,
842b9470d670c99a4490,GEN 46:31,2,"Y José dijo a sus hermanos, y a la casa de su padre: Subiré y haré saber a Faraón, y diréle: Mis hermanos y la casa de mi padre, que estaban en la tierra de Canaán, han venido a mí;",H413,HR,to,,,,
765d39501a9b94557632,GEN 46:31,4,"Y José dijo a sus hermanos, y a la casa de su padre: Subiré y haré saber a Faraón, y diréle: Mis hermanos y la casa de mi padre, que estaban en la tierra de Canaán, han venido a mí;",H413,HC/R,and/ to,,,,
4dd030c5f4f7afafe44a,GEN 46:31,10,"Y José dijo a sus hermanos, y a la casa de su padre: Subiré y haré saber a Faraón, y diréle: Mis hermanos y la casa de mi padre, que estaban en la tierra de Canaán, han venido a mí;",H559,HC/Vqc1cs,and/ I will say,,,,
1f3b9e41d76384255efb,GEN 46:31,11,"Y José dijo a sus hermanos, y a la casa de su padre: Subiré y haré saber a Faraón, y diréle: Mis hermanos y la casa de mi padre, que estaban en la tierra de Canaán, han venido a mí;",H413,HR/Sp3ms,to/ him,,,,
c7e2c87c6f5713ef9c2a,GEN 46:31,19,"Y José dijo a sus hermanos, y a la casa de su padre: Subiré y haré saber a Faraón, y diréle: Mis hermanos y la casa de mi padre, que estaban en la tierra de Canaán, han venido a mí;",H413,HR/Sp1bs,to/ me,,,,
ee5fc3000458a38de080,GEN 46:33,0,Y cuando Faraón les llame y diga: ¿cuál es su oficio?,H1961,Hc/Vqq3ms,and/ it will be,,,,
f0cd7cdf25569a08fbc5,GEN 46:33,2,Y cuando Faraón les llame y diga: ¿cuál es su oficio?,H7121,HVqi3ms,he will summon,,,,
9308a7c52dd359399bc9,GEN 46:33,4,Y cuando Faraón les llame y diga: ¿cuál es su oficio?,H559,Hc/Vqq3ms,and/ he will say,,,,
cce8558fdb4a3ba5ada6,GEN 46:34,0,"Entonces dirán: Hombres de ganadería han sido tus siervos desde nuestra mocedad hasta ahora, nosotros y nuestros padres; a fin que moren en la tierra de Gosén, porque los Egipcios abominan todo pastor de ovejas.",H559,Hc/Vqq2mp,and/ you will say,,,,
e868ef11b0adfdcf656a,GEN 46:34,8,"Entonces dirán: Hombres de ganadería han sido tus siervos desde nuestra mocedad hasta ahora, nosotros y nuestros padres; a fin que moren en la tierra de Gosén, porque los Egipcios abominan todo pastor de ovejas.",H1571,HD,both,,,,
8758a6e986e922170559,GEN 46:34,10,"Entonces dirán: Hombres de ganadería han sido tus siervos desde nuestra mocedad hasta ahora, nosotros y nuestros padres; a fin que moren en la tierra de Gosén, porque los Egipcios abominan todo pastor de ovejas.",H1571,HD,as well as,,,,
fb8c1b994976bb6e3b68,GEN 46:34,12,"Entonces dirán: Hombres de ganadería han sido tus siervos desde nuestra mocedad hasta ahora, nosotros y nuestros padres; a fin que moren en la tierra de Gosén, porque los Egipcios abominan todo pastor de ovejas.",H5668,HR/Ncmsa,in/order that,,,,
96ddcc0e00d93cde83e5,GEN 46:34,13,"Entonces dirán: Hombres de ganadería han sido tus siervos desde nuestra mocedad hasta ahora, nosotros y nuestros padres; a fin que moren en la tierra de Gosén, porque los Egipcios abominan todo pastor de ovejas.",H3427,HVqj2mp,you may dwell,,,,
da583d85d12ad695d9fe,GEN 46:34,17,"Entonces dirán: Hombres de ganadería han sido tus siervos desde nuestra mocedad hasta ahora, nosotros y nuestros padres; a fin que moren en la tierra de Gosén, porque los Egipcios abominan todo pastor de ovejas.",H8441,HNcfsc,[is] [the] abomination of,,,,
8c58bd9e96ad98060899,GEN 46:34,18,"Entonces dirán: Hombres de ganadería han sido tus siervos desde nuestra mocedad hasta ahora, nosotros y nuestros padres; a fin que moren en la tierra de Gosén, porque los Egipcios abominan todo pastor de ovejas.",H4713,HNpl,Egypt,,,,
61025dd4da447664d5be,GEN 47:1,14,"Y josé vino, e hizo saber a Faraón, y dijo: Mi padre y mis hermanos, y sus ovejas y sus vacas, con todo lo que tienen, han venido de la tierra de Canaán, y he aquí, están en la tierra de Gosén.",H2005,HC/Tj/Sp3mp,and/ there/ they,,,,
17f21bfc733fc5e35b3d,GEN 47:2,5,"Y de los postreros de sus hermanos tomó cinco varones, y presentólos delante de Faraón.",H3322,Hc/Vhw3ms/Sp3mp,and/ he presented/ them,,,,
f693f49577d97952da05,GEN 47:3,2,"Y Faraón dijo a sus hermanos: ¿Cuál es su oficio? Y ellos respondieron a Faraón: Pastores de ovejas son tus siervos, así nosotros como nuestros padres.",H413,HR,to,,,,
39bc28621006708ab651,GEN 47:3,7,"Y Faraón dijo a sus hermanos: ¿Cuál es su oficio? Y ellos respondieron a Faraón: Pastores de ovejas son tus siervos, así nosotros como nuestros padres.",H413,HR,to,,,,
757d15d3a30cda66e83d,GEN 47:3,14,"Y Faraón dijo a sus hermanos: ¿Cuál es su oficio? Y ellos respondieron a Faraón: Pastores de ovejas son tus siervos, así nosotros como nuestros padres.",H1571,HD,as well as,,,,
8e883f95ca34993bbbd0,GEN 47:4,1,"Dijeron además a Faraón: Por morar en esta tierra hemos venido; porque no hay pasto para las ovejas de tus siervos, pues el hambre es grave en la tierra de Canaán: por tanto, te rogamos ahora que habiten tus siervos en la tierra de Gosén.",H413,HR,to,,,,
4acb2666039caa5f4ff2,GEN 47:4,10,"Dijeron además a Faraón: Por morar en esta tierra hemos venido; porque no hay pasto para las ovejas de tus siervos, pues el hambre es grave en la tierra de Canaán: por tanto, te rogamos ahora que habiten tus siervos en la tierra de Gosén.",H834,HTr,which,,,,
ad492b8411c440ec3d8e,GEN 47:5,2,"Entonces Faraón habló a José, diciendo: Tu padre y tus hermanos han venido a ti;",H413,HR,to,,,,
c4dc25571b2b26f2dab8,GEN 47:5,8,"Entonces Faraón habló a José, diciendo: Tu padre y tus hermanos han venido a ti;",H413,HR/Sp2ms,to/ you,,,,
bc0253c379e8d6b75905,GEN 47:6,7,"La tierra de Egipto delante de ti está; en lo mejor de la tierra haz habitar a tu padre y a tus hermanos; habiten en la tierra de Gosén; y si entiendes que hay entre ellos hombres eficaces, ponlos por mayorales del ganado mío.",H853,HTo,<obj.>,,,,
5cb6bde0fab7cb4fb41d,GEN 47:6,9,"La tierra de Egipto delante de ti está; en lo mejor de la tierra haz habitar a tu padre y a tus hermanos; habiten en la tierra de Gosén; y si entiendes que hay entre ellos hombres eficaces, ponlos por mayorales del ganado mío.",H853,HC/To,and/ <obj.>,,,,
841b5f65d6f48256da9b,GEN 47:6,16,"La tierra de Egipto delante de ti está; en lo mejor de la tierra haz habitar a tu padre y a tus hermanos; habiten en la tierra de Gosén; y si entiendes que hay entre ellos hombres eficaces, ponlos por mayorales del ganado mío.",H3426,HC/Acbsa,and/ there,,,,
4724a5ef16583e964dcb,GEN 47:6,18,"La tierra de Egipto delante de ti está; en lo mejor de la tierra haz habitar a tu padre y a tus hermanos; habiten en la tierra de Gosén; y si entiendes que hay entre ellos hombres eficaces, ponlos por mayorales del ganado mío.",H2428,HNcmsa,ability,,,,
cf72838528bf5f7cc0f1,GEN 47:6,23,"La tierra de Egipto delante de ti está; en lo mejor de la tierra haz habitar a tu padre y a tus hermanos; habiten en la tierra de Gosén; y si entiendes que hay entre ellos hombres eficaces, ponlos por mayorales del ganado mío.",H834,HTr,[that] which,,,,
93634f937166633f2c59,GEN 47:7,2,"Y José introdujo a su padre, y presentólo delante de Faraón; y Jacob bendijo a Faraón.",H853,HTo,<obj.>,,,,
096ce18c979f8f7f6a24,GEN 47:7,9,"Y José introdujo a su padre, y presentólo delante de Faraón; y Jacob bendijo a Faraón.",H3290,HNpm,Jacob,,,,
3986daff247dc1c5baf7,GEN 47:7,10,"Y José introdujo a su padre, y presentólo delante de Faraón; y Jacob bendijo a Faraón.",H853,HTo,<obj.>,,,,
0b0e14102bf6bb44c6d4,GEN 47:8,2,Y dijo Faraón a Jacob: ¿Cuántos son los días de los años de tu vida?,H413,HR,to,,,,
4c47135dede0a6d667a9,GEN 47:9,2,"Y Jacob respondió a Faraón: Los días de los años de mi peregrinación son ciento treinta años; pocos y malos han sido los días de los años de mi vida, y no han llegado a los días de los años de la vida de mis padres en los días de su peregrinación.",H413,HR,to,,,,
646dfeb0f0441b4e293d,GEN 47:9,18,"Y Jacob respondió a Faraón: Los días de los años de mi peregrinación son ciento treinta años; pocos y malos han sido los días de los años de mi vida, y no han llegado a los días de los años de la vida de mis padres en los días de su peregrinación.",H853,HTo,<obj.>,,,,
8c5c04345bc657f76578,GEN 47:10,2,"Y Jacob bendijo a Faraón, y salióse de delante de Faraón.",H853,HTo,<obj.>,,,,
2057dbf001717c3ecf35,GEN 47:11,2,"Así José hizo habitar a su padre y a sus hermanos, y dióles posesión en la tierra de Egipto, en lo mejor de la tierra, en la tierra de Rameses como mandó Faraón.",H853,HTo,<obj.>,,,,
36388592739e99347db6,GEN 47:11,4,"Así José hizo habitar a su padre y a sus hermanos, y dióles posesión en la tierra de Egipto, en lo mejor de la tierra, en la tierra de Rameses como mandó Faraón.",H853,HC/To,and/ <obj.>,,,,
701eff6b6f2168b7412b,GEN 47:12,2,"Y alimentaba José a su padre y a sus hermanos, y a toda la casa de su padre, de pan, hasta la boca del niño.",H853,HTo,<obj.>,,,,
487624fa299efe11740d,GEN 47:12,4,"Y alimentaba José a su padre y a sus hermanos, y a toda la casa de su padre, de pan, hasta la boca del niño.",H853,HC/To,and/ <obj.>,,,,
c7d4e87f89a1e4caf92f,GEN 47:12,6,"Y alimentaba José a su padre y a sus hermanos, y a toda la casa de su padre, de pan, hasta la boca del niño.",H853,HC/To,and/ <obj.>,,,,
fb39d1e85ec8b6693aa8,GEN 47:12,11,"Y alimentaba José a su padre y a sus hermanos, y a toda la casa de su padre, de pan, hasta la boca del niño.",H6310,HR/Ncmsc,to/ [the] mouth of,,,,
e4ef6c1a2daab844c993,GEN 47:13,4,"Y no había pan en toda la tierra, y el hambre era muy grave; por lo que desfalleció de hambre la tierra de Egipto y la tierra de Canaán.",H3588,HTc,for,,,,
ffb4de9423c86295ffe9,GEN 47:13,13,"Y no había pan en toda la tierra, y el hambre era muy grave; por lo que desfalleció de hambre la tierra de Egipto y la tierra de Canaán.",H6440,HR/Ncmpc,<from>/ because of,,,,
7f96be43181751964093,GEN 47:14,2,"Y recogió José todo el dinero que se halló en la tierra de Egipto y en la tierra de Canaán, por los alimentos que de él compraban; y metió José el dinero en casa de Faraón.",H853,HTo,<obj.>,,,,
da74f9e9c4e867f08623,GEN 47:14,5,"Y recogió José todo el dinero que se halló en la tierra de Egipto y en la tierra de Canaán, por los alimentos que de él compraban; y metió José el dinero en casa de Faraón.",H4672,HTd/VNrmsa,which/ was found,,,,
24ac7c8460fa252c9b25,GEN 47:14,12,"Y recogió José todo el dinero que se halló en la tierra de Egipto y en la tierra de Canaán, por los alimentos que de él compraban; y metió José el dinero en casa de Faraón.",H1992,HPp3mp,they,,,,
28d128c7da25589631f0,GEN 47:14,16,"Y recogió José todo el dinero que se halló en la tierra de Egipto y en la tierra de Canaán, por los alimentos que de él compraban; y metió José el dinero en casa de Faraón.",H853,HTo,<obj.>,,,,
0f37b0559adeaabfd35f,GEN 47:15,8,"Y acabado el dinero de la tierra de Egipto y de la tierra de Canaán, vino todo Egipto a José diciendo: Danos pan: ¿por qué moriremos delante de ti, por haberse acabado el dinero?",H4713,HNpl,Egypt,,,,
e7c8b0a24a63d6dc1e57,GEN 47:15,9,"Y acabado el dinero de la tierra de Egipto y de la tierra de Canaán, vino todo Egipto a José diciendo: Danos pan: ¿por qué moriremos delante de ti, por haberse acabado el dinero?",H413,HR,to,,,,
4743f3f5b30a6c045567,GEN 47:15,12,"Y acabado el dinero de la tierra de Egipto y de la tierra de Canaán, vino todo Egipto a José diciendo: Danos pan: ¿por qué moriremos delante de ti, por haberse acabado el dinero?",H3051,HVqv2ms/Sh,give/ !,,,,
53729b48195580268335,GEN 47:16,2,"Y José dijo: Den sus ganados, y yo les daré por sus ganados, si se ha acabado el dinero.",H3051,HVqv2mp,give,,,,
9b755f1a183a5456fb85,GEN 47:17,1,"Y ellos trajeron sus ganados a José; y José les dio alimentos por caballos, y por el ganado de las ovejas, y por el ganado de las vacas, y por asnos: y sustentólos de pan por todos sus ganados aquel año.",H853,HTo,<obj.>,,,,
447736e453a1ffd2f279,GEN 47:17,3,"Y ellos trajeron sus ganados a José; y José les dio alimentos por caballos, y por el ganado de las ovejas, y por el ganado de las vacas, y por asnos: y sustentólos de pan por todos sus ganados aquel año.",H413,HR,to,,,,
c035a983d737d1943a2b,GEN 47:18,9,"Y acabado aquel año, vinieron a él el segundo año, y le dijeron: No encubriremos a nuestro señor que el dinero ciertamente se ha acabado; también el ganado es ya de nuestro señor; nada ha quedado delante de nuestro señor sino nuestros cuerpos y nuestra tierra.",H3582,HVpi1cp,we will hide,,,,
e22efe1a6d4615052860,GEN 47:18,12,"Y acabado aquel año, vinieron a él el segundo año, y le dijeron: No encubriremos a nuestro señor que el dinero ciertamente se ha acabado; también el ganado es ya de nuestro señor; nada ha quedado delante de nuestro señor sino nuestros cuerpos y nuestra tierra.",H518,HTc,except,,,,
ef876702725336cb38e8,GEN 47:18,23,"Y acabado aquel año, vinieron a él el segundo año, y le dijeron: No encubriremos a nuestro señor que el dinero ciertamente se ha acabado; también el ganado es ya de nuestro señor; nada ha quedado delante de nuestro señor sino nuestros cuerpos y nuestra tierra.",H1115,HNcbsa,except,,,,
bb114b77fab869d3f958,GEN 47:18,24,"Y acabado aquel año, vinieron a él el segundo año, y le dijeron: No encubriremos a nuestro señor que el dinero ciertamente se ha acabado; también el ganado es ya de nuestro señor; nada ha quedado delante de nuestro señor sino nuestros cuerpos y nuestra tierra.",H518,HTc,<if>,,,,
4bd078fbb156e48c0fa9,GEN 47:19,8,"¿Por qué moriremos delante de tus ojos, así nosotros como nuestra tierra? Cómpranos a nosotros y a nuestra tierra por pan, y seremos nosotros y nuestra tierra siervos de Faraón: y danos simiente para que vivamos y no muramos, y no sea asolada la tierra.",H853,HTo/Sp1bp,<obj.>/ us,,,,
5a38c924542b12c29a66,GEN 47:19,9,"¿Por qué moriremos delante de tus ojos, así nosotros como nuestra tierra? Cómpranos a nosotros y a nuestra tierra por pan, y seremos nosotros y nuestra tierra siervos de Faraón: y danos simiente para que vivamos y no muramos, y no sea asolada la tierra.",H853,HC/To,and/ <obj.>,,,,
deda33bb6da9df3b4ea4,GEN 47:19,24,"¿Por qué moriremos delante de tus ojos, así nosotros como nuestra tierra? Cómpranos a nosotros y a nuestra tierra por pan, y seremos nosotros y nuestra tierra siervos de Faraón: y danos simiente para que vivamos y no muramos, y no sea asolada la tierra.",H3456,HVqi3fs,it will be desolate,,,,
fdc14914f6ce30e6d9f3,GEN 47:20,2,"Entonces compró José toda la tierra de Egipto para Faraón; pues los Egipcios vendieron cada uno sus tierras, porque se agravó el hambre sobre ellos: y la tierra vino a ser de Faraón.",H853,HTo,<obj.>,,,,
055a26589ced7a6e48a3,GEN 47:20,9,"Entonces compró José toda la tierra de Egipto para Faraón; pues los Egipcios vendieron cada uno sus tierras, porque se agravó el hambre sobre ellos: y la tierra vino a ser de Faraón.",H4713,HNpl,Egypt,,,,
81b1e365bb8340be66a2,GEN 47:21,0,Y al pueblo hízolo pasar a las ciudades desde el un cabo del término de Egipto hasta el otro cabo.,H853,HC/To,and/ <obj.>,,,,
b72341ba9f8a550d77e1,GEN 47:21,3,Y al pueblo hízolo pasar a las ciudades desde el un cabo del término de Egipto hasta el otro cabo.,H853,HTo/Sp3ms,<obj.>/ it,,,,
f1e9fb1469955f573e9f,GEN 47:21,8,Y al pueblo hízolo pasar a las ciudades desde el un cabo del término de Egipto hasta el otro cabo.,H5704,HC/R,and/ to,,,,
e221cbf3bc6eb639f5fb,GEN 47:22,8,"Solamente la tierra de los sacerdotes no compró, por cuanto los sacerdotes tenían ración de Faraón, y ellos comían su ración que Faraón les daba: por eso no vendieron su tierra.",H854,HR/R,from/ with,,,,
5c3b37e32ccb5c633b34,GEN 47:22,20,"Solamente la tierra de los sacerdotes no compró, por cuanto los sacerdotes tenían ración de Faraón, y ellos comían su ración que Faraón les daba: por eso no vendieron su tierra.",H853,HTo,<obj.>,,,,
9fd99824d8191399cd90,GEN 47:23,4,"Y José dijo al pueblo: He aquí les he hoy comprado y a su tierra para Faraón: vean aquí simiente, y sembrarán la tierra.",H2005,HTj,here!,,,,
8e4c7cc6602a6332b69e,GEN 47:23,6,"Y José dijo al pueblo: He aquí les he hoy comprado y a su tierra para Faraón: vean aquí simiente, y sembrarán la tierra.",H853,HTo/Sp2mp,<obj.>/ you,,,,
01ad949afe50b059517d,GEN 47:23,8,"Y José dijo al pueblo: He aquí les he hoy comprado y a su tierra para Faraón: vean aquí simiente, y sembrarán la tierra.",H853,HC/To,and/ <obj.>,,,,
162a56baac7e77c2e28a,GEN 47:23,13,"Y José dijo al pueblo: He aquí les he hoy comprado y a su tierra para Faraón: vean aquí simiente, y sembrarán la tierra.",H2232,Hc/Vqq2mp,and/ you will sow,,,,
c3ac6ec7acbeb3d3d4f0,GEN 47:23,14,"Y José dijo al pueblo: He aquí les he hoy comprado y a su tierra para Faraón: vean aquí simiente, y sembrarán la tierra.",H853,HTo,<obj.>,,,,
ffb25f7fbefa21d4d865,GEN 47:24,2,"Y será que de los frutos darán el quinto a Faraón, y las cuatro partes serán sus para sembrar las tierras, y para su mantenimiento, y de los que están en sus casas, y para que coman sus niños.",H5414,Hc/Vqq2mp,and/ you will give,,,,
248ee43e66c383267048,GEN 47:24,7,"Y será que de los frutos darán el quinto a Faraón, y las cuatro partes serán sus para sembrar las tierras, y para su mantenimiento, y de los que están en sus casas, y para que coman sus niños.",H1961,HVqi3ms,it will be[long],,,,
555ec3a5bc84de1123b8,GEN 47:26,1,"Entonces José lo puso por fuero hasta hoy sobre la tierra de Egipto, señalando para Faraón el quinto; excepto solo la tierra de los sacerdotes, que no fue de Faraón.",H853,HTo/Sp3fs,<obj.>/ it,,,,
0ffc5eddcd07ea2e0f5e,GEN 47:26,3,"Entonces José lo puso por fuero hasta hoy sobre la tierra de Egipto, señalando para Faraón el quinto; excepto solo la tierra de los sacerdotes, que no fue de Faraón.",H2706,HR/Ncmsa,to/ a statute,,,,
d49459a157f109f40396,GEN 47:26,6,"Entonces José lo puso por fuero hasta hoy sobre la tierra de Egipto, señalando para Faraón el quinto; excepto solo la tierra de los sacerdotes, que no fue de Faraón.",H2088,HTd/Tm,<the>/ this,,,,
ef9cbbbb8da9a6fdc308,GEN 47:26,15,"Entonces José lo puso por fuero hasta hoy sobre la tierra de Egipto, señalando para Faraón el quinto; excepto solo la tierra de los sacerdotes, que no fue de Faraón.",H905,HR/Ncmsc/Sp3mp,to/ alone/ them,,,,
c052717d015df26ee2b4,GEN 47:28,5,"Y vivió Jacob en la tierra de Egipto diecisiete años: y fueron los días de Jacob, los años de su vida, ciento cuarenta y siete años.",H6240,HAcbsc,teen,,,,
6ee3f5919ade565e7dd9,GEN 47:28,16,"Y vivió Jacob en la tierra de Egipto diecisiete años: y fueron los días de Jacob, los años de su vida, ciento cuarenta y siete años.",H8141,HNcfsa,year[s],,,,
de0403f4a5654ae1411f,GEN 47:29,19,"Y llegáronse los días de Israel para morir, y llamó a José su hijo, y le dijo: Si he hallado ahora gracia en tus ojos, ruégote que pongas tu mano debajo de mi muslo, y harás conmigo misericordia y verdad; ruégote que no me entierres en Egipto;",H5978,HR/Sp1bs,with/ me,,,,
c7fd520262afd27045cc,GEN 47:30,0,"Pero cuando duerma con mis padres, llevarme has de Egipto, y me sepultarás en el sepulcro de ellos. Y él respondió: Yo haré como tú dices.",H7901,Hc/Vqq1cs,and/ I will lie down,,,,
b05763067dd1834a95a0,GEN 47:30,8,"Pero cuando duerma con mis padres, llevarme has de Egipto, y me sepultarás en el sepulcro de ellos. Y él respondió: Yo haré como tú dices.",H595,HPp1bs,I,,,,
644df0de4814a73c36b1,GEN 48:1,4,Y sucedió después de estas cosas el haberse dicho a José: He aquí tu padre está enfermo. Y él tomó consigo sus dos hijos Manasés y Ephraim.,H559,Hc/Vqw3ms,and/ someone said,,,,
b1042794c3b3bc28493f,GEN 48:1,10,Y sucedió después de estas cosas el haberse dicho a José: He aquí tu padre está enfermo. Y él tomó consigo sus dos hijos Manasés y Ephraim.,H853,HTo,<obj.>,,,,
a99edaf9a1337bda09a2,GEN 48:1,14,Y sucedió después de estas cosas el haberse dicho a José: He aquí tu padre está enfermo. Y él tomó consigo sus dos hijos Manasés y Ephraim.,H853,HTo,<obj.>,,,,
63e2935b06f6d123be14,GEN 48:1,16,Y sucedió después de estas cosas el haberse dicho a José: He aquí tu padre está enfermo. Y él tomó consigo sus dos hijos Manasés y Ephraim.,H853,HC/To,and/ <obj.>,,,,
c0baabfe10c62d23becd,GEN 48:2,7,"Y se hizo saber a Jacob, diciendo: He aquí tu hijo José viene a ti. Entonces se esforzó Israel, y sentóse sobre la cama;",H413,HR/Sp2ms,to/ you,,,,
b83cc0146d267fbd1931,GEN 48:3,1,"Y dijo a José: El Dios Omnipotente me apareció en Luz en la tierra de Canaán, y me bendijo,",H3290,HNpm,Jacob,,,,
73017694f760bc69aef5,GEN 48:3,2,"Y dijo a José: El Dios Omnipotente me apareció en Luz en la tierra de Canaán, y me bendijo,",H413,HR,to,,,,
48e8fa587501e4a028c7,GEN 48:3,7,"Y dijo a José: El Dios Omnipotente me apareció en Luz en la tierra de Canaán, y me bendijo,",H413,HR/Sp1bs,to/ me,,,,
84382297598a72734fd8,GEN 48:3,12,"Y dijo a José: El Dios Omnipotente me apareció en Luz en la tierra de Canaán, y me bendijo,",H853,HTo/Sp1bs,<obj.>/ me,,,,
70e46bd71e6b58b09d9e,GEN 48:4,1,"Y díjome: He aquí, yo te haré crecer, y te multiplicaré, y te pondré por estirpe de pueblos: y daré esta tierra a tu simiente después de ti por heredad perpetua.",H413,HR/Sp1bs,to/ me,,,,
d5f2b2d0c33e550981fc,GEN 48:4,2,"Y díjome: He aquí, yo te haré crecer, y te multiplicaré, y te pondré por estirpe de pueblos: y daré esta tierra a tu simiente después de ti por heredad perpetua.",H2005,HTj/Sp1bs,here/ I,,,,
916644aff1d323d43a39,GEN 48:4,9,"Y díjome: He aquí, yo te haré crecer, y te multiplicaré, y te pondré por estirpe de pueblos: y daré esta tierra a tu simiente después de ti por heredad perpetua.",H853,HTo,<obj.>,,,,
6a2ab83a34d3d6125314,GEN 48:5,8,"Y ahora tus dos hijos Ephraim y Manasés, que te nacieron en la tierra de Egipto, antes que viniese a ti a la tierra de Egipto, míos son; como Rubén y Simeón, serán míos:",H413,HR/Sp2ms,to/ you,,,,
d69788ba8afb8b14fa52,GEN 48:6,0,"Y los que después de ellos has engendrado, serán tuyos; por el nombre de sus hermanos serán llamados en sus heredades.",H4138,HC/Ncfsc/Sp2ms,and/ offspring/ your,,,,
6b778c10dc081a7a6609,GEN 48:7,12,"Porque cuando yo venía de Padan-aram, se me murió Rachêl en la tierra de Canaán, en el camino, como media legua de tierra viniendo a Ephrata; y sepultéla allí en el camino de Ephrata, que es Bethlehem.",H935,HR/Vqcc,to/ go,,,,
8c8ebbb40b36a849887c,GEN 48:7,20,"Porque cuando yo venía de Padan-aram, se me murió Rachêl en la tierra de Canaán, en el camino, como media legua de tierra viniendo a Ephrata; y sepultéla allí en el camino de Ephrata, que es Bethlehem.",H1035,HNpl,-lehem,,,,
bb9f5a743211c5003bc7,GEN 48:8,2,"Y vio Israel los hijos de José, y dijo: ¿Quiénes son éstos?",H853,HTo,<obj.>,,,,
e6b29c2445a2f20e8623,GEN 48:9,2,"Y respondió José a su padre: Son mis hijos, que Dios me ha dado aquí. Y él dijo: Allégalos ahora a mí, y los bendeciré.",H413,HR,to,,,,
6fa8d0998b55bf43d0d9,GEN 48:9,11,"Y respondió José a su padre: Son mis hijos, que Dios me ha dado aquí. Y él dijo: Allégalos ahora a mí, y los bendeciré.",H3947,HVqv2ms/Sp3mp,fetch/ them,,,,
30ca537f9cba8d52a611,GEN 48:9,13,"Y respondió José a su padre: Son mis hijos, que Dios me ha dado aquí. Y él dijo: Allégalos ahora a mí, y los bendeciré.",H413,HR/Sp1bs,to/ me,,,,
b7065c68e7e7908882db,GEN 48:10,7,"Y los ojos de Israel estaban tan agravados de la vejez, que no podía ver. Hízoles, pues, llegar a él, y él los besó y abrazó.",H5066,Hc/Vhw3ms,and/ he brought near,,,,
2a61bbc834008afbd6b5,GEN 48:10,8,"Y los ojos de Israel estaban tan agravados de la vejez, que no podía ver. Hízoles, pues, llegar a él, y él los besó y abrazó.",H853,HTo/Sp3mp,<obj.>/ them,,,,
855d6d7b2ae6e4284888,GEN 48:10,9,"Y los ojos de Israel estaban tan agravados de la vejez, que no podía ver. Hízoles, pues, llegar a él, y él los besó y abrazó.",H413,HRd/Sp3ms,to/ him,,,,
6a391f212d8b0bfe8742,GEN 48:11,2,"Y dijo Israel a José: No pensaba yo ver tu rostro, y he aquí Dios me ha hecho ver también tu simiente.",H413,HR,to,,,,
046b63d7f3f6d75abaf2,GEN 48:11,10,"Y dijo Israel a José: No pensaba yo ver tu rostro, y he aquí Dios me ha hecho ver también tu simiente.",H853,HTo/Sp1bs,<obj.>/ me,,,,
a0752e2b0ec4613ef4ed,GEN 48:11,13,"Y dijo Israel a José: No pensaba yo ver tu rostro, y he aquí Dios me ha hecho ver también tu simiente.",H853,HTo,<obj.>,,,,
b0c91e2adbc192ec898d,GEN 48:12,2,"Entonces José los sacó de entre sus rodillas, e inclinóse a tierra.",H853,HTo/Sp3mp,<obj.>/ them,,,,
d77268726168fab2e02a,GEN 48:12,6,"Entonces José los sacó de entre sus rodillas, e inclinóse a tierra.",H639,HR/Ncmdc/Sp3ms,to/ face/ his,,,,
463fd5b1d0b5feb10a9e,GEN 48:13,2,"Y tomólos José a ambos, Ephraim a su diestra, a la siniestra de Israel; y a Manasés a su izquierda, a la derecha de Israel; e hízoles llegar a él.",H853,HTo,<obj.>,,,,
d5bc0b3c6f87b9642293,GEN 48:13,4,"Y tomólos José a ambos, Ephraim a su diestra, a la siniestra de Israel; y a Manasés a su izquierda, a la derecha de Israel; e hízoles llegar a él.",H853,HTo,<obj.>,,,,
4f90c64b063bbf1ea747,GEN 48:13,9,"Y tomólos José a ambos, Ephraim a su diestra, a la siniestra de Israel; y a Manasés a su izquierda, a la derecha de Israel; e hízoles llegar a él.",H853,HC/To,and/ <obj.>,,,,
e430970ff144a5dc5299,GEN 48:13,14,"Y tomólos José a ambos, Ephraim a su diestra, a la siniestra de Israel; y a Manasés a su izquierda, a la derecha de Israel; e hízoles llegar a él.",H5066,Hc/Vhw3ms,and/ he brought [them] near,,,,
07fb322bd8e98558a6d5,GEN 48:13,15,"Y tomólos José a ambos, Ephraim a su diestra, a la siniestra de Israel; y a Manasés a su izquierda, a la derecha de Israel; e hízoles llegar a él.",H413,HR/Sp3ms,to/ him,,,,
ac901e8540a2c9641ad3,GEN 48:14,2,"Entonces Israel extendió su diestra, y púsola sobre la cabeza de Ephraim, que era el menor, y su siniestra sobre la cabeza de Manasés, colocando así sus manos adrede, aunque Manasés era el primogénito.",H853,HTo,<obj.>,,,,
5d8bf8fa38957f250c8f,GEN 48:14,10,"Entonces Israel extendió su diestra, y púsola sobre la cabeza de Ephraim, que era el menor, y su siniestra sobre la cabeza de Manasés, colocando así sus manos adrede, aunque Manasés era el primogénito.",H853,HC/To,and/ <obj.>,,,,
789fb827382c67a85e5f,GEN 48:14,16,"Entonces Israel extendió su diestra, y púsola sobre la cabeza de Ephraim, que era el menor, y su siniestra sobre la cabeza de Manasés, colocando así sus manos adrede, aunque Manasés era el primogénito.",H853,HTo,<obj.>,,,,
3cd7d7e54b5b5c310942,GEN 48:15,1,"Y bendijo a José, y dijo: El Dios en cuya presencia anduvieron mis padres Abraham e Isaac, el Dios que me mantiene desde que yo soy hasta este día,",H853,HTo,<obj.>,,,,
8ae5042c35c68c60f156,GEN 48:15,3,"Y bendijo a José, y dijo: El Dios en cuya presencia anduvieron mis padres Abraham e Isaac, el Dios que me mantiene desde que yo soy hasta este día,",H559,Hc/Vqw3ms,and/ he said,,,,
cdec75a6aea58606b43a,GEN 48:15,5,"Y bendijo a José, y dijo: El Dios en cuya presencia anduvieron mis padres Abraham e Isaac, el Dios que me mantiene desde que yo soy hasta este día,",H834,HTr,whom,,,,
390d962e60611e56f983,GEN 48:15,13,"Y bendijo a José, y dijo: El Dios en cuya presencia anduvieron mis padres Abraham e Isaac, el Dios que me mantiene desde que yo soy hasta este día,",H853,HTo/Sp1bs,<obj.>/ me,,,,
04649f4c329560fe93cb,GEN 48:16,2,"El Angel que me liberta de todo mal, bendiga a estos mozos: y mi nombre sea llamado en ellos, y el nombre de mis padres Abraham e Isaac: y multipliquen en gran manera en medio de la tierra.",H853,HTo/Sp1bs,<obj.>/ me,,,,
3206624cd506df3067ed,GEN 48:16,6,"El Angel que me liberta de todo mal, bendiga a estos mozos: y mi nombre sea llamado en ellos, y el nombre de mis padres Abraham e Isaac: y multipliquen en gran manera en medio de la tierra.",H853,HTo,<obj.>,,,,
3e5b6f570f0f6724b304,GEN 48:16,8,"El Angel que me liberta de todo mal, bendiga a estos mozos: y mi nombre sea llamado en ellos, y el nombre de mis padres Abraham e Isaac: y multipliquen en gran manera en medio de la tierra.",H7121,HC/VNu3ms,and/ may it be called,,,,
9f88208deefb71a4bd83,GEN 48:17,15,"Entonces viendo José que su padre ponía la mano derecha sobre la cabeza de Ephraim, causóle esto disgusto; y asió la mano de su padre, para mudarla de sobre la cabeza de Ephraim a la cabeza de Manasés.",H5493,HR/Vhcc,to/ remove,,,,
a0af5000cd9aa6a1a62a,GEN 48:17,16,"Entonces viendo José que su padre ponía la mano derecha sobre la cabeza de Ephraim, causóle esto disgusto; y asió la mano de su padre, para mudarla de sobre la cabeza de Ephraim a la cabeza de Manasés.",H853,HTo/Sp3fs,<obj.>/ it,,,,
8ed52906bda46fd5293e,GEN 48:17,20,"Entonces viendo José que su padre ponía la mano derecha sobre la cabeza de Ephraim, causóle esto disgusto; y asió la mano de su padre, para mudarla de sobre la cabeza de Ephraim a la cabeza de Manasés.",H5921,HR,on,,,,
1abc9f5458e17449fe05,GEN 48:18,2,"Y dijo José a su padre: No así, padre mío, porque éste es el primogénito; pon tu diestra sobre su cabeza.",H413,HR,to,,,,
3ae7faaeed3617554fbe,GEN 48:19,19,"Pero su padre no quiso, y dijo: Lo sé, hijo mío, lo sé: también él vendrá a ser un pueblo, y será también acrecentado; pero su hermano menor será más grande que él, y su simiente será plenitud de gentes.",H1961,HVqi3ms,it will be,,,,
dc02e48464336f7e3e26,GEN 48:19,20,"Pero su padre no quiso, y dijo: Lo sé, hijo mío, lo sé: también él vendrá a ser un pueblo, y será también acrecentado; pero su hermano menor será más grande que él, y su simiente será plenitud de gentes.",H4393,HNcmsc,[the] fullness of,,,,
6a75c9be16f7c8b20134,GEN 48:20,11,"Y bendíjolos aquel día, diciendo: En ti bendecirá Israel, diciendo: Póngate Dios como a Ephraim y como a Manasés. Y puso a Ephraim delante de Manasés.",H7760,Hc/Vqw3ms,and/ he put,,,,
db2305753a2a9edfe7cd,GEN 48:20,12,"Y bendíjolos aquel día, diciendo: En ti bendecirá Israel, diciendo: Póngate Dios como a Ephraim y como a Manasés. Y puso a Ephraim delante de Manasés.",H853,HTo,<obj.>,,,,
d31a5f5fdf0c8858b7ca,GEN 48:20,14,"Y bendíjolos aquel día, diciendo: En ti bendecirá Israel, diciendo: Póngate Dios como a Ephraim y como a Manasés. Y puso a Ephraim delante de Manasés.",H6440,HR/Ncmpc,<to>/ before,,,,
4197f5ec7a4f550be843,GEN 48:21,2,"Y dijo Israel a José: He aquí, yo muero, pero Dios será con ustedes, y les hará volver a la tierra de sus padres.",H413,HR,to,,,,
081b2806b2cc29f1e1bf,GEN 48:21,7,"Y dijo Israel a José: He aquí, yo muero, pero Dios será con ustedes, y les hará volver a la tierra de sus padres.",H1961,Hc/Vqq3ms,and/ he will be,,,,
b72997a8f855c81ce01b,GEN 48:21,11,"Y dijo Israel a José: He aquí, yo muero, pero Dios será con ustedes, y les hará volver a la tierra de sus padres.",H853,HTo/Sp2mp,<obj.>/ you,,,,
629dd7477dffdaffcb43,GEN 48:21,12,"Y dijo Israel a José: He aquí, yo muero, pero Dios será con ustedes, y les hará volver a la tierra de sus padres.",H413,HR,to,,,,
15a979e83f998efbe89a,GEN 48:22,4,"Y yo te he dado a ti una parte sobre tus hermanos, la cual tomé yo de mano del Amorrheo con mi espada y con mi arco.",H5921,HR,over,,,,
a86412b98edd36de5f3d,GEN 49:1,2,"Y llamó Jacob a sus hijos, y dijo: Júntense, y les declararé lo que les ha de acontecer en los postreros días.",H413,HR,<to>,,,,
cf2bcb93f62252abe411,GEN 49:1,5,"Y llamó Jacob a sus hijos, y dijo: Júntense, y les declararé lo que les ha de acontecer en los postreros días.",H622,HVNv2mp,gather yourselves,,,,
a64a143b3c6c7d705ccd,GEN 49:1,7,"Y llamó Jacob a sus hijos, y dijo: Júntense, y les declararé lo que les ha de acontecer en los postreros días.",H853,HTo,<obj.>,,,,
bfb37381a8aa2976d37a,GEN 49:1,9,"Y llamó Jacob a sus hijos, y dijo: Júntense, y les declararé lo que les ha de acontecer en los postreros días.",H7122,HVqi3ms,it will happen to,,,,
8452662353e46e820e19,GEN 49:1,10,"Y llamó Jacob a sus hijos, y dijo: Júntense, y les declararé lo que les ha de acontecer en los postreros días.",H853,HTo/Sp2mp,<obj.>/ you,,,,
c2a44f45c298e7690f81,GEN 49:2,0,"Júntense y oigan, hijos de Jacob; y escuchen a su padre Israel.",H6908,HVNv2mp,assemble,,,,
f69ba448c7b3223a3403,GEN 49:2,1,"Júntense y oigan, hijos de Jacob; y escuchen a su padre Israel.",H8085,HC/Vqv2mp,and/ listen,,,,
28191c683c80a2fce0af,GEN 49:2,4,"Júntense y oigan, hijos de Jacob; y escuchen a su padre Israel.",H8085,HC/Vqv2mp,and/ listen,,,,
52cb4ecf5ee56c4a0797,GEN 49:2,5,"Júntense y oigan, hijos de Jacob; y escuchen a su padre Israel.",H413,HR,to,,,,
b61ae2e7e135ff9ebe4b,GEN 49:4,0,"Corriente como las aguas, no seas el principal; por cuanto subiste al lecho de tu padre: entonces te envileciste, subiendo a mi estrado.",H6349,HNcmsa,destructiveness,,,,
e72821a89a691614bdaf,GEN 49:6,0,"En su secreto no entre mi alma, ni mi honra se junte en su compañía; que en su furor mataron varón, y en su voluntad arrancaron muro.",H5475,HR/Ncmsc/Sp3mp,in/ council/ their,,,,
8dd921a6245687911b73,GEN 49:6,7,"En su secreto no entre mi alma, ni mi honra se junte en su compañía; que en su furor mataron varón, y en su voluntad arrancaron muro.",H3519,HNcbsc/Sp1ms,honor/ my,,,,
97aaef6ad44fd0ca787c,GEN 49:6,8,"En su secreto no entre mi alma, ni mi honra se junte en su compañía; que en su furor mataron varón, y en su voluntad arrancaron muro.",H3588,HTc,for,,,,
fa382a63aa958167f7bf,GEN 49:8,2,"Judá, alabarte han tus hermanos: tu mano en la cerviz de tus enemigos: los hijos de tu padre se inclinarán a ti.",H3034,HVhi3mp/Sp2ms,they will praise/ you,,,,
dcd4df194cb4276c9821,GEN 49:10,10,"No será quitado el cetro de Judá, y el legislador de entre sus piés, hasta que venga Shiloh; y a él se congregarán los pueblos.",H7886,HNpm,Shiloh,,,,
871528195ea267dade71,GEN 49:12,0,"Sus ojos bermejos del vino, y los dientes blancos de la leche.",H2447,HAamsc,dark of,,,,
f218f13d1b1e5f232d0d,GEN 49:13,7,"Zabulón en puertos de mar habitará, y será para puerto de navíos; y su término hasta Sidón.",H3411,HC/Ncfsc/Sp3ms,and/ side/ his,,,,
12eb95241eb016e80be2,GEN 49:15,3,"Y vio que el descanso era bueno, y que la tierra era deleitosa; y bajó su hombro para llevar, y sirvió en tributo.",H2895,HVqp3ms,it was good,,,,
7cf3a5aee12116f93ed6,GEN 49:15,4,"Y vio que el descanso era bueno, y que la tierra era deleitosa; y bajó su hombro para llevar, y sirvió en tributo.",H853,HC/To,and/ <obj.>,,,,
088731198e7a00f6907b,GEN 49:15,13,"Y vio que el descanso era bueno, y que la tierra era deleitosa; y bajó su hombro para llevar, y sirvió en tributo.",H5647,HVqrmsa,laboring,,,,
2a8e9f541074c0245d98,GEN 49:17,5,"Será Dan serpiente junto al camino, cerasta junto a la senda, que muerde los talones de los caballos, y hace caer por detrás al cabalgador de ellos.",H8207,HNcmsa,a viper,,,,
f952be90ddbe27e11943,GEN 49:17,10,"Será Dan serpiente junto al camino, cerasta junto a la senda, que muerde los talones de los caballos, y hace caer por detrás al cabalgador de ellos.",H5483,HNcmsa,a horse,,,,
3167315caaba78af9176,GEN 49:17,12,"Será Dan serpiente junto al camino, cerasta junto a la senda, que muerde los talones de los caballos, y hace caer por detrás al cabalgador de ellos.",H7392,HVqrmsc/Sp3ms,rider/ its,,,,
e31389e2b4ab3a23730f,GEN 49:17,13,"Será Dan serpiente junto al camino, cerasta junto a la senda, que muerde los talones de los caballos, y hace caer por detrás al cabalgador de ellos.",H268,HNcmsa,backwards,,,,
fbb3a99119cdee7c599d,GEN 49:19,2,"Gad, ejército lo acometerá; pero él acometerá al fin.",H1464,HVqi3ms/Sp3ms,it will attack/ him,,,,
f938d150fb3d7d093c4e,GEN 49:19,4,"Gad, ejército lo acometerá; pero él acometerá al fin.",H1464,HVqi3ms,he will attack,,,,
6c05d1d18f7a3cc8c218,GEN 49:20,1,"El pan de Aser será grueso, y él dará deleites al rey.",H8082,HAafsa,[will be] rich,,,,
a3cac6c5bb7b58e2217a,GEN 49:22,0,"Ramo fructífero José, ramo fructífero junto a fuente, cuyos vástagos se extienden sobre el muro.",H1121,HNcmsc,[is] a son of,,,,
fb86eda3c27472da0bbd,GEN 49:22,1,"Ramo fructífero José, ramo fructífero junto a fuente, cuyos vástagos se extienden sobre el muro.",H6509,HVqrfsa,a fruit-bearer,,,,
bcf44cc71076e42c27a6,GEN 49:22,3,"Ramo fructífero José, ramo fructífero junto a fuente, cuyos vástagos se extienden sobre el muro.",H1121,HNcmsc,a son of,,,,
6dd26da6bd43922844b2,GEN 49:22,4,"Ramo fructífero José, ramo fructífero junto a fuente, cuyos vástagos se extienden sobre el muro.",H6509,HVqrfsa,a fruit-bearer,,,,
54a16ac18c8ef31b19ff,GEN 49:24,9,"Pero su arco quedó en fortaleza, y los brazos de sus manos se corroboraron por las manos del Fuerte de Jacob, (de allí el pastor, y la piedra de Israel,)",H8033,HR/D,[is] from/ there,,,,
bdbc428da67e42d8d170,GEN 49:25,3,"Del Dios de tu padre, el cual te ayudará, y del Omnipotente, el cual te bendecirá con bendiciones de los cielos de arriba, con bendiciones del abismo que está abajo, con bendiciones del seno y de la matriz.",H853,HC/To,and/ <obj.>,,,,
5a62fcd446347605fb96,GEN 49:25,11,"Del Dios de tu padre, el cual te ayudará, y del Omnipotente, el cual te bendecirá con bendiciones de los cielos de arriba, con bendiciones del abismo que está abajo, con bendiciones del seno y de la matriz.",H7257,HVqrfsa,[which] lies,,,,
9e2c05fbf4af3ef7bcad,GEN 49:28,1,"Todos estos fueron las doce tribus de Israel: y esto fue lo que su padre les dijo, y bendíjolos; a cada uno por su bendición los bendijo.",H428,HTm,these,,,,
259d9904025cf5de35b8,GEN 49:28,11,"Todos estos fueron las doce tribus de Israel: y esto fue lo que su padre les dijo, y bendíjolos; a cada uno por su bendición los bendijo.",H853,HTo/Sp3mp,<obj.>/ them,,,,
1f4b8d5c48c2844d2ef5,GEN 49:28,15,"Todos estos fueron las doce tribus de Israel: y esto fue lo que su padre les dijo, y bendíjolos; a cada uno por su bendición los bendijo.",H1288,HVpp3ms,he blessed,,,,
ac408a44bc1739ade109,GEN 49:28,16,"Todos estos fueron las doce tribus de Israel: y esto fue lo que su padre les dijo, y bendíjolos; a cada uno por su bendición los bendijo.",H853,HTo/Sp3mp,<obj.>/ them,,,,
127aad229763e46443c6,GEN 49:29,1,"Mandóles luego, y díjoles: Yo voy a ser reunido con mi pueblo: sepúltenme con mis padres en la cueva que está en el campo de Ephrón el Hetheo;",H853,HTo/Sp3mp,<obj.>/ them,,,,
580bca3a20a80451f803,GEN 49:29,8,"Mandóles luego, y díjoles: Yo voy a ser reunido con mi pueblo: sepúltenme con mis padres en la cueva que está en el campo de Ephrón el Hetheo;",H6912,HVqv2mp,bury,,,,
819c57d281ce0dcee223,GEN 49:29,9,"Mandóles luego, y díjoles: Yo voy a ser reunido con mi pueblo: sepúltenme con mis padres en la cueva que está en el campo de Ephrón el Hetheo;",H853,HTo/Sp1bs,<obj.>/ me,,,,
1ed2a326bec33f1aa682,GEN 49:30,6,"En la cueva que está en el campo de Macpela, que está delante de Mamre en la tierra de Canaán, la cual compró Abraham con el mismo campo de Ephrón el Hetheo, para heredad de sepultura.",H6440,HNcmpc,[the] face of,,,,
ee0eb9c0bb2523c769df,GEN 49:30,15,"En la cueva que está en el campo de Macpela, que está delante de Mamre en la tierra de Canaán, la cual compró Abraham con el mismo campo de Ephrón el Hetheo, para heredad de sepultura.",H854,HR/R,from/ with,,,,
871290d29b5fd1646d78,GEN 49:31,2,Allí sepultaron a Abraham y a Sara su mujer; allí sepultaron a Isaac y a Rebeca su mujer; allí también sepulté yo a Lea.,H853,HTo,<obj.>,,,,
4df7c72696d30296592d,GEN 49:31,4,Allí sepultaron a Abraham y a Sara su mujer; allí sepultaron a Isaac y a Rebeca su mujer; allí también sepulté yo a Lea.,H853,HC/To,and/ <obj.>,,,,
c97e4e0741a08351a9a0,GEN 49:31,9,Allí sepultaron a Abraham y a Sara su mujer; allí sepultaron a Isaac y a Rebeca su mujer; allí también sepulté yo a Lea.,H853,HTo,<obj.>,,,,
d9eb5f71e1d1adc192a0,GEN 49:31,11,Allí sepultaron a Abraham y a Sara su mujer; allí sepultaron a Isaac y a Rebeca su mujer; allí también sepulté yo a Lea.,H853,HC/To,and/ <obj.>,,,,
4b7f5ea25da45bf0715f,GEN 49:31,16,Allí sepultaron a Abraham y a Sara su mujer; allí sepultaron a Isaac y a Rebeca su mujer; allí también sepulté yo a Lea.,H853,HTo,<obj.>,,,,
bc2e4e739c503e593a52,GEN 49:32,4,"La compra del campo y de la cueva que está en él, fue de los hijos de Heth.",H854,HR/R,from/ with,,,,
5a48751ed8842e408720,GEN 49:33,3,"Y como acabó Jacob de dar órdenes a sus hijos, encogió sus pies en la cama, y espiró: y fue reunido con sus padres.",H853,HTo,<obj.>,,,,
4f27b1fa8296e4ee1a5f,GEN 49:33,9,"Y como acabó Jacob de dar órdenes a sus hijos, encogió sus pies en la cama, y espiró: y fue reunido con sus padres.",H1478,Hc/Vqw3ms,and/ he expired,,,,
38af89600729dee83760,GEN 50:2,2,Y mandó José a sus médicos familiares que embalsamasen a su padre: y los médicos embalsamaron a Israel.,H853,HTo,<obj.>,,,,
e60a5a0c48fe316d7951,GEN 50:2,4,Y mandó José a sus médicos familiares que embalsamasen a su padre: y los médicos embalsamaron a Israel.,H853,HTo,<obj.>,,,,
7b3809dd1fb7b0502319,GEN 50:2,7,Y mandó José a sus médicos familiares que embalsamasen a su padre: y los médicos embalsamaron a Israel.,H853,HTo,<obj.>,,,,
ccf999f595fb747fb5a2,GEN 50:2,11,Y mandó José a sus médicos familiares que embalsamasen a su padre: y los médicos embalsamaron a Israel.,H853,HTo,<obj.>,,,,
7ccca2c3d06921f21c95,GEN 50:3,9,"Y cumpliéronle cuarenta días, porque así cumplían los días de los embalsamados, y lloráronlo los Egipcios setenta días.",H853,HTo/Sp3ms,<obj.>/ him,,,,
1d99d95d7944f6ffd5be,GEN 50:3,10,"Y cumpliéronle cuarenta días, porque así cumplían los días de los embalsamados, y lloráronlo los Egipcios setenta días.",H4713,HNpl,Egypt,,,,
50f532829cc86749d051,GEN 50:4,2,"Y pasados los días de su luto, habló José a los de la casa de Faraón, diciendo: Si he hallado ahora gracia en sus ojos, les ruego que hablen en oídos de Faraón, diciendo:",H1068,HNcfsc/Sp3ms,weeping/ his,,,,
dbbf8c2e4f79196baeb1,GEN 50:4,5,"Y pasados los días de su luto, habló José a los de la casa de Faraón, diciendo: Si he hallado ahora gracia en sus ojos, les ruego que hablen en oídos de Faraón, diciendo:",H413,HR,to,,,,
6e30a19ff479691d7db9,GEN 50:4,14,"Y pasados los días de su luto, habló José a los de la casa de Faraón, diciendo: Si he hallado ahora gracia en sus ojos, les ruego que hablen en oídos de Faraón, diciendo:",H1696,HVpv2mp,speak,,,,
9c2028a41dbfd9204f1f,GEN 50:5,4,"Mi padre me conjuró diciendo: He aquí yo muero; en mi sepulcro que yo cavé para mí en la tierra de Canaán, allí me sepultarás; ruego pues que vaya yo ahora, y sepultaré a mi padre, y volveré.",H595,HPp1bs,I,,,,
69778ca09dbbd6416cb8,GEN 50:5,7,"Mi padre me conjuró diciendo: He aquí yo muero; en mi sepulcro que yo cavé para mí en la tierra de Canaán, allí me sepultarás; ruego pues que vaya yo ahora, y sepultaré a mi padre, y volveré.",H834,HTr,which,,,,
a1412258ea75b686fc95,GEN 50:5,17,"Mi padre me conjuró diciendo: He aquí yo muero; en mi sepulcro que yo cavé para mí en la tierra de Canaán, allí me sepultarás; ruego pues que vaya yo ahora, y sepultaré a mi padre, y volveré.",H853,HTo,<obj.>,,,,
e713b00ffe3d71d5915e,GEN 50:6,4,"Y Faraón dijo: Ve, y sepulta a tu padre, como él te conjuró.",H853,HTo,<obj.>,,,,
a8b1009f341e1ae16151,GEN 50:7,6,"Entonces José subió a sepultar a su padre; y subieron con él todos los siervos de Faraón, los ancianos de su casa, y todos los ancianos de la tierra de Egipto,",H854,HR/Sp3ms,with/ him,,,,
18bbe8608a443f8b2f90,GEN 50:9,4,"Y subieron también con él carros y gente de a caballo, e hízose un escuadrón muy grande.",H1571,HD,as well as,,,,
2c6db3b293203cd905de,GEN 50:9,6,"Y subieron también con él carros y gente de a caballo, e hízose un escuadrón muy grande.",H1961,Hc/Vqw3ms,and/ it was,,,,
cbf3d28ddb02290f255c,GEN 50:10,3,"Y llegaron hasta la era de Aten, que está a la otra parte del Jordán, y endecharon allí con grande y muy grave lamentación: y José hizo a su padre duelo por siete días.",H329,HTd/Npl,<the>/ Atad,,,,
85678efa50058c288cba,GEN 50:10,11,"Y llegaron hasta la era de Aten, que está a la otra parte del Jordán, y endecharon allí con grande y muy grave lamentación: y José hizo a su padre duelo por siete días.",H3515,HC/Aamsa,and/ heavy,,,,
088397a0a75dd2d9805c,GEN 50:11,4,"Y viendo los moradores de la tierra, los Cananeos, el llanto en la era de Aten, dijeron: Llanto grande es este de los Egipcios: por eso fue llamado su nombre Abelmizraim, que está a la otra parte del Jordán.",H853,HTo,<obj.>,,,,
af6ced3884a88f256a74,GEN 50:11,7,"Y viendo los moradores de la tierra, los Cananeos, el llanto en la era de Aten, dijeron: Llanto grande es este de los Egipcios: por eso fue llamado su nombre Abelmizraim, que está a la otra parte del Jordán.",H329,HTd/Npl,<the>/ Atad,,,,
57cc2cba94ae3171b7cb,GEN 50:11,18,"Y viendo los moradores de la tierra, los Cananeos, el llanto en la era de Aten, dijeron: Llanto grande es este de los Egipcios: por eso fue llamado su nombre Abelmizraim, que está a la otra parte del Jordán.",H67,HNpl,Mizraim,,,,
499d85762871c671def9,GEN 50:12,2,"Hicieron, pues, sus hijos con él, según les había mandado:",H3651,HD,thus,,,,
e5f75c144f5c8040bbae,GEN 50:13,6,"Pues lleváronlo sus hijos a la tierra de Canaán, y le sepultaron en la cueva del campo de Macpela, la que había comprado Abraham con el mismo campo, para heredad de sepultura, de Ephrón el Hetheo, delante de Mamre.",H853,HTo/Sp3ms,<obj.>/ him,,,,
2bae7dd2b98e2b3819a7,GEN 50:13,13,"Pues lleváronlo sus hijos a la tierra de Canaán, y le sepultaron en la cueva del campo de Macpela, la que había comprado Abraham con el mismo campo, para heredad de sepultura, de Ephrón el Hetheo, delante de Mamre.",H853,HTo,<obj.>,,,,
5138ceade63e7a2356ce,GEN 50:13,17,"Pues lleváronlo sus hijos a la tierra de Canaán, y le sepultaron en la cueva del campo de Macpela, la que había comprado Abraham con el mismo campo, para heredad de sepultura, de Ephrón el Hetheo, delante de Mamre.",H854,HR/R,from/ with,,,,
e519d535227f56ebfb9f,GEN 50:13,21,"Pues lleváronlo sus hijos a la tierra de Canaán, y le sepultaron en la cueva del campo de Macpela, la que había comprado Abraham con el mismo campo, para heredad de sepultura, de Ephrón el Hetheo, delante de Mamre.",H6440,HNcmpc,[the] face of,,,,
ed256ddb56b28fac641a,GEN 50:14,7,"Y tornóse José a Egipto, él y sus hermanos, y todos los que subieron con él a sepultar a su padre, después que le hubo sepultado.",H854,HR/Sp3ms,with/ him,,,,
15fe2002a5d17fa4e497,GEN 50:14,12,"Y tornóse José a Egipto, él y sus hermanos, y todos los que subieron con él a sepultar a su padre, después que le hubo sepultado.",H6912,HVqcc/Sp3ms,had buried/ he,,,,
134396236b26cc65ecf9,GEN 50:14,13,"Y tornóse José a Egipto, él y sus hermanos, y todos los que subieron con él a sepultar a su padre, después que le hubo sepultado.",H853,HTo,<obj.>,,,,
32a91dd9d079e67608ab,GEN 50:14,14,"Y tornóse José a Egipto, él y sus hermanos, y todos los que subieron con él a sepultar a su padre, después que le hubo sepultado.",H1,HNcmsc/Sp3ms,father/ his,,,,
99e91862b24f1a187561,GEN 50:15,12,"Y viendo los hermanos de José que su padre era muerto, dijeron: Quizá nos aborrecerá José, y nos dará el pago de todo el mal que le hicimos.",H853,HTo,<obj.>,,,,
79a6c88f94a17181c919,GEN 50:15,17,"Y viendo los hermanos de José que su padre era muerto, dijeron: Quizá nos aborrecerá José, y nos dará el pago de todo el mal que le hicimos.",H853,HTo/Sp3ms,<obj.>/ him,,,,
ab4aab81931c4685f74c,GEN 50:16,1,"Y enviaron a decir a José: Tu padre mandó antes de su muerte, diciendo:",H413,HR,to,,,,
cc62af436c3a8f29a38c,GEN 50:16,7,"Y enviaron a decir a José: Tu padre mandó antes de su muerte, diciendo:",H4194,HNcmsc/Sp3ms,death/ his,,,,
369203a3f2aca895b773,GEN 50:17,1,"Así dirán a José: Ruégote que perdones ahora la maldad de tus hermanos y su pecado, porque mal te trataron: por tanto ahora te rogamos que perdones la maldad de los siervos del Dios de tu padre. Y José lloró mientras hablaban.",H559,HVqi2mp,you will say,,,,
91f68d42d8ad6e7a28e5,GEN 50:17,22,"Así dirán a José: Ruégote que perdones ahora la maldad de tus hermanos y su pecado, porque mal te trataron: por tanto ahora te rogamos que perdones la maldad de los siervos del Dios de tu padre. Y José lloró mientras hablaban.",H413,HR/Sp3ms,to/ him,,,,
2b870788d18db9d63fb9,GEN 50:18,0,"Y vinieron también sus hermanos, y postráronse delante de él, y dijeron: Henos aquí por tus siervos.",H1980,Hc/Vqw3mp,and/ they went,,,,
1d9b5dac415e781c5419,GEN 50:19,1,Y respondióles José: No teman: ¿estoy yo en lugar de Dios?,H413,HR/Sp3mp,to/ them,,,,
c55d3ff0ff1bb9f85ea3,GEN 50:19,4,Y respondióles José: No teman: ¿estoy yo en lugar de Dios?,H3372,HVqj2mp,you fear,,,,
8ab0ce96008f75e8bdb5,GEN 50:19,5,Y respondióles José: No teman: ¿estoy yo en lugar de Dios?,H3588,HTc,that,,,,
3e07e23d948837075296,GEN 50:20,0,"Ustedes pensaron mal sobre mí, pero Dios lo encaminó a bien, para hacer lo que vemos hoy, para mantener en vida a mucho pueblo.",H859,HC/Pp2mp,and/ you,,,,
05232e1d79cec2f3d251,GEN 50:20,2,"Ustedes pensaron mal sobre mí, pero Dios lo encaminó a bien, para hacer lo que vemos hoy, para mantener en vida a mucho pueblo.",H5921,HR/Sp1bs,on/ me,,,,
02b41fafbadc782fc0a8,GEN 50:20,5,"Ustedes pensaron mal sobre mí, pero Dios lo encaminó a bien, para hacer lo que vemos hoy, para mantener en vida a mucho pueblo.",H2803,HVqp3ms/Sp3fs,he planned/ it,,,,
797d977bde2a9c80af90,GEN 50:20,7,"Ustedes pensaron mal sobre mí, pero Dios lo encaminó a bien, para hacer lo que vemos hoy, para mantener en vida a mucho pueblo.",H4616,HTc,so as,,,,
bb170d98fef42cff8c1f,GEN 50:20,10,"Ustedes pensaron mal sobre mí, pero Dios lo encaminó a bien, para hacer lo que vemos hoy, para mantener en vida a mucho pueblo.",H2088,HTd/Tm,<the>/ this,,,,
45d250a993dc8f2a786d,GEN 50:21,5,"Ahora, pues, no tengan miedo; yo les sustentaré a ustedes y a sus hijos. Así los consoló, y les habló al corazón.",H853,HTo/Sp2mp,<obj.>/ you,,,,
9c3c014a4da984f342b2,GEN 50:21,6,"Ahora, pues, no tengan miedo; yo les sustentaré a ustedes y a sus hijos. Así los consoló, y les habló al corazón.",H853,HC/To,and/ <obj.>,,,,
532df071d22e3855829b,GEN 50:21,9,"Ahora, pues, no tengan miedo; yo les sustentaré a ustedes y a sus hijos. Así los consoló, y les habló al corazón.",H853,HTo/Sp3mp,<obj.>/ them,,,,
a8429575c21addbe7ca2,GEN 50:22,0,"Y estuvo José en Egipto, él y la casa de su padre: y vivió José ciento diez años.",H3427,Hc/Vqw3ms,and/ he remained,,,,
165dbd86e3a8600106ab,GEN 50:24,2,"Y José dijo a sus hermanos: Yo me muero; pero Dios ciertamente les visitará, y les hará subir de esta tierra a la tierra que juró a Abraham, a Isaac, y a Jacob.",H413,HR,to,,,,
978581ec8f38177ef570,GEN 50:24,9,"Y José dijo a sus hermanos: Yo me muero; pero Dios ciertamente les visitará, y les hará subir de esta tierra a la tierra que juró a Abraham, a Isaac, y a Jacob.",H853,HTo/Sp2mp,<obj.>/ you,,,,
8e3a33442549df2e2ba1,GEN 50:24,11,"Y José dijo a sus hermanos: Yo me muero; pero Dios ciertamente les visitará, y les hará subir de esta tierra a la tierra que juró a Abraham, a Isaac, y a Jacob.",H853,HTo/Sp2mp,<obj.>/ you,,,,
5d9578aea58f7f81811d,GEN 50:24,14,"Y José dijo a sus hermanos: Yo me muero; pero Dios ciertamente les visitará, y les hará subir de esta tierra a la tierra que juró a Abraham, a Isaac, y a Jacob.",H2063,HTd/Tm,<the>/ this,,,,
99376e028fc6025defb2,GEN 50:24,15,"Y José dijo a sus hermanos: Yo me muero; pero Dios ciertamente les visitará, y les hará subir de esta tierra a la tierra que juró a Abraham, a Isaac, y a Jacob.",H413,HR,to,,,,
77841cbdbf79f4f968b8,GEN 50:25,2,"Y conjuró José a los hijos de Israel, diciendo: Dios ciertamente les visitará, y harán llevar de aquí mis huesos.",H853,HTo,<obj.>,,,,
243f8cd181c62e3e3486,GEN 50:25,9,"Y conjuró José a los hijos de Israel, diciendo: Dios ciertamente les visitará, y harán llevar de aquí mis huesos.",H853,HTo/Sp2mp,<obj.>/ you,,,,
8574b66d9672f92920d3,GEN 50:25,11,"Y conjuró José a los hijos de Israel, diciendo: Dios ciertamente les visitará, y harán llevar de aquí mis huesos.",H853,HTo,<obj.>,,,,
1f6292c1cbb859749df6,GEN 50:26,7,"Y murió José de edad de ciento diez años; y embalsamáronlo, y fue puesto en un ataúd en Egipto.",H853,HTo/Sp3ms,<obj.>/ him,,,,
e9debf9d67024c9ca92d,GEN 50:26,8,"Y murió José de edad de ciento diez años; y embalsamáronlo, y fue puesto en un ataúd en Egipto.",H3455,Hc/Vqw3ms,and/ he was put,,,,
